#Sigma profiles bla bla bla,,,,,,,,,,,,,,,,,,,,,,,,,,,,,,,,,,,,,,,,,,,,,,,,,,,
-0.025,-0.024,-0.023,-0.022,-0.021,-0.02,-0.019,-0.018,-0.017,-0.016,-0.015,-0.014,-0.013,-0.012,-0.011,-0.01,-0.009,-0.008,-0.007,-0.006,-0.005,-0.004,-0.003,-0.002,-0.001,0,0.001,0.002,0.003,0.004,0.005,0.006,0.007,0.008,0.009,0.01,0.011,0.012,0.013,0.014,0.015,0.016,0.017,0.018,0.019,0.02,0.021,0.022,0.023,0.024,0.025,Boiling Temp. /ºC
0,0,0,0,0,0,0,0,0,0,0,0,0,0,0,0,0,0,0,0,0,2.708205,5.456915,8.984792,5.889703,6.030131,7.290417,15.823607,3.82367,0,0,0,0,0,0,0,0,0,0,0,0,0,0,0,0,0,0,0,0,0,0,-161.5
0,0,0,0,0,0,0,0,0,0,0,0,0,0,0,0,0,0,0,0,0,0.1988,7.401171,9.896691,15.425347,10.103005,14.971026,17.035798,2.527472,0,0,0,0,0,0,0,0,0,0,0,0,0,0,0,0,0,0,0,0,0,0,-88.6
0,0,0,0,0,0,0,0,0,0,0,0,0,0,0,0,0,0,0,0,0,0.553394,9.494942,14.112157,19.264154,13.060331,15.98827,16.810671,7.990058,0.351873,0,0,0,0,0,0,0,0,0,0,0,0,0,0,0,0,0,0,0,0,0,-42.11
0,0,0,0,0,0,0,0,0,0,0,0,0,0,0,0,0,0,0,0,0,0.634895,11.466097,18.13855,24.11081,14.930241,14.543013,17.152283,13.820337,0.898955,0,0,0,0,0,0,0,0,0,0,0,0,0,0,0,0,0,0,0,0,0,-11.7
0,0,0,0,0,0,0,0,0,0,0,0,0,0,0,0,0,0,0,0,0,0.544588,9.800654,17.897266,23.907751,17.54354,18.258404,19.214298,9.843345,0.333544,0,0,0,0,0,0,0,0,0,0,0,0,0,0,0,0,0,0,0,0,0,-0.5
0,0,0,0,0,0,0,0,0,0,0,0,0,0,0,0,0,0,0,0,0,0.535564,9.995778,21.593447,28.972905,21.779317,21.597412,20.488964,11.906395,0.3846,0,0,0,0,0,0,0,0,0,0,0,0,0,0,0,0,0,0,0,0,0,36.06
0,0,0,0,0,0,0,0,0,0,0,0,0,0,0,0,0,0,0,0,0,0.702778,12.64689,20.195147,27.514644,17.994015,19.249474,21.074271,13.10489,0.961431,0,0,0,0,0,0,0,0,0,0,0,0,0,0,0,0,0,0,0,0,0,27.83
0,0,0,0,0,0,0,0,0,0,0,0,0,0,0,0,0,0,0,0,0,0.941707,14.386381,24.135278,24.966042,12.701924,12.995752,18.481007,20.218518,1.423189,0,0,0,0,0,0,0,0,0,0,0,0,0,0,0,0,0,0,0,0,0,9.5
0,0,0,0,0,0,0,0,0,0,0,0,0,0,0,0,0,0,0,0,0,0.534265,10.468584,24.746687,34.131197,26.063875,24.865389,22.175454,13.839689,0.36279,0,0,0,0,0,0,0,0,0,0,0,0,0,0,0,0,0,0,0,0,0,68.72
0,0,0,0,0,0,0,0,0,0,0,0,0,0,0,0,0,0,0,0,0,0.658148,12.952477,23.944564,32.623913,21.977495,22.390992,22.538345,15.028396,1.085801,0,0,0,0,0,0,0,0,0,0,0,0,0,0,0,0,0,0,0,0,0,60.21
0,0,0,0,0,0,0,0,0,0,0,0,0,0,0,0,0,0,0,0,0,1.165093,13.700186,21.604672,30.853126,21.354221,23.470263,26.084656,11.860603,0.90942,0,0,0,0,0,0,0,0,0,0,0,0,0,0,0,0,0,0,0,0,0,63.3
0,0,0,0,0,0,0,0,0,0,0,0,0,0,0,0,0,0,0,0,0,0.890525,15.515757,25.041891,28.508711,16.131465,18.285909,21.960149,18.217488,1.718564,0,0,0,0,0,0,0,0,0,0,0,0,0,0,0,0,0,0,0,0,0,49.7
0,0,0,0,0,0,0,0,0,0,0,0,0,0,0,0,0,0,0,0,0,0.876566,14.920147,22.898951,29.203239,20.00306,19.427488,22.483183,15.589249,1.944876,0,0,0,0,0,0,0,0,0,0,0,0,0,0,0,0,0,0,0,0,0,58
0,0,0,0,0,0,0,0,0,0,0,0,0,0,0,0,0,0,0,0,0,0.527078,10.876584,28.072473,39.324148,30.066794,28.341227,23.341796,16.112178,0.272002,0,0,0,0,0,0,0,0,0,0,0,0,0,0,0,0,0,0,0,0,0,98.38
0,0,0,0,0,0,0,0,0,0,0,0,0,0,0,0,0,0,0,0,0,0.621011,13.356032,27.489948,37.705552,26.121154,25.2733,24.787944,16.890629,1.070029,0,0,0,0,0,0,0,0,0,0,0,0,0,0,0,0,0,0,0,0,0,90
0,0,0,0,0,0,0,0,0,0,0,0,0,0,0,0,0,0,0,0,0,0.840826,12.775871,24.710903,35.525918,26.552817,25.324907,27.370219,12.737653,0.763094,0,0,0,0,0,0,0,0,0,0,0,0,0,0,0,0,0,0,0,0,0,93.4
0,0,0,0,0,0,0,0,0,0,0,0,0,0,0,0,0,0,0,0,0,0.753484,15.739656,28.256805,34.70336,19.941528,21.126116,23.674465,19.687506,2.10416,0,0,0,0,0,0,0,0,0,0,0,0,0,0,0,0,0,0,0,0,0,79.2
0,0,0,0,0,0,0,0,0,0,0,0,0,0,0,0,0,0,0,0,0,0.969812,16.808836,22.631469,35.193671,21.948217,23.729215,27.059941,14.898328,1.765292,0,0,0,0,0,0,0,0,0,0,0,0,0,0,0,0,0,0,0,0,0,89.8
0,0,0,0,0,0,0,0,0,0,0,0,0,0,0,0,0,0,0,0,0,0.677763,13.410228,27.031995,36.685458,25.032711,21.346664,23.794096,17.803431,1.600454,0,0,0,0,0,0,0,0,0,0,0,0,0,0,0,0,0,0,0,0,0,80.4
0,0,0,0,0,0,0,0,0,0,0,0,0,0,0,0,0,0,0,0,0.09785,1.941128,14.986123,27.483698,29.772867,19.997899,22.167014,25.370503,17.735777,1.712212,0,0,0,0,0,0,0,0,0,0,0,0,0,0,0,0,0,0,0,0,0,86
0,0,0,0,0,0,0,0,0,0,0,0,0,0,0,0,0,0,0,0,0,1.105267,19.344966,24.872633,29.844517,18.486642,19.781068,22.418457,20.699062,2.608047,0,0,0,0,0,0,0,0,0,0,0,0,0,0,0,0,0,0,0,0,0,80.8
0,0,0,0,0,0,0,0,0,0,0,0,0,0,0,0,0,0,0,0,0,0.523937,11.247252,31.223987,44.667164,34.268944,31.934651,25.110121,17.66163,0.390705,0,0,0,0,0,0,0,0,0,0,0,0,0,0,0,0,0,0,0,0,0,125.62
0,0,0,0,0,0,0,0,0,0,0,0,0,0,0,0,0,0,0,0,0,0.606969,13.326962,31.14915,43.0732,30.024617,29.254221,25.908162,18.674487,1.120821,0,0,0,0,0,0,0,0,0,0,0,0,0,0,0,0,0,0,0,0,0,117.6
0,0,0,0,0,0,0,0,0,0,0,0,0,0,0,0,0,0,0,0,0,1.078659,13.980252,29.329563,41.174464,29.255731,29.779257,29.509034,15.755133,0.996859,0,0,0,0,0,0,0,0,0,0,0,0,0,0,0,0,0,0,0,0,0,118.9
0,0,0,0,0,0,0,0,0,0,0,0,0,0,0,0,0,0,0,0,0,0.817695,14.815364,29.015658,40.824886,29.142472,30.248677,29.227126,15.812772,1.110341,0,0,0,0,0,0,0,0,0,0,0,0,0,0,0,0,0,0,0,0,0,117.7
0,0,0,0,0,0,0,0,0,0,0,0,0,0,0,0,0,0,0,0,0,0.6381,13.495871,28.398355,40.159997,30.594262,29.019963,28.577732,14.92639,0.85831,0,0,0,0,0,0,0,0,0,0,0,0,0,0,0,0,0,0,0,0,0,118.5
0,0,0,0,0,0,0,0,0,0,0,0,0,0,0,0,0,0,0,0,0,0.765049,15.783329,33.298531,38.351722,23.490514,24.822435,25.146673,22.284205,1.883992,0,0,0,0,0,0,0,0,0,0,0,0,0,0,0,0,0,0,0,0,0,106.8
0,0,0,0,0,0,0,0,0,0,0,0,0,0,0,0,0,0,0,0,0,0.903589,16.358968,28.415688,38.4199,26.248229,27.550367,28.327816,16.802017,1.877047,0,0,0,0,0,0,0,0,0,0,0,0,0,0,0,0,0,0,0,0,0,115.6
0,0,0,0,0,0,0,0,0,0,0,0,0,0,0,0,0,0,0,0,0,1.078605,14.152565,29.320339,39.807089,28.064006,25.921401,28.495739,16.833446,1.49787,0,0,0,0,0,0,0,0,0,0,0,0,0,0,0,0,0,0,0,0,0,109.4
0,0,0,0,0,0,0,0,0,0,0,0,0,0,0,0,0,0,0,0,0,0.683049,15.076716,30.544621,42.237576,25.575642,26.203968,26.61753,19.580022,1.810726,0,0,0,0,0,0,0,0,0,0,0,0,0,0,0,0,0,0,0,0,0,109.1
0,0,0,0,0,0,0,0,0,0,0,0,0,0,0,0,0,0,0,0,0,1.376174,16.08176,30.403168,36.225917,23.017146,26.145999,26.433491,19.13033,2.072975,0,0,0,0,0,0,0,0,0,0,0,0,0,0,0,0,0,0,0,0,0,111.9
0,0,0,0,0,0,0,0,0,0,0,0,0,0,0,0,0,0,0,0,0,2.345093,16.968183,23.401125,37.998114,25.112889,29.899553,31.945543,13.495543,1.367956,0,0,0,0,0,0,0,0,0,0,0,0,0,0,0,0,0,0,0,0,0,117.7
0,0,0,0,0,0,0,0,0,0,0,0,0,0,0,0,0,0,0,0,0,2.132726,15.53844,25.390059,37.848154,26.957197,25.731578,30.518939,15.462562,1.386505,0,0,0,0,0,0,0,0,0,0,0,0,0,0,0,0,0,0,0,0,0,115.6
0,0,0,0,0,0,0,0,0,0,0,0,0,0,0,0,0,0,0,0,0.047201,1.70312,15.25289,27.70399,34.736087,24.320925,27.157108,28.7153,15.384735,1.716294,0,0,0,0,0,0,0,0,0,0,0,0,0,0,0,0,0,0,0,0,0,118.2
0,0,0,0,0,0,0,0,0,0,0,0,0,0,0,0,0,0,0,0,0,1.657989,19.389406,26.647627,34.924572,20.631927,23.95963,27.44328,19.612074,2.440925,0,0,0,0,0,0,0,0,0,0,0,0,0,0,0,0,0,0,0,0,0,109.8
0,0,0,0,0,0,0,0,0,0,0,0,0,0,0,0,0,0,0,0,0,1.205445,17.246729,31.200307,36.768811,21.247949,20.756453,25.796924,23.184009,2.193155,0,0,0,0,0,0,0,0,0,0,0,0,0,0,0,0,0,0,0,0,0,99.2
0,0,0,0,0,0,0,0,0,0,0,0,0,0,0,0,0,0,0,0,0,1.274411,20.288667,24.51848,34.159352,21.88518,24.89019,26.614304,18.32193,2.670277,0,0,0,0,0,0,0,0,0,0,0,0,0,0,0,0,0,0,0,0,0,114.7
0,0,0,0,0,0,0,0,0,0,0,0,0,0,0,0,0,0,0,0,0,1.807995,18.298278,24.981341,35.890423,24.203917,24.207029,25.752971,19.121987,2.30237,0,0,0,0,0,0,0,0,0,0,0,0,0,0,0,0,0,0,0,0,0,113.4
0,0,0,0,0,0,0,0,0,0,0,0,0,0,0,0,0,0,0,0,0,2.695417,23.481905,23.50526,30.643403,19.436537,18.446658,22.182494,27.414393,2.330543,0,0,0,0,0,0,0,0,0,0,0,0,0,0,0,0,0,0,0,0,0,106.32
0,0,0,0,0,0,0,0,0,0,0,0,0,0,0,0,0,0,0,0,0,0.547396,11.600256,34.5365,50.025538,38.298026,35.279553,26.351282,19.984615,0.306624,0,0,0,0,0,0,0,0,0,0,0,0,0,0,0,0,0,0,0,0,0,150.8
0,0,0,0,0,0,0,0,0,0,0,0,0,0,0,0,0,0,0,0,0,0.827257,18.937991,34.952022,42.467978,23.874268,24.788918,28.501142,24.693598,2.556447,0,0,0,0,0,0,0,0,0,0,0,0,0,0,0,0,0,0,0,0,0,124
0,0,0,0,0,0,0,0,0,0,0,0,0,0,0,0,0,0,0,0,0,2.350543,19.350249,31.592296,43.837679,28.807502,29.75431,33.888868,20.055584,2.513348,0,0,0,0,0,0,0,0,0,0,0,0,0,0,0,0,0,0,0,0,0,157
0,0,0,0,0,0,0,0,0,0,0,0,0,0,0,0,0,0,0,0,0.075098,1.817287,18.674181,30.558075,39.196958,25.963117,25.496381,28.447306,21.622096,2.627113,0,0,0,0,0,0,0,0,0,0,0,0,0,0,0,0,0,0,0,0,0,130.6
0,0,0,0,0,0,0,0,0,0,0,0,0,0,0,0,0,0,0,0,0,0.23356,13.305825,32.870343,38.088564,26.089245,31.375024,30.84489,15.453115,0.502523,0,0,0,0,0,0,0,0,0,0,0,0,0,0,0,0,0,0,0,0,0,146.2
0,0,0,0,0,0,0,0,0,0,0,0,0,0,0,0,0,0,0,0,0,1.056224,21.139688,27.645098,33.61048,24.379093,25.675335,28.276546,21.828229,1.099917,0,0,0,0,0,0,0,0,0,0,0,0,0,0,0,0,0,0,0,0,0,140.2
0,0,0,0,0,0,0,0,0,0,0,0,0,0,0,0,0,0,0,0,0,2.104208,18.864751,29.171067,37.992712,24.863537,22.362658,26.829514,22.73315,2.986774,0,0,0,0,0,0,0,0,0,0,0,0,0,0,0,0,0,0,0,0,0,133
0,0,0,0,0,0,0,0,0,0,0,0,0,0,0,0,0,0,0,0,0,1.636955,19.396861,35.43355,37.524455,20.379514,18.978936,24.58018,28.76733,3.1978,0,0,0,0,0,0,0,0,0,0,0,0,0,0,0,0,0,0,0,0,0,122.2
0,0,0,0,0,0,0,0,0,0,0,0,0,0,0,0,0,0,0,0,0.046093,1.986939,18.068332,30.339922,38.078987,23.436592,22.386129,25.969132,22.366403,3.444652,0,0,0,0,0,0,0,0,0,0,0,0,0,0,0,0,0,0,0,0,0,141.5
0,0,0,0,0,0,0,0,0,0,0,0,0,0,0,0,0,0,0,0,0,0.229355,28.035782,94.675069,146.263005,105.843854,97.570982,80.919715,47.424502,1.122067,0,0,0,0,0,0,0,0,0,0,0,0,0,0,0,0,0,0,0,0,0,420
0,0,0,0,0,0,0,0,0,0,0,0,0,0,0,0,0,0,0,0,0,0.568445,12.078127,37.926604,54.79375,42.844893,38.401206,28.090865,21.876442,0.356948,0,0,0,0,0,0,0,0,0,0,0,0,0,0,0,0,0,0,0,0,0,174.1
0,0,0,0,0,0,0,0,0,0,0,0,0,0,0,0,0,0,0,0,0,2.208094,25.023881,29.317716,37.486658,26.091339,27.878316,28.54838,24.766088,3.597868,0,0,0,0,0,0,0,0,0,0,0,0,0,0,0,0,0,0,0,0,0,160
0,0,0,0,0,0,0,0,0,0,0,0,0,0,0,0,0,0,0,0,0,0.96911,21.276099,40.070373,42.738196,23.351281,23.81977,28.190754,29.811996,3.46683,0,0,0,0,0,0,0,0,0,0,0,0,0,0,0,0,0,0,0,0,0,137
0,0,0,0,0,0,0,0,0,0,0,0,0,0,0,0,0,0,0,0,0,0.549354,12.411623,40.94534,60.471835,46.63683,42.204359,29.426466,23.730845,0.356508,0,0,0,0,0,0,0,0,0,0,0,0,0,0,0,0,0,0,0,0,0,195.9
0,0,0,0,0,0,0,0,0,0,0,0,0,0,0,0,0,0,0,0,0,0.562176,12.795956,44.394148,65.374165,50.916719,45.559433,31.073054,25.602185,0.380503,0,0,0,0,0,0,0,0,0,0,0,0,0,0,0,0,0,0,0,0,0,216.3
0,0,0,0,0,0,0,0,0,0,0,0,0,0,0,0,0,0,0,0,0,0.538478,12.958067,48.694594,69.365945,55.636572,49.438858,32.753385,26.719427,0.767673,0,0,0,0,0,0,0,0,0,0,0,0,0,0,0,0,0,0,0,0,0,235.4
0,0,0,0,0,0,0,0,0,0,0,0,0,0,0,0,0,0,0,0,0,0.528937,13.466433,51.404532,74.967387,59.733665,53.139878,34.788193,28.336442,0.632843,0,0,0,0,0,0,0,0,0,0,0,0,0,0,0,0,0,0,0,0,0,253.5
0,0,0,0,0,0,0,0,0,0,0,0,0,0,0,0,0,0,0,0,0,0.555218,13.823662,54.671468,80.055712,63.918661,56.388082,36.359652,30.283771,0.637504,0,0,0,0,0,0,0,0,0,0,0,0,0,0,0,0,0,0,0,0,0,270.6
0,0,0,0,0,0,0,0,0,0,0,0,0,0,0,0,0,0,0,0,0,0.534222,14.218599,57.592096,85.798421,68.367338,59.499113,37.752737,32.453495,0.649339,0,0,0,0,0,0,0,0,0,0,0,0,0,0,0,0,0,0,0,0,0,286.9
0,0,0,0,0,0,0,0,0,0,0,0,0,0,0,0,0,0,0,0,0,0.538795,14.399331,60.268222,92.146493,72.033011,63.249661,39.37659,34.082538,0.484729,0,0,0,0,0,0,0,0,0,0,0,0,0,0,0,0,0,0,0,0,0,303
0,0,0,0,0,0,0,0,0,0,0,0,0,0,0,0,0,0,0,0,0,0.515019,15.403955,63.697531,96.201826,76.711888,66.031077,40.514672,36.188483,1.001399,0,0,0,0,0,0,0,0,0,0,0,0,0,0,0,0,0,0,0,0,0,316
0,0,0,0,0,0,0,0,0,0,0,0,0,0,0,0,0,0,0,0,0,0.549203,15.532123,66.91072,101.682471,80.634193,70.040872,42.221654,37.614415,0.946898,0,0,0,0,0,0,0,0,0,0,0,0,0,0,0,0,0,0,0,0,0,330
0,0,0,0,0,0,0,0,0,0,0,0,0,0,0,0,0,0,0,0,0,0.76132,16.450285,39.949519,48.722796,32.158253,31.566169,28.128277,25.80741,2.15894,0,0,0,0,0,0,0,0,0,0,0,0,0,0,0,0,0,0,0,0,0,154
0,0,0,0,0,0,0,0,0,0,0,0,0,0,0,0,0,0,0,0,0,0.53357,16.332854,70.461525,106.150817,86.155234,72.058225,43.212565,40.156982,1.478428,0,0,0,0,0,0,0,0,0,0,0,0,0,0,0,0,0,0,0,0,0,344.1
0,0,0,0,0,0,0,0,0,0,0,0,0,0,0,0,0,0,0,0,0,0.546225,16.371653,73.27693,112.071771,89.085954,77.072045,45.60195,40.985296,1.060806,0,0,0,0,0,0,0,0,0,0,0,0,0,0,0,0,0,0,0,0,0,359
0,0,0,0,0,0,0,0,0,0,0,0,0,0,0,0,0,0,0,0,0,0.553814,17.064179,76.371939,116.931208,94.306563,79.10199,46.304762,43.509174,1.565813,0,0,0,0,0,0,0,0,0,0,0,0,0,0,0,0,0,0,0,0,0,369
0,0,0,0,0,0,0,0,0,0,0,0,0,0,0,0,0,0,0,0,0,0.542988,16.996807,79.805703,122.572273,97.896799,83.752466,48.713494,44.98235,1.007229,0,0,0,0,0,0,0,0,0,0,0,0,0,0,0,0,0,0,0,0,0,381
0,0,0,0,0,0,0,0,0,0,0,0,0,0,0,0,0,0,0,0,0,0.523654,17.844406,82.557456,127.653729,101.588789,87.106137,50.223589,46.651579,1.249431,0,0,0,0,0,0,0,0,0,0,0,0,0,0,0,0,0,0,0,0,0,391
0,0,0,0,0,0,0,0,0,0,0,0,0,0,0,0,0,0,0,0,0,0.554077,18.040671,85.998272,132.965983,106.017432,90.536371,51.36999,48.693398,1.358507,0,0,0,0,0,0,0,0,0,0,0,0,0,0,0,0,0,0,0,0,0,401.9
0,0,0,0,0,0,0,0,0,0,0,0,0,0,0,0,0,0,0,0,0,0.531507,18.300507,89.511751,137.961178,110.558959,94.150978,53.504555,50.503295,1.115339,0,0,0,0,0,0,0,0,0,0,0,0,0,0,0,0,0,0,0,0,0,415
0,0,0,0,0,0,0,0,0,0,0,0,0,0,0,0,0,0,0,0,0,0.545963,18.757464,92.503877,143.494152,114.313655,97.79169,54.718379,52.238501,1.293537,0,0,0,0,0,0,0,0,0,0,0,0,0,0,0,0,0,0,0,0,0,442
0,0,0,0,0,0,0,0,0,0,0,0,0,0,0,0,0,0,0,0,0,0.88277,15.395215,35.226938,51.737986,37.616467,36.556903,32.599313,19.380302,1.172446,0,0,0,0,0,0,0,0,0,0,0,0,0,0,0,0,0,0,0,0,0,168
0,0,0,0,0,0,0,0,0,0,0,0,0,0,0,0,0,0,0,0,0,0.628255,14.462663,37.31547,53.312476,38.627577,35.686898,29.050297,22.557504,1.246281,0,0,0,0,0,0,0,0,0,0,0,0,0,0,0,0,0,0,0,0,0,167
0,0,0,0,0,0,0,0,0,0,0,0,0,0,0,0,0,0,0,0,0,0.793202,14.99983,36.821577,50.761264,37.467135,36.772043,32.417704,19.446654,1.264501,0,0,0,0,0,0,0,0,0,0,0,0,0,0,0,0,0,0,0,0,0,166
0,0,0,0,0,0,0,0,0,0,0,0,0,0,0,0,0,0,0,0,0,0.80683,14.754582,36.563782,51.268187,37.187558,36.597432,33.291399,19.010208,1.049482,0,0,0,0,0,0,0,0,0,0,0,0,0,0,0,0,0,0,0,0,0,164
0,0,0,0,0,0,0,0,0,0,0,0,0,0,0,0,0,0,0,0,0,1.123621,22.801813,55.107131,62.830144,40.534089,35.145476,44.858785,37.247177,0.993284,0,0,0,0,0,0,0,0,0,0,0,0,0,0,0,0,0,0,0,0,0,246
0,0,0,0,0,0,0,0,0,0,0,0,0,0,0,0,0,0,0,0,0,0.633716,13.987444,34.088267,48.113449,34.564051,32.114118,27.553784,20.538011,1.268201,0,0,0,0,0,0,0,0,0,0,0,0,0,0,0,0,0,0,0,0,0,143
0,0,0,0,0,0,0,0,0,0,0,0,0,0,0,0,0,0,0,0,0,0.942567,14.630854,32.389553,46.389889,33.410287,33.235031,31.023946,17.528224,1.078118,0,0,0,0,0,0,0,0,0,0,0,0,0,0,0,0,0,0,0,0,0,144
0,0,0,0,0,0,0,0,0,0,0,0,0,0,0,0,0,0,0,0,0,0.721473,14.98311,32.792381,45.88256,33.253292,33.227479,31.245729,17.491448,1.112418,0,0,0,0,0,0,0,0,0,0,0,0,0,0,0,0,0,0,0,0,0,142
0,0,0,0,0,0,0,0,0,0,0,0,0,0,0,0,0,0,0,0,0,0.664198,13.618254,31.749768,45.48737,34.605142,32.664017,30.383387,16.575778,0.785017,0,0,0,0,0,0,0,0,0,0,0,0,0,0,0,0,0,0,0,0,0,143.1
0,0,0,0,0,0,0,0,0,0,0,0,0,0,0,0,0,0,0,0,0,0.758116,15.96487,36.849034,43.523808,28.125441,28.139903,26.58018,23.899536,2.106663,0,0,0,0,0,0,0,0,0,0,0,0,0,0,0,0,0,0,0,0,0,133
0,0,0,0,0,0,0,0,0,0,0,0,0,0,0,0,0,0,0,0,0,1.026003,15.614867,42.071275,61.996768,46.14489,43.831709,35.781824,22.815075,1.102649,0,0,0,0,0,0,0,0,0,0,0,0,0,0,0,0,0,0,0,0,0,212
0,0,0,0,0,0,0,0,0,0,0,0,0,0,0,0,0,0,0,0,0,0.776457,11.582727,14.590988,19.606,18.236631,10.0231,16.632063,12.747598,0.541705,0,0,0,0,0,0,0,0,0,0,0,0,0,0,0,0,0,0,0,0,0,12.5
0,0,0,0,0,0,0,0,0,0,0,0,0,0,0,0,0,0,0,0,0,0.177075,8.046132,19.360784,24.822246,23.861497,14.587549,17.221001,11.885316,0.04331,0,0,0,0,0,0,0,0,0,0,0,0,0,0,0,0,0,0,0,0,0,49.2
0,0,0,0,0,0,0,0,0,0,0,0,0,0,0,0,0,0,0,0,0,0.31039,9.173547,22.177295,29.886512,25.722307,18.494393,18.287686,14.061463,0.326347,0,0,0,0,0,0,0,0,0,0,0,0,0,0,0,0,0,0,0,0,0,71.8
0,0,0,0,0,0,0,0,0,0,0,0,0,0,0,0,0,0,0,0,0,0.191162,9.046975,25.214762,34.48413,29.393997,23.02095,20.654321,13.979996,0.420138,0,0,0,0,0,0,0,0,0,0,0,0,0,0,0,0,0,0,0,0,0,103.5
0,0,0,0,0,0,0,0,0,0,0,0,0,0,0,0,0,0,0,0,0,0.394186,12.671455,27.410158,31.232808,22.106272,16.395754,21.949228,19.045451,0.850138,0,0,0,0,0,0,0,0,0,0,0,0,0,0,0,0,0,0,0,0,0,87.8
0,0,0,0,0,0,0,0,0,0,0,0,0,0,0,0,0,0,0,0,0,0.321187,10.382499,24.62807,33.804264,26.922606,20.119185,20.02682,15.179217,1.204573,0,0,0,0,0,0,0,0,0,0,0,0,0,0,0,0,0,0,0,0,0,99.5
0,0,0,0,0,0,0,0,0,0,0,0,0,0,0,0,0,0,0,0,0,0.481485,12.234103,23.039876,31.599577,26.798674,20.543199,24.108513,13.37233,0.681394,0,0,0,0,0,0,0,0,0,0,0,0,0,0,0,0,0,0,0,0,0,91.9
0,0,0,0,0,0,0,0,0,0,0,0,0,0,0,0,0,0,0,0,0,0.505121,9.914781,24.67351,34.219553,29.963941,21.19627,20.593485,14.8467,0.923769,0,0,0,0,0,0,0,0,0,0,0,0,0,0,0,0,0,0,0,0,0,91.7
0,0,0,0,0,0,0,0,0,0,0,0,0,0,0,0,0,0,0,0,0,0.466154,12.515566,23.878811,31.49856,25.32398,20.441366,25.202922,13.334141,0.820471,0,0,0,0,0,0,0,0,0,0,0,0,0,0,0,0,0,0,0,0,0,90.7
0,0,0,0,0,0,0,0,0,0,0,0,0,0,0,0,0,0,0,0,0,0.250442,9.736139,28.490412,39.664054,32.643676,26.718945,22.424841,16.035428,0.415302,0,0,0,0,0,0,0,0,0,0,0,0,0,0,0,0,0,0,0,0,0,130.9
0,0,0,0,0,0,0,0,0,0,0,0,0,0,0,0,0,0,0,0,0,0.183941,10.739401,28.206119,38.381934,29.623093,24.211507,21.94938,16.787704,1.142091,0,0,0,0,0,0,0,0,0,0,0,0,0,0,0,0,0,0,0,0,0,126.4
0,0,0,0,0,0,0,0,0,0,0,0,0,0,0,0,0,0,0,0,0,0.547281,13.489859,27.10438,33.914549,27.535713,22.325819,26.091676,15.70456,0.961463,0,0,0,0,0,0,0,0,0,0,0,0,0,0,0,0,0,0,0,0,0,121.5
0,0,0,0,0,0,0,0,0,0,0,0,0,0,0,0,0,0,0,0,0,0.276189,10.027289,32.1415,43.992768,37.257732,30.01038,24.15568,17.873645,0.401948,0,0,0,0,0,0,0,0,0,0,0,0,0,0,0,0,0,0,0,0,0,156
0,0,0,0,0,0,0,0,0,0,0,0,0,0,0,0,0,0,0,0,0,0,5.274552,23.696718,29.01136,28.202519,17.868215,21.308605,9.18957,0,0,0,0,0,0,0,0,0,0,0,0,0,0,0,0,0,0,0,0,0,0,80.7
0,0,0,0,0,0,0,0,0,0,0,0,0,0,0,0,0,0,0,0,0,0.156834,7.028872,24.932219,34.878811,27.864525,23.800717,19.800795,11.830923,0.584493,0,0,0,0,0,0,0,0,0,0,0,0,0,0,0,0,0,0,0,0,0,100.9
0,0,0,0,0,0,0,0,0,0,0,0,0,0,0,0,0,0,0,0,0,0.302915,8.36402,26.559987,38.318607,30.869825,28.47737,25.100473,10.646629,0.315394,0,0,0,0,0,0,0,0,0,0,0,0,0,0,0,0,0,0,0,0,0,131.8
0,0,0,0,0,0,0,0,0,0,0,0,0,0,0,0,0,0,0,0,0,0.381764,11.599329,29.850895,33.740246,23.900121,22.213462,24.079543,15.997192,1.342398,0,0,0,0,0,0,0,0,0,0,0,0,0,0,0,0,0,0,0,0,0,119.5
0,0,0,0,0,0,0,0,0,0,0,0,0,0,0,0,0,0,0,0,0,0.192798,8.827292,27.866457,37.547475,31.907916,21.426546,22.631459,14.807299,1.057729,0,0,0,0,0,0,0,0,0,0,0,0,0,0,0,0,0,0,0,0,0,129.7
0,0,0,0,0,0,0,0,0,0,0,0,0,0,0,0,0,0,0,0,0,0.747875,9.429803,26.95342,37.355987,28.908253,24.930562,23.659245,13.566945,0.99826,0,0,0,0,0,0,0,0,0,0,0,0,0,0,0,0,0,0,0,0,0,123.4
0,0,0,0,0,0,0,0,0,0,0,0,0,0,0,0,0,0,0,0,0.052446,1.889072,9.358312,25.561936,34.953594,29.245746,23.328901,24.161686,13.695232,0.914286,0,0,0,0,0,0,0,0,0,0,0,0,0,0,0,0,0,0,0,0,0,124.4
0,0,0,0,0,0,0,0,0,0,0,0,0,0,0,0,0,0,0,0,0,0.37,10.713566,27.811249,36.053307,28.525654,24.118432,23.582956,14.591667,1.150139,0,0,0,0,0,0,0,0,0,0,0,0,0,0,0,0,0,0,0,0,0,120.1
0,0,0,0,0,0,0,0,0,0,0,0,0,0,0,0,0,0,0,0,0,0.345023,10.422632,28.490328,36.105726,28.271221,23.817322,23.472774,14.891387,1.085147,0,0,0,0,0,0,0,0,0,0,0,0,0,0,0,0,0,0,0,0,0,124.3
0,0,0,0,0,0,0,0,0,0,0,0,0,0,0,0,0,0,0,0,0,0.389053,11.896469,28.875579,31.59001,27.063921,23.760205,26.653359,13.113854,1.022811,0,0,0,0,0,0,0,0,0,0,0,0,0,0,0,0,0,0,0,0,0,119.3
0,0,0,0,0,0,0,0,0,0,0,0,0,0,0,0,0,0,0,0,0.139,1.961509,11.604131,28.052761,40.392147,30.610504,24.165299,24.709819,17.847499,1.695072,0,0,0,0,0,0,0,0,0,0,0,0,0,0,0,0,0,0,0,0,0,141
0,0,0,0,0,0,0,0,0,0,0,0,0,0,0,0,0,0,0,0,0,0.245458,8.809482,30.178911,43.359722,34.50806,32.254253,26.516456,12.510184,0.442715,0,0,0,0,0,0,0,0,0,0,0,0,0,0,0,0,0,0,0,0,0,156.7
0,0,0,0,0,0,0,0,0,0,0,0,0,0,0,0,0,0,0,0,0,0.418161,11.148152,27.723326,41.013651,32.535231,31.223799,25.909694,12.985816,0.927592,0,0,0,0,0,0,0,0,0,0,0,0,0,0,0,0,0,0,0,0,0,154.4
0,0,0,0,0,0,0,0,0,0,0,0,0,0,0,0,0,0,0,0,0,0.261125,9.024313,33.94238,47.992331,38.889924,34.918321,28.252619,14.560253,0.440876,0,0,0,0,0,0,0,0,0,0,0,0,0,0,0,0,0,0,0,0,0,180.9
0,0,0,0,0,0,0,0,0,0,0,0,0,0,0,0,0,0,0,0,0,0,5.099502,33.383559,40.847347,42.204854,25.324557,25.262294,13.776366,0,0,0,0,0,0,0,0,0,0,0,0,0,0,0,0,0,0,0,0,0,0,195.8
0,0,0,0,0,0,0,0,0,0,0,0,0,0,0,0,0,0,0,0,0,0,4.975648,30.006512,44.563833,39.499728,30.379844,22.627428,12.135509,0.260488,0,0,0,0,0,0,0,0,0,0,0,0,0,0,0,0,0,0,0,0,0,187.3
0,0,0,0,0,0,0,0,0,0,0,0,0,0,0,0,0,0,0,0,0,0,7.062954,33.935636,50.085706,47.122244,40.775209,30.274017,10.080936,0,0,0,0,0,0,0,0,0,0,0,0,0,0,0,0,0,0,0,0,0,0,239
0,0,0,0,0,0,0,0,0,0,0,0,0,0,0,0,0,0,0,0,0.085647,1.568201,11.755933,32.932414,38.755897,30.97012,30.252055,31.345322,14.399272,0.97305,0,0,0,0,0,0,0,0,0,0,0,0,0,0,0,0,0,0,0,0,0,178
0,0,0,0,0,0,0,0,0,0,0,0,0,0,0,0,0,0,0,0,0,0.27317,11.184246,53.533388,79.083711,64.610589,55.566411,38.045479,25.16555,0.689835,0,0,0,0,0,0,0,0,0,0,0,0,0,0,0,0,0,0,0,0,0,298
0,0,0,0,0,0,0,0,0,0,0,0,0,0,0,0,0,0,0,0,0,0,2.608709,25.589581,32.959635,33.84968,25.739364,21.542843,6.641797,0,0,0,0,0,0,0,0,0,0,0,0,0,0,0,0,0,0,0,0,0,0,118.8
0,0,0,0,0,0,0,0,0,0,0,0,0,0,0,0,0,0,0,0,0,0,3.620339,30.846325,39.815249,30.040028,22.895587,27.273792,9.64631,0,0,0,0,0,0,0,0,0,0,0,0,0,0,0,0,0,0,0,0,0,0,151.1
0,0,0,0,0,0,0,0,0,0,0,0,0,0,0,0,0,0,0,0,0,0.693719,15.643575,33.269255,48.111986,30.074134,30.52622,27.4141,21.516628,1.931922,0,0,0,0,0,0,0,0,0,0,0,0,0,0,0,0,0,0,0,0,0,135
0,0,0,0,0,0,0,0,0,0,0,0,0,0,0,0,0,0,0,0,0,1.389856,18.6781,29.427326,39.522477,24.698448,26.015944,29.794714,20.100096,2.24329,0,0,0,0,0,0,0,0,0,0,0,0,0,0,0,0,0,0,0,0,0,134
0,0,0,0,0,0,0,0,0,0,0,0,0,0,0,0,0,0,0,0,0,2.195467,20.254304,25.293616,38.233372,30.218187,25.830619,30.039495,19.435923,2.229707,0,0,0,0,0,0,0,0,0,0,0,0,0,0,0,0,0,0,0,0,0,123
0,0,0,0,0,0,0,0,0,0,0,0,0,0,0,0,0,0,0.091956,4.59044,6.973018,8.863713,4.520218,5.622928,6.999114,5.112651,3.310176,6.029701,4.254016,1.425175,4.417173,3.943246,1.701724,3.271949,1.248104,0.006945,0,0,0,0,0,0,0,0,0,0,0,0,0,0,0,-103.8
0,0,0,0,0,0,0,0,0,0,0,0,0,0,0,0,0,0,0,0.472632,5.798526,10.212294,12.612997,8.075238,9.469221,9.552322,11.303284,4.31078,5.501862,4.314771,1.416538,3.470413,3.020566,2.007429,1.781376,0,0,0,0,0,0,0,0,0,0,0,0,0,0,0,0,-47.6
0,0,0,0,0,0,0,0,0,0,0,0,0,0,0,0,0,0,0,0.455546,3.977032,9.86821,16.034185,14.973217,11.47773,12.793594,12.187967,9.380849,5.562986,3.663123,2.461076,3.547188,3.237118,1.969665,1.676024,0,0,0,0,0,0,0,0,0,0,0,0,0,0,0,0,-6.3
0,0,0,0,0,0,0,0,0,0,0,0,0,0,0,0,0,0,0,0.24501,3.138636,12.777738,12.761787,14.704067,11.902061,11.762146,15.243163,8.705177,4.711445,2.729938,3.406368,2.177742,3.123015,2.813299,1.3103,0.126748,0,0,0,0,0,0,0,0,0,0,0,0,0,0,0,3.72
0,0,0,0,0,0,0,0,0,0,0,0,0,0,0,0,0,0,0,0,1.193202,13.270141,13.482757,16.891682,11.259219,12.420197,14.888481,9.124037,4.43244,4.061367,3.54994,2.70856,2.570929,2.683501,0.692086,0,0,0,0,0,0,0,0,0,0,0,0,0,0,0,0,0.88
0,0,0,0,0,0,0,0,0,0,0,0,0,0,0,0,0,0,0,0.025096,3.667508,14.270054,15.328484,13.044791,9.145328,10.730053,15.78942,7.254584,4.028596,4.797452,4.007394,2.562842,2.716291,2.275192,2.059091,0.204934,0,0,0,0,0,0,0,0,0,0,0,0,0,0,0,-7
0,0,0,0,0,0,0,0,0,0,0,0,0,0,0,0,0,0,0,0.425824,3.835507,7.764299,19.429566,18.587927,17.516314,13.967555,15.034923,13.350753,6.248633,4.03301,2.450764,2.944439,3.186213,2.346285,1.662445,0.019641,0,0,0,0,0,0,0,0,0,0,0,0,0,0,0,30
0,0,0,0,0,0,0,0,0,0,0,0,0,0,0,0,0,0,0,0.02944,2.113622,10.977003,16.228145,19.650983,15.806815,15.890226,16.612795,12.951011,6.517495,2.709602,2.956623,2.361964,3.260669,2.440943,1.211963,0.05823,0,0,0,0,0,0,0,0,0,0,0,0,0,0,0,36.9
0,0,0,0,0,0,0,0,0,0,0,0,0,0,0,0,0,0,0,0,0.696217,10.069479,17.998454,20.659445,16.227341,15.476243,16.937415,14.100825,5.841463,3.470921,3.566543,2.930836,2.911221,2.014306,0.46187,0,0,0,0,0,0,0,0,0,0,0,0,0,0,0,0,36.3
0,0,0,0,0,0,0,0,0,0,0,0,0,0,0,0,0,0,0,0,1.703371,12.152535,18.503139,18.549824,13.585404,15.067897,16.282095,11.268007,4.194505,4.559591,3.486633,2.96469,2.084411,2.673305,1.991642,0.18842,0,0,0,0,0,0,0,0,0,0,0,0,0,0,0,31.1
0,0,0,0,0,0,0,0,0,0,0,0,0,0,0,0,0,0,0,0.236099,3.242188,9.208427,19.021371,18.599557,15.487423,13.31327,12.476653,14.192212,6.795557,3.982945,1.751665,3.26048,3.087819,2.044479,1.874743,0.105262,0,0,0,0,0,0,0,0,0,0,0,0,0,0,0,20.1
0,0,0,0,0,0,0,0,0,0,0,0,0,0,0,0,0,0,0,0.250509,2.055776,12.116366,14.805829,20.273407,12.797329,13.251427,19.623342,13.19438,6.521943,3.24352,3.642593,2.846274,2.335777,2.230512,0.802796,0,0,0,0,0,0,0,0,0,0,0,0,0,0,0,0,38.5
0,0,0,0,0,0,0,0,0,0,0,0,0,0,0,0,0,0,0,0.403502,3.807101,7.316142,19.710727,23.662838,22.7233,17.702428,16.749976,16.240594,7.824686,4.071285,2.017462,3.841426,3.171952,2.061078,1.741382,0,0,0,0,0,0,0,0,0,0,0,0,0,0,0,0,63.4
0,0,0,0,0,0,0,0,0,0,0,0,0,0,0,0,0,0,0,0.012757,1.913347,9.680002,18.556968,23.664741,21.466223,18.026769,19.070176,16.352028,7.349487,3.004992,2.934255,2.360622,3.059636,2.341291,1.460618,0.107679,0,0,0,0,0,0,0,0,0,0,0,0,0,0,0,68.9
0,0,0,0,0,0,0,0,0,0,0,0,0,0,0,0,0,0,0,0,0.67361,9.018046,19.198738,25.154659,21.857814,18.270622,19.364757,17.496065,6.572379,3.849515,3.919155,2.621105,2.528139,2.402787,0.47137,0,0,0,0,0,0,0,0,0,0,0,0,0,0,0,0,67.85
0,0,0,0,0,0,0,0,0,0,0,0,0,0,0,0,0,0,0,0,0.15669,7.799103,21.384379,24.459805,20.928361,20.06096,18.771068,17.028463,4.920272,4.170632,1.765824,2.532324,2.919423,2.184563,1.64739,0.124991,0,0,0,0,0,0,0,0,0,0,0,0,0,0,0,66.4
0,0,0,0,0,0,0,0,0,0,0,0,0,0,0,0,0,0,0,0,0.206756,5.910767,20.579141,23.187717,23.352194,21.953277,20.206028,18.972909,3.727309,4.475417,4.222637,1.300974,2.397849,2.044984,0.495469,0,0,0,0,0,0,0,0,0,0,0,0,0,0,0,0,67.06
0,0,0,0,0,0,0,0,0,0,0,0,0,0,0,0,0,0,0,0,0.753503,8.735971,18.658608,23.813094,19.966829,18.498326,21.617294,16.089531,5.101366,5.008464,3.218987,3.185348,2.868137,1.868492,0.03815,0,0,0,0,0,0,0,0,0,0,0,0,0,0,0,0,62.1
0,0,0,0,0,0,0,0,0,0,0,0,0,0,0,0,0,0,0,0.208951,3.096854,8.498419,20.903373,21.734155,18.82298,16.339491,16.837491,16.034288,7.768724,3.26907,1.951212,3.20109,3.152997,2.183627,1.830493,0.187856,0,0,0,0,0,0,0,0,0,0,0,0,0,0,0,54
0,0,0,0,0,0,0,0,0,0,0,0,0,0,0,0,0,0,0,0.532786,4.048573,8.407622,20.067565,21.92538,19.191692,16.11835,15.847492,17.790137,8.392992,4.034484,2.412682,3.11433,3.15772,2.384882,1.353966,0.023785,0,0,0,0,0,0,0,0,0,0,0,0,0,0,0,54
0,0,0,0,0,0,0,0,0,0,0,0,0,0,0,0,0,0,0,0.012027,1.81762,9.669672,18.850397,23.284972,18.210201,16.535263,21.218689,18.43011,6.535221,4.113286,3.348725,2.659717,2.80313,1.641297,0.658613,0,0,0,0,0,0,0,0,0,0,0,0,0,0,0,0,67.3
0,0,0,0,0,0,0,0,0,0,0,0,0,0,0,0,0,0,0,0,1.22576,10.958708,17.78848,22.47111,16.912137,17.847152,21.608663,17.25199,6.806653,3.434654,2.97977,2.612232,2.680466,1.871568,0.771567,0,0,0,0,0,0,0,0,0,0,0,0,0,0,0,0,70.4
0,0,0,0,0,0,0,0,0,0,0,0,0,0,0,0,0,0,0,0.511155,4.102067,8.792233,20.627051,24.350777,23.071204,18.317507,21.671727,19.961624,8.253735,3.455618,2.73486,3.58289,2.95894,2.479563,1.400428,0,0,0,0,0,0,0,0,0,0,0,0,0,0,0,0,87
0,0,0,0,0,0,0,0,0,0,0,0,0,0,0,0,0,0,0,0,1.338269,10.300008,21.2888,20.786496,19.19863,15.938813,16.622018,17.934811,6.650729,3.479961,2.5673,2.754851,2.886666,2.033317,1.740144,0.101599,0,0,0,0,0,0,0,0,0,0,0,0,0,0,0,56.4
0,0,0,0,0,0,0,0,0,0,0,0,0,0,0,0,0,0,0,0,0.43029,8.456513,20.901768,24.011317,20.335832,16.902272,17.162981,17.852552,7.969485,3.653455,3.313457,2.363543,2.841977,1.832996,0.792023,0,0,0,0,0,0,0,0,0,0,0,0,0,0,0,0,58.58
0,0,0,0,0,0,0,0,0,0,0,0,0,0,0,0,0,0,0,0,1.008216,8.642368,21.214112,23.201151,17.445111,19.253152,17.093005,16.474311,5.467531,3.467534,3.387063,2.946716,2.769012,2.249106,0.943593,0.297611,0,0,0,0,0,0,0,0,0,0,0,0,0,0,0,64.7
0,0,0,0,0,0,0,0,0,0,0,0,0,0,0,0,0,0,0,0,2.391783,11.466914,19.172938,20.775051,16.795099,16.972084,17.340989,17.253673,6.428891,3.257826,4.13582,2.441937,2.910727,1.987867,1.538572,0.06716,0,0,0,0,0,0,0,0,0,0,0,0,0,0,0,55.59
0,0,0,0,0,0,0,0,0,0,0,0,0,0,0,0,0,0,0,0.224348,3.132771,8.605632,23.826204,19.59783,16.064435,13.652802,14.018946,19.966439,8.95298,3.791083,2.168248,2.447467,3.410955,2.368542,1.256597,0,0,0,0,0,0,0,0,0,0,0,0,0,0,0,0,41.24
0,0,0,0,0,0,0,0,0,0,0,0,0,0,0,0,0,0,0,0.782886,2.954575,10.108654,17.60833,22.318793,14.016882,14.10929,20.670136,19.502456,9.153035,3.548669,3.236419,2.811772,2.397317,1.878043,0.094242,0,0,0,0,0,0,0,0,0,0,0,0,0,0,0,0,73.19
0,0,0,0,0,0,0,0,0,0,0,0,0,0,0,0,0,0,0,0,0.782005,9.118479,22.547391,27.086047,22.246518,21.795913,20.546526,19.825169,6.437624,3.767846,2.846148,2.703148,2.91592,2.469781,1.264615,0.32129,0,0,0,0,0,0,0,0,0,0,0,0,0,0,0,94
0,0,0,0,0,0,0,0,0,0,0,0,0,0,0,0,0,0,0,0.403386,3.796559,7.198062,19.755798,27.918895,27.730131,22.102935,19.456237,17.907586,9.799879,4.110826,2.181652,3.689199,3.155022,2.039784,1.792009,0,0,0,0,0,0,0,0,0,0,0,0,0,0,0,0,94
0,0,0,0,0,0,0,0,0,0,0,0,0,0,0,0,0,0,0,0,0.855327,9.057859,19.078304,28.700039,27.302676,22.861861,21.886149,17.626435,8.008358,3.49974,2.634174,2.455474,3.031487,2.28695,1.59238,0.151536,0,0,0,0,0,0,0,0,0,0,0,0,0,0,0,97
0,0,0,0,0,0,0,0,0,0,0,0,0,0,0,0,0,0,0,0,0.656571,8.813287,19.55425,29.50003,26.914002,21.966587,21.751433,18.996967,9.335925,3.338949,3.555197,3.036818,2.838701,2.071651,0.593941,0,0,0,0,0,0,0,0,0,0,0,0,0,0,0,0,98
0,0,0,0,0,0,0,0,0,0,0,0,0,0,0,0,0,0,0,0,0.197418,5.807422,23.933691,28.618778,26.632135,21.372289,21.175894,22.291283,8.567516,2.966375,3.606844,2.547082,3.237722,1.774769,0.229132,0,0,0,0,0,0,0,0,0,0,0,0,0,0,0,0,96
0,0,0,0,0,0,0,0,0,0,0,0,0,0,0,0,0,0,0,0,2.13532,10.547617,21.155326,26.096658,23.496898,20.907339,21.782813,18.496503,7.744436,3.537903,4.307859,2.39495,2.854217,2.563086,1.550437,0.141198,0,0,0,0,0,0,0,0,0,0,0,0,0,0,0,92
0,0,0,0,0,0,0,0,0,0,0,0,0,0,0,0,0,0,0,0.276942,3.318096,7.674643,21.313658,23.311361,23.358403,19.413467,20.595054,20.833877,8.311522,4.104368,2.513994,2.122557,3.252728,2.304012,0.921424,0.027446,0,0,0,0,0,0,0,0,0,0,0,0,0,0,0,84
0,0,0,0,0,0,0,0,0,0,0,0,0,0,0,0,0,0,0,0.193194,3.090699,7.256467,22.969515,25.332823,24.718242,19.483553,19.582523,18.444896,8.583745,3.761951,2.789638,2.324018,3.746025,1.738889,2.288584,0.019237,0,0,0,0,0,0,0,0,0,0,0,0,0,0,0,84
0,0,0,0,0,0,0,0,0,0,0,0,0,0,0,0,0,0,0,0,2.197786,11.470013,22.447311,22.343791,18.256717,16.06217,17.753388,22.095065,8.416092,3.538644,3.337133,2.62914,2.62255,2.673008,1.121472,0,0,0,0,0,0,0,0,0,0,0,0,0,0,0,0,77.8
0,0,0,0,0,0,0,0,0,0,0,0,0,0,0,0,0,0,0,0,0.166827,6.551971,23.043929,28.705958,26.459849,22.440528,21.594738,20.098823,6.138075,4.305142,2.191522,2.118465,3.033114,2.262349,1.615066,0.090034,0,0,0,0,0,0,0,0,0,0,0,0,0,0,0,96
0,0,0,0,0,0,0,0,0,0,0,0,0,0,0,0,0,0,0,0.397488,3.810105,7.085668,20.18598,31.453789,32.479238,26.255989,22.621495,19.858994,11.702227,3.978414,2.586905,3.056473,3.144021,2.367945,1.681295,0.021892,0,0,0,0,0,0,0,0,0,0,0,0,0,0,0,121.3
0,0,0,0,0,0,0,0,0,0,0,0,0,0,0,0,0,0,0,0,0.655896,8.708907,19.74959,33.298149,31.921219,26.785482,24.566948,20.675351,10.968773,3.915021,3.142624,2.93588,3.084984,1.923266,0.6865,0,0,0,0,0,0,0,0,0,0,0,0,0,0,0,0,124.9
0,0,0,0,0,0,0,0,0,0,0,0,0,0,0,0,0,0,0,0,1.251745,8.197622,25.123402,29.64292,21.98815,17.060148,20.124479,22.43857,13.544827,4.584035,3.664524,2.296229,2.131193,1.243786,0.897606,0.261055,0,0,0,0,0,0,0,0,0,0,0,0,0,0,0,101.3
0,0,0,0,0,0,0,0,0,0,0,0,0,0,0,0,0,0,0,0,0.925309,10.078978,23.116688,26.929913,24.460727,18.933147,20.78313,25.495878,12.460894,3.122817,3.839067,2.705601,2.083907,1.640466,0.389527,0,0,0,0,0,0,0,0,0,0,0,0,0,0,0,0,104.9
0,0,0,0,0,0,0,0,0,0,0,0,0,0,0,0,0,0,0,0,0.926927,6.661892,22.755729,33.268882,28.619765,24.174911,22.64656,22.320544,7.906695,4.665773,3.349802,1.887884,2.892214,2.455983,1.202887,0.197102,0,0,0,0,0,0,0,0,0,0,0,0,0,0,0,120
0,0,0,0,0,0,0,0,0,0,0,0,0,0,0,0,0,0,0,0.402858,3.819436,6.976519,20.49509,34.932646,37.672253,30.868054,25.772573,21.204933,13.709113,3.972335,2.596377,3.042935,3.150352,2.386219,1.664504,0.022604,0,0,0,0,0,0,0,0,0,0,0,0,0,0,0,146.9
0,0,0,0,0,0,0,0,0,0,0,0,0,0,0,0,0,0,0,0.400989,3.767433,7.13126,20.944967,38.028085,42.79951,35.213448,29.199247,22.597875,15.790099,3.672223,2.324596,3.773947,3.099991,1.95205,1.903086,0.009095,0,0,0,0,0,0,0,0,0,0,0,0,0,0,0,171
0,0,0,0,0,0,0,0,0,0,0,0,0,0,0,0,0,0,0,0.401351,3.830779,6.934671,21.09442,41.852695,48.024453,39.08133,32.959116,24.257743,17.308051,4.023819,2.582842,3.054429,3.144553,2.390137,1.673299,0.023493,0,0,0,0,0,0,0,0,0,0,0,0,0,0,0,192.7
0,0,0,0,0,0,0,0,0,0,0,0,0,0,0,0,0,0,0,0.403726,3.796887,7.091774,21.414899,44.809933,53.291997,43.30713,36.749802,25.803551,18.996683,4.165827,2.411212,3.408437,3.11876,2.36015,1.627282,0,0,0,0,0,0,0,0,0,0,0,0,0,0,0,0,213.4
0,0,0,0,0,0,0,0,0,0,0,0,0,0,0,0,0,0,0,0.379313,3.797008,7.14915,21.792307,48.137008,58.3902,47.686828,39.676046,26.811483,21.441312,4.005099,2.19355,3.804721,3.102695,1.960727,1.879769,0.009785,0,0,0,0,0,0,0,0,0,0,0,0,0,0,0,232.8
0,0,0,0,0,0,0,0,0,0,0,0,0,0,0,0,0,0,0,0.394894,3.778319,7.084629,22.116259,51.976205,63.374244,51.683687,43.844781,29.081662,22.9098,3.748418,2.385934,3.759825,3.112967,1.981153,1.844487,0.017607,0,0,0,0,0,0,0,0,0,0,0,0,0,0,0,251.1
0,0,0,0,0,0,0,0,0,0,0,0,0,0,0,0,0,0,0,0.409604,3.796954,7.007844,22.486059,55.311543,68.652204,55.606979,47.417175,30.367693,24.590542,4.457522,2.320921,3.109925,3.268082,2.274672,1.712097,0.023741,0,0,0,0,0,0,0,0,0,0,0,0,0,0,0,268.4
0,0,0,0,0,0,0,0,0,0,0,0,0,0,0,0,0,0,0,0.421009,3.759543,7.147874,23.049838,58.088188,73.687707,60.091598,50.862316,32.284899,26.328528,4.108419,2.507725,3.465983,3.023671,2.295742,1.69827,0.022169,0,0,0,0,0,0,0,0,0,0,0,0,0,0,0,285
0,0,0,0,0,0,0,0,0,0,0,0,0,0,0,0,0,0,0,0.017005,2.247744,5.943213,18.744303,62.463849,89.297199,76.282269,56.662693,39.568595,25.373205,3.391157,3.767694,3.516009,3.280793,1.128134,0,0,0,0,0,0,0,0,0,0,0,0,0,0,0,0,0,315.5
0,0,0,0,0,0,0,0,0,0,0,0,0,0,0,0,0,0,0,0.41024,3.853651,7.38779,22.718248,30.213938,30.761523,22.127508,21.107459,19.408185,13.751497,3.86611,2.422338,3.576915,3.468591,2.149979,1.59073,0,0,0,0,0,0,0,0,0,0,0,0,0,0,0,0,113
0,0,0,0,0,0,0,0,0,0,0,0,0,0,0,0,0,0,0,0.411671,2.919563,6.249054,15.418249,17.83265,15.809579,13.068331,14.580953,11.709725,3.322498,2.546632,4.404618,1.449932,2.817836,2.595681,0.864679,0,0,0,0,0,0,0,0,0,0,0,0,0,0,0,0,44.2
0,0,0,0,0,0,0,0,0,0,0,0,0,0,0,0,0,0,0,0,0.588889,6.456263,17.149477,20.888503,22.194407,17.150772,17.950395,8.806936,3.37097,3.439583,2.424547,2.580167,2.561924,2.234995,1.715459,0.247013,0,0,0,0,0,0,0,0,0,0,0,0,0,0,0,82.9
0,0,0,0,0,0,0,0,0,0,0,0,0,0,0,0,0,0,0,0,0.310765,4.983404,17.751883,26.258988,25.130138,19.805842,20.729088,11.825558,4.097255,4.014702,1.990274,2.500513,2.771855,1.845314,1.46821,0.304371,0,0,0,0,0,0,0,0,0,0,0,0,0,0,0,115
0,0,0,0,0,0,0,0,0,0,0,0,0,0,0,0,0,0,0,0,1.779882,9.497809,19.060476,31.780108,31.820156,26.246984,23.834821,20.465022,11.199238,2.921667,3.058017,2.107176,3.521919,2.048907,1.525775,0.174463,0,0,0,0,0,0,0,0,0,0,0,0,0,0,0,125.6
0,0,0,0,0,0,0,0,0,0,0,0,0,0,0,0,0,0,0,0,0.195456,5.571989,23.983441,33.232733,31.815385,25.423261,24.004523,23.722966,10.434984,3.226237,3.228172,3.354638,2.762758,1.917698,0.216158,0,0,0,0,0,0,0,0,0,0,0,0,0,0,0,0,123.2
0,0,0,0,0,0,0,0,0,0,0,0,0,0,0,0,0,0,0,0,0.160761,5.696319,24.318273,33.356606,32.212048,24.415391,23.49725,23.458091,7.817407,4.133475,1.942634,2.415413,3.148526,2.053855,1.752309,0.144541,0,0,0,0,0,0,0,0,0,0,0,0,0,0,0,122.6
0,0,0,0,0,0,0,0,0,0,0,0,0,0,0,0,0,0,0,0,0.203625,5.011283,25.386453,32.84561,32.452227,23.167751,23.969325,25.861947,9.469373,3.33989,3.312981,4.428606,1.967817,1.401624,0.586829,0,0,0,0,0,0,0,0,0,0,0,0,0,0,0,0,122.4
0,0,0,0,0,0,0,0,0,0,0,0,0,0,0,0,0,0,0,0,0.155935,6.136506,23.358149,33.78956,31.0201,26.291385,23.721151,22.643596,7.944604,4.258068,1.995531,2.486965,2.999055,2.063971,1.71832,0.129303,0,0,0,0,0,0,0,0,0,0,0,0,0,0,0,123
0,0,0,0,0,0,0,0,0,0,0,0,0,0,0,0,0,0,0,0.022787,2.263397,5.665123,18.952019,59.906813,83.254021,71.455581,53.289873,37.126352,23.772119,4.013906,3.127416,3.720006,2.997931,1.440973,0.013825,0,0,0,0,0,0,0,0,0,0,0,0,0,0,0,0,301
0,0,0,0,0,0,0,0,0,0,0,0,0,0,0,0,0,0,0,0.40859,3.792159,7.01883,24.043352,68.511898,89.251885,72.38316,61.326328,36.687512,31.878686,4.653194,2.319898,3.108603,3.268595,2.278418,1.70698,0.024253,0,0,0,0,0,0,0,0,0,0,0,0,0,0,0,331
0,0,0,0,0,0,0,0,0,0,0,0,0,0,0,0,0,0,0,0.402094,3.795888,7.02638,24.546473,71.597528,94.174191,76.579482,65.106005,38.414966,33.63222,4.670318,2.371404,3.065079,3.205327,2.287216,1.734777,0.019754,0,0,0,0,0,0,0,0,0,0,0,0,0,0,0,341
0,0,0,0,0,0,0,0,0,0,0,0,0,0,0,0,0,0,0,0.397699,5.337464,15.610969,24.72484,22.488031,18.854649,17.814879,13.086173,6.516042,6.910972,6.700108,5.567182,5.148734,5.060719,4.797738,2.32453,0,0,0,0,0,0,0,0,0,0,0,0,0,0,0,0,130
0,0,0,0,0,0,0,0,0,0,0,0,0,0,0,0,0,0,0,0,1.006943,7.07256,16.751188,21.927352,19.886806,15.222964,20.028722,15.28252,4.641526,3.195469,2.632716,3.07428,1.862254,1.87535,0.646328,0.072361,0,0,0,0,0,0,0,0,0,0,0,0,0,0,0,75
0,0,0,0,0,0,0,0,0,0,0,0,0,0,0,0,0,0,0,0.39746,2.741634,5.706594,17.137703,19.988184,20.469776,17.614394,15.397208,15.381828,4.259379,3.513229,3.374862,2.00725,2.660365,2.019852,1.047117,0.072885,0,0,0,0,0,0,0,0,0,0,0,0,0,0,0,65
0,0,0,0,0,0,0,0,0,0,0,0,0,0,0,0,0,0,0,0.375959,2.837361,5.86712,16.661583,20.020175,20.672263,17.67705,16.899318,13.384112,4.77117,3.242686,3.211249,2.173825,2.961652,2.155271,0.972993,0.072144,0,0,0,0,0,0,0,0,0,0,0,0,0,0,0,68
0,0,0,0,0,0,0,0,0,0,0,0,0,0,0,0,0,0,0,0,2.110081,10.077673,22.110865,28.335827,24.847652,23.810301,24.701881,21.504796,8.749528,4.189432,2.777162,2.864823,3.12189,1.89915,1.629727,0.083641,0,0,0,0,0,0,0,0,0,0,0,0,0,0,0,111
0,0,0,0,0,0,0,0,0,0,0,0,0,0,0,0,0,0,0,0.004346,2.333633,16.932557,27.225582,31.088174,20.963463,22.360872,23.960712,14.809807,6.881647,7.540012,5.639073,4.854652,5.690751,2.736471,1.664578,0.16444,0,0,0,0,0,0,0,0,0,0,0,0,0,0,0,177.6
0,0,0,0,0,0,0,0,0,0,0,0,0,0,0,0,0,0,0,0.10368,3.012469,15.223943,24.474663,31.860154,22.579231,22.35029,26.770018,15.319631,10.380925,5.416048,4.886826,5.137779,5.040927,3.115767,0.629618,0,0,0,0,0,0,0,0,0,0,0,0,0,0,0,0,187
0,0,0,0,0,0,0,0,0,0,0,0,0,0,0,0,0,0,0,0.632446,4.9542,11.56238,23.928853,24.557541,27.171978,21.929731,20.841777,12.792075,7.289955,5.43845,4.269867,7.504797,4.656894,2.61352,0.985776,0,0,0,0,0,0,0,0,0,0,0,0,0,0,0,0,159
0,0,0,0,0,0,0,0,0,0,0,0,0,0,0,0,0,1.970459,6.298202,7.269967,6.095839,3.632085,4.913795,4.718107,4.994439,5.584316,5.996152,3.2487,6.667608,7.24495,10.696509,5.430797,3.911617,0.195448,0,0,0,0,0,0,0,0,0,0,0,0,0,0,0,0,0,-34.8
0,0,0,0,0,0,0,0,0,0,0,0,0,0,0,0,0,0.053999,2.469789,5.069902,8.888146,8.758427,10.097188,9.047849,8.487408,9.455454,9.32835,5.113158,4.400348,7.788631,7.19081,8.953017,3.43539,0.716715,0,0,0,0,0,0,0,0,0,0,0,0,0,0,0,0,0,11
0,0,0,0,0,0,0,0,0,0,0,0,0,0,0,0,0,0,0,3.379292,11.282723,13.031716,8.480826,7.200174,7.844808,7.121759,9.309806,8.940978,5.983967,8.980641,8.790059,7.221813,1.06742,0,0,0,0,0,0,0,0,0,0,0,0,0,0,0,0,0,0,-4.6
0,0,0,0,0,0,0,0,0,0,0,0,0,0,0,0,0,0.067602,2.242723,4.487347,5.212722,11.44985,12.044044,15.405263,12.251421,12.464339,12.23915,8.543409,5.613321,7.622902,6.73468,8.080548,3.605494,1.029423,0,0,0,0,0,0,0,0,0,0,0,0,0,0,0,0,0,44
0,0,0,0,0,0,0,0,0,0,0,0,0,0,0,0,0,0,0.611648,4.271092,12.116531,13.264502,14.076163,9.792653,9.689698,11.291862,9.588316,8.074793,4.94176,5.837901,6.097737,7.760806,6.29689,3.354298,0.12431,0,0,0,0,0,0,0,0,0,0,0,0,0,0,0,0,44
0,0,0,0,0,0,0,0,0,0,0,0,0,0,0,0,0,0,0,2.959315,12.360162,15.753277,14.110348,10.113908,10.30486,10.88302,10.402837,7.132413,6.433491,6.455597,4.918986,7.967733,6.009564,3.187678,0.418612,0,0,0,0,0,0,0,0,0,0,0,0,0,0,0,0,42
0,0,0,0,0,0,0,0,0,0,0,0,0,0,0,0,0,0,0,4.988937,13.023209,13.478594,12.033632,12.104938,11.323124,8.619572,8.251704,7.489534,11.292647,4.39224,4.274103,6.799737,4.762402,4.754818,1.30069,0,0,0,0,0,0,0,0,0,0,0,0,0,0,0,0,25.9
0,0,0,0,0,0,0,0,0,0,0,0,0,0,0,0,0,0,0.086029,2.587825,6.864311,13.591296,15.709207,12.670706,12.516835,13.816758,12.711309,7.694513,4.832773,5.610312,7.89658,8.114368,4.712505,0.293652,0,0,0,0,0,0,0,0,0,0,0,0,0,0,0,0,0,48.2
0,0,0,0,0,0,0,0,0,0,0,0,0,0,0,0,0,0,0.129435,4.422676,12.104387,14.152406,12.31359,9.199505,9.150983,9.658319,9.551256,9.542347,5.92346,6.663537,7.849633,6.530389,5.41804,2.247923,0.014664,0,0,0,0,0,0,0,0,0,0,0,0,0,0,0,0,34
0,0,0,0,0,0,0,0,0,0,0,0,0,0,0,0,0,0,0,1.62828,10.094055,16.468455,21.607046,14.390407,15.71215,14.223425,8.412876,5.084519,11.775383,6.442071,3.428772,7.124475,5.301942,4.462011,2.472933,0,0,0,0,0,0,0,0,0,0,0,0,0,0,0,0,59.2
0,0,0,0,0,0,0,0,0,0,0,0,0,0,0,0,0,0,0.416554,3.492129,6.205233,13.605708,15.791837,10.673921,11.370263,15.225867,13.206051,5.896714,6.3558,5.570415,8.539512,7.398034,4.358402,0.518992,0,0,0,0,0,0,0,0,0,0,0,0,0,0,0,0,0,40.8
0,0,0,0,0,0,0,0,0,0,0,0,0,0,0,0,0,0,0,0.260169,7.792737,18.150775,20.891705,14.401899,14.133362,14.768183,15.760425,9.049537,6.716268,7.233876,4.709155,4.60878,6.993022,4.201817,0.019979,0,0,0,0,0,0,0,0,0,0,0,0,0,0,0,0,82.4
0,0,0,0,0,0,0,0,0,0,0,0,0,0,0,0,0,0,0.977634,7.595919,11.839199,10.505698,7.901537,9.230265,11.381054,6.340579,4.972703,7.314582,3.865537,5.910163,5.637514,3.871314,6.677466,5.587025,0.69823,0,0,0,0,0,0,0,0,0,0,0,0,0,0,0,0,41
0,0,0,0,0,0,0,0,0,0,0,0,0,0,0,0,0,0,0,0.723319,4.63297,13.6541,25.271943,30.466974,25.188076,21.128747,19.030632,19.821587,10.663977,4.864296,5.26506,6.500088,5.555379,2.49911,0.583651,0,0,0,0,0,0,0,0,0,0,0,0,0,0,0,0,174.9
0,0,0,0,0,0,0,0,0,0,0,0,0,0,0,0,0,0,0,1.265628,6.321005,12.736851,26.951439,29.095941,25.122534,20.382236,16.978948,18.057524,9.832529,6.101299,5.821009,5.507824,6.583603,3.721688,0.498773,0,0,0,0,0,0,0,0,0,0,0,0,0,0,0,0,177
0,0,0,0,0,0,0,0,0,0,0,0,0,0,0,0,0,0,0,1.93351,9.614461,17.705428,16.492032,11.406059,11.163371,11.150467,16.087055,8.812022,7.320543,8.660763,7.135816,5.358775,5.274045,2.139803,0,0,0,0,0,0,0,0,0,0,0,0,0,0,0,0,0,69
0,0,0,0,0,0,0,0,0,0,0,0,0,0,0,0,0,0,0.060745,1.44491,8.781385,15.950646,20.492508,14.037818,14.156637,14.251348,15.748547,8.545069,7.186,5.428017,4.511737,5.276487,7.412516,4.143122,0.30298,0,0,0,0,0,0,0,0,0,0,0,0,0,0,0,0,83
0,0,0,0,0,0,0,0,0,0,0,0,0,0,0,0,0,0,0,0.122791,7.437363,23.324406,25.368302,20.026327,15.237735,19.52283,19.298864,10.963514,7.953925,8.308104,6.683787,5.007446,6.528527,4.204926,2.095804,0,0,0,0,0,0,0,0,0,0,0,0,0,0,0,0,114
0,0,0,0,0,0,0,0,0,0,0,0,0,0,0,0,0,0,0,1.743495,5.93169,20.98125,22.907093,21.40264,16.294612,16.569151,27.378736,13.173887,5.886067,7.823992,5.036318,4.052572,5.21423,6.830975,0.526031,0,0,0,0,0,0,0,0,0,0,0,0,0,0,0,0,135.2
0,0,0,0,0,0,0,0,0,0,0,0,0,0,0,0,0,0,0,0.749023,8.304827,16.928227,18.511098,12.766835,13.69273,10.118568,6.465068,7.783925,3.85872,3.597427,5.715788,6.431514,4.715735,6.790996,0.405907,0,0,0,0,0,0,0,0,0,0,0,0,0,0,0,0,80.3
0,0,0,0,0,0,0,0,0,0,0,0,0,0,0,0,0,0,0,0.165874,7.617541,18.349875,16.390477,15.088754,15.262651,8.691511,5.240064,6.352648,6.545296,2.902453,6.074618,6.945855,4.754933,5.264229,0.839712,0,0,0,0,0,0,0,0,0,0,0,0,0,0,0,0,89.5
0,0,0,0,0,0,0,0,0,0,0,0,0,0,0,0,0,0,0,0.024013,1.382209,12.776146,22.639595,28.418132,22.515013,18.295911,11.582829,5.745748,7.889829,5.412064,4.853959,5.056613,4.23017,3.9939,1.959271,0.096568,0,0,0,0,0,0,0,0,0,0,0,0,0,0,0,149
0,0,0,0,0,0,0,0,0,0,0,0,0,0.501271,0.787683,2.019809,1.619295,0.094998,4.886913,5.497315,7.629345,5.095588,4.649119,9.691994,4.362788,2.618863,2.951957,5.398172,2.812562,3.603527,1.913187,8.024725,4.102325,9.513615,1.469201,0,0,0,0,0,0,0,0,0,0,0,0,0,0,0,0,-23.2
0,0,0,0,0,0,0,0,0,0,0,0,0,0.502006,0.731357,2.031614,1.647835,0.074614,1.623614,4.149542,7.052794,8.927486,9.832082,13.475268,7.148915,5.617798,8.798179,6.235774,3.461187,2.712676,2.61161,6.89434,4.837749,9.386677,1.529304,0,0,0,0,0,0,0,0,0,0,0,0,0,0,0,0,8.1
0,0,0,0,0,0,0,0,0,0,0,0,0,0,0,0,0,0,0.393422,8.233632,10.837184,11.877471,9.410101,9.91277,12.703914,6.424763,3.749224,6.41408,2.566902,2.278982,4.77476,4.836036,4.493542,8.357258,3.14895,0,0,0,0,0,0,0,0,0,0,0,0,0,0,0,0,27.1
0,0,0,0,0,0,0,0,0,0,0,0,0,0.491436,0.716055,2.0527,1.650401,0.06953,1.463988,3.032488,5.574662,9.292771,14.530866,17.724126,10.475903,9.414868,10.479741,10.080817,3.822863,2.834077,2.668989,6.762175,4.781452,9.554371,1.545211,0,0,0,0,0,0,0,0,0,0,0,0,0,0,0,0,39.9
0,0,0,0,0,0,0,0,0,0,0,0,0,0,0,0,0,0,0,1.269689,8.654919,17.054247,16.508552,20.374506,19.532946,10.845333,16.159347,7.99133,4.543991,3.055423,3.184526,5.857121,3.168191,9.212656,2.494074,0,0,0,0,0,0,0,0,0,0,0,0,0,0,0,0,81.5
0,0,0,0,0,0,0,0,0,0,0,0,0,0,0,0,0,0,0.202096,4.516689,8.536106,13.11583,18.313816,18.785874,18.987082,13.220034,11.392757,11.358524,4.179757,2.489121,4.195528,5.502152,3.587318,8.855999,2.999878,0,0,0,0,0,0,0,0,0,0,0,0,0,0,0,0,84.3
0,0,0,0,0,0,0,0,0,0,0,0,0,0,0,0,0,0,0.198258,4.77675,9.7612,14.607404,12.613299,15.271556,16.184288,8.556855,9.829743,7.226803,3.514351,2.680007,3.894278,5.643611,3.538786,8.847796,2.847056,0,0,0,0,0,0,0,0,0,0,0,0,0,0,0,0,56
0,0,0,0,0,0,0,0,0,0,0,0,0,0.497233,0.711596,2.029561,1.674968,0.069595,1.377511,3.136705,5.533003,6.521323,18.765289,21.280857,16.758838,10.898345,12.212681,14.479201,4.733793,2.755471,2.753214,6.632336,4.705435,9.62529,1.715965,0,0,0,0,0,0,0,0,0,0,0,0,0,0,0,0,71.2
0,0,0,0,0,0,0,0,0,0,0,0,0.35659,0.589345,2.235626,1.662261,0.187889,1.165131,1.848986,6.254668,9.502682,7.63123,10.116097,6.893799,7.447884,9.171217,9.479952,7.498934,5.073166,7.222511,11.641304,8.588765,8.590655,0.608168,0,0,0,0,0,0,0,0,0,0,0,0,0,0,0,0,0,33
0,0,0,0,0,0,0,0,0,0,0,0,0,0.492472,0.687443,2.045555,1.681495,0.07293,1.393029,3.12916,5.440019,5.685875,19.32269,30.376105,27.116194,18.510049,16.899633,19.109274,8.219476,2.824314,2.806901,6.534308,4.711389,9.719655,1.729174,0,0,0,0,0,0,0,0,0,0,0,0,0,0,0,0,126.2
0,0,0,0,0,0,0,0,0,0,0,0,0.411179,0.812613,2.145643,1.559733,0.203869,3.002796,5.477909,6.83747,4.789537,4.446607,6.503611,4.017907,4.688784,5.10548,7.637844,4.693292,6.237612,8.802187,11.806822,8.665732,7.229246,0,0,0,0,0,0,0,0,0,0,0,0,0,0,0,0,0,0,6
0,0,0,0,0,0,0,0,0,0,0,0,0,0.506034,0.77321,2.006727,1.647261,0.054012,1.243637,1.359033,5.569695,12.351853,13.892138,15.718816,10.135045,8.156454,15.640601,7.566248,3.808392,2.532016,2.788215,5.98768,4.881442,9.463275,1.576985,0,0,0,0,0,0,0,0,0,0,0,0,0,0,0,0,28
0,0,0,0,0,0,0,0,0,0,0,0,0,0,0,0,0,0.091446,5.174788,10.321205,12.870691,8.936118,7.666957,10.765892,8.077996,6.790166,6.659293,4.704503,4.250424,10.730376,6.718084,12.863838,9.544192,0.173412,0,0,0,0,0,0,0,0,0,0,0,0,0,0,0,0,0,59
0,0,0,0,0,0,0,0,0,0,0,0,0.034597,0.573863,1.353996,1.875917,1.127427,1.367483,4.836727,8.420755,8.478177,10.199736,7.500102,7.102374,5.577384,5.180579,9.648225,8.857943,4.996919,4.649052,7.910532,10.975912,6.969035,6.979892,0.111203,0,0,0,0,0,0,0,0,0,0,0,0,0,0,0,0,42
0,0,0,0,0,0,0,0,0,0,0,0,0,0,0,0,0,0.302542,12.255934,20.990861,21.958697,12.967203,14.172876,11.892663,7.813232,12.849462,11.080887,18.025661,23.281943,31.63489,26.620844,11.739896,0,0,0,0,0,0,0,0,0,0,0,0,0,0,0,0,0,0,0,300
0,0,0,0,0,0,0,0,0,0,0,0,0,0.489389,0.76109,2.034004,1.64908,0.067247,1.418097,3.119314,5.417412,5.349538,19.706457,33.748158,32.604779,22.9653,20.186066,20.310478,9.918288,3.726433,2.304664,6.562988,4.910794,9.623334,1.669161,0,0,0,0,0,0,0,0,0,0,0,0,0,0,0,0,150.8
0,0,0,0,0,0,0,0,0,0,0,0,0,0.50256,0.706203,2.02746,1.673263,0.069405,1.3786,3.037501,5.490055,5.62562,20.068147,37.37205,37.189337,27.330805,23.26285,22.113369,12.127472,2.949496,2.581911,6.835625,4.606975,9.848937,1.58809,0,0,0,0,0,0,0,0,0,0,0,0,0,0,0,0,174
0,0,0,0,0,0,0,0,0,0,0,0,0,0,0,0,0,0,1.145879,11.369835,13.111599,12.334509,8.927863,7.166957,7.985454,4.62579,5.036367,9.153316,6.941324,4.252507,12.989727,7.522921,8.535525,0.820125,0,0,0,0,0,0,0,0,0,0,0,0,0,0,0,0,0,80.08
0,0,0,0,0,0,0,0,0,0,0,0,0,0,0,0,0,0,0.298398,6.557515,13.535709,16.270507,13.970297,9.472103,9.875412,11.770313,11.543933,4.964772,9.267512,5.835676,8.722332,8.605306,7.893681,2.326845,0,0,0,0,0,0,0,0,0,0,0,0,0,0,0,0,0,110.6
0,0,0,0,0,0,0,0,0,0,0,0,0,0,0,0,0,0,0.177728,5.420366,9.845186,18.182943,17.151259,17.29223,13.506645,13.002682,12.954908,8.30849,8.828044,5.661217,7.704035,9.004178,8.496997,2.654415,0.003829,0,0,0,0,0,0,0,0,0,0,0,0,0,0,0,0,136.2
0,0,0,0,0,0,0,0,0,0,0,0,0,0,0,0,0,0,0,4.047845,14.124204,18.623555,17.115728,12.955473,10.622011,13.683433,16.516792,8.169675,8.109964,6.630131,6.458379,9.549954,6.315496,4.329803,0.215288,0,0,0,0,0,0,0,0,0,0,0,0,0,0,0,0,144.4
0,0,0,0,0,0,0,0,0,0,0,0,0,0,0,0,0,0,0.014434,2.865178,12.657499,19.188659,19.024047,12.759261,11.545075,16.377288,17.200997,7.47219,7.910337,6.307767,6.609444,9.928557,6.695165,3.285355,0.130516,0,0,0,0,0,0,0,0,0,0,0,0,0,0,0,0,139.1
0,0,0,0,0,0,0,0,0,0,0,0,0,0,0,0,0,0,0,3.184567,11.601918,19.038673,17.851384,15.555628,12.351374,13.430749,18.259915,9.311138,7.534024,5.963527,6.373723,10.05503,6.946776,2.974053,0.024121,0,0,0,0,0,0,0,0,0,0,0,0,0,0,0,0,138.3
0,0,0,0,0,0,0,0,0,0,0,0,0,0,0,0,0,0,0.184238,5.530519,9.632093,15.658959,21.307986,20.66248,18.922033,14.700139,15.82636,12.266171,10.117221,5.808599,7.811325,8.776628,7.954098,3.067523,0.012607,0,0,0,0,0,0,0,0,0,0,0,0,0,0,0,0,159.2
0,0,0,0,0,0,0,0,0,0,0,0,0,0,0,0,0,0,0.442242,6.610328,11.431521,15.629474,18.347401,18.013938,16.1657,15.152098,15.384612,12.640798,9.759279,6.9583,7.026944,8.711999,8.74865,2.416588,0,0,0,0,0,0,0,0,0,0,0,0,0,0,0,0,0,152.4
0,0,0,0,0,0,0,0,0,0,0,0,0,0,0,0,0,0,0,3.829677,11.981675,19.078035,18.225472,18.412035,14.769506,17.315223,17.827595,11.204149,8.352788,7.137986,5.383942,9.609938,6.236918,4.54535,0.345261,0,0,0,0,0,0,0,0,0,0,0,0,0,0,0,0,165.1
0,0,0,0,0,0,0,0,0,0,0,0,0,0,0,0,0,0,0,1.920804,9.636545,18.946864,22.346408,21.290614,16.15544,17.113368,17.040882,12.006031,8.123633,5.9089,5.514183,10.182225,6.389638,4.225297,0.217718,0,0,0,0,0,0,0,0,0,0,0,0,0,0,0,0,161.3
0,0,0,0,0,0,0,0,0,0,0,0,0,0,0,0,0,0,0,2.129623,8.731872,19.95742,21.356164,21.479522,16.809674,16.797381,18.616822,11.54856,7.808612,6.781636,5.372789,10.216547,6.535378,3.637626,0.203254,0,0,0,0,0,0,0,0,0,0,0,0,0,0,0,0,162
0,0,0,0,0,0,0,0,0,0,0,0,0,0,0,0,0,0,0,1.918855,12.271288,19.688313,20.205144,16.672588,15.765489,16.98972,18.29886,11.730223,5.767403,8.051479,4.564905,8.921301,5.436848,5.026089,1.352885,0,0,0,0,0,0,0,0,0,0,0,0,0,0,0,0,176
0,0,0,0,0,0,0,0,0,0,0,0,0,0,0,0,0,0,0,1.009412,10.390877,20.504607,22.534016,17.740936,15.376059,15.842721,21.24221,13.439087,5.92133,6.739394,5.577655,8.466316,6.629145,3.965115,0.706129,0,0,0,0,0,0,0,0,0,0,0,0,0,0,0,0,169.4
0,0,0,0,0,0,0,0,0,0,0,0,0,0,0,0,0,0,0,0.615786,9.861577,21.540322,22.645812,18.180677,15.644264,16.50954,21.4355,14.215929,6.350304,6.179969,6.308693,8.875703,6.861094,3.049328,0.556962,0,0,0,0,0,0,0,0,0,0,0,0,0,0,0,0,164.7
0,0,0,0,0,0,0,0,0,0,0,0,0,0,0,0,0,0,0.192063,5.476322,9.226618,14.78987,22.561424,26.147793,23.76958,17.59853,18.003853,15.408965,10.704136,6.246345,7.159292,9.217194,7.827224,3.327513,0.038058,0,0,0,0,0,0,0,0,0,0,0,0,0,0,0,0,183.3
0,0,0,0,0,0,0,0,0,0,0,0,0,0,0,0,0,0,0.231027,5.588491,9.785432,14.861431,22.994177,23.166284,20.128026,15.387866,16.358626,20.100684,13.551484,5.180627,8.35157,8.859905,7.367651,1.290707,0.000492,0,0,0,0,0,0,0,0,0,0,0,0,0,0,0,0,172.7
0,0,0,0,0,0,0,0,0,0,0,0,0,0,0,0,0,0,0.325226,6.342851,10.745662,16.261439,22.161595,20.745966,15.562646,14.91797,17.583068,18.599032,10.060606,7.665382,6.010534,8.178551,8.25676,3.227863,0.022889,0,0,0,0,0,0,0,0,0,0,0,0,0,0,0,0,169.1
0,0,0,0,0,0,0,0,0,0,0,0,0,0,0,0,0,0,0,3.927384,11.0969,17.708472,23.439516,20.902467,17.592501,17.454664,18.866029,16.959966,8.691487,7.651052,5.073737,9.286575,5.873701,4.973445,0.458124,0,0,0,0,0,0,0,0,0,0,0,0,0,0,0,0,178
0,0,0,0,0,0,0,0,0,0,0,0,0,0,0,0,0,0,0.050441,3.465108,10.715577,17.91096,22.469432,21.293231,19.606013,19.987014,18.519199,16.438689,9.513473,6.399545,5.887546,9.43366,6.302963,4.064467,0.377932,0,0,0,0,0,0,0,0,0,0,0,0,0,0,0,0,175
0,0,0,0,0,0,0,0,0,0,0,0,0,0,0,0,0,0,0.020505,3.036652,9.701346,19.080533,23.317385,21.93136,18.868385,19.047297,19.967979,17.759086,10.209314,6.343642,6.234733,9.132997,6.58482,3.485392,0.121483,0,0,0,0,0,0,0,0,0,0,0,0,0,0,0,0,177
0,0,0,0,0,0,0,0,0,0,0,0,0,0,0,0,0,0,0,3.46268,7.408982,19.940667,22.729758,24.389496,17.839813,20.819244,19.7506,13.708252,8.222713,7.161677,5.093113,9.55229,5.946734,4.923151,0.458212,0,0,0,0,0,0,0,0,0,0,0,0,0,0,0,0,183.4
0,0,0,0,0,0,0,0,0,0,0,0,0,0,0,0,0,0,0,1.238197,6.492808,18.932599,26.632819,27.311964,20.033892,21.244818,17.065429,14.72401,8.180013,6.317322,4.887077,10.012653,5.591463,4.948685,0.75728,0,0,0,0,0,0,0,0,0,0,0,0,0,0,0,0,181.1
0,0,0,0,0,0,0,0,0,0,0,0,0,0,0,0,0,0,0,1.221204,6.469221,18.703309,26.787015,26.938317,20.552541,20.04603,18.837132,14.723004,7.367688,7.174431,4.504286,9.606316,6.589041,4.543261,0.460834,0,0,0,0,0,0,0,0,0,0,0,0,0,0,0,0,184
0,0,0,0,0,0,0,0,0,0,0,0,0,0,0,0,0,0,0,0.41135,9.454784,23.748285,25.226176,17.559947,15.942016,18.149024,25.578161,14.58961,5.663288,7.800591,5.007049,7.303263,6.472746,4.415705,1.722673,0.00769,0,0,0,0,0,0,0,0,0,0,0,0,0,0,0,205
0,0,0,0,0,0,0,0,0,0,0,0,0,0,0,0,0,0,0,0.18784,8.81906,24.524297,24.096495,18.86222,17.446204,18.118049,25.456457,15.825593,6.998334,7.364464,5.285596,7.401648,7.0687,3.714534,1.119649,0,0,0,0,0,0,0,0,0,0,0,0,0,0,0,0,198
0,0,0,0,0,0,0,0,0,0,0,0,0,0,0,0,0,0,0,0.146749,7.491849,22.244946,25.626838,21.158073,18.191671,17.994888,26.300501,15.447934,7.705824,5.909,5.332459,7.127673,6.760095,3.736941,1.30013,0,0,0,0,0,0,0,0,0,0,0,0,0,0,0,0,197
0,0,0,0,0,0,0,0,0,0,0,0,0,0,0,0,0,0,0.022257,2.064181,7.152007,18.121551,31.21416,30.083335,23.839782,21.559331,22.14848,25.994806,8.518131,8.493929,4.973708,8.046111,6.317329,4.6666,0.596605,0,0,0,0,0,0,0,0,0,0,0,0,0,0,0,0,211
0,0,0,0,0,0,0,0,0,0,0,0,0,0,0,0,0,0,0.146217,2.747319,6.84874,18.595783,37.373398,32.143178,27.289422,20.720774,24.094271,39.553181,11.030392,5.837025,6.561186,8.333023,6.361926,4.472775,0.314129,0,0,0,0,0,0,0,0,0,0,0,0,0,0,0,0,237.3
0,0,0,0,0,0,0,0,0,0,0,0,0,0,0,0,0,0,0,0,6.270184,26.026441,25.856091,22.932691,18.478729,19.416001,31.771377,15.342762,8.137827,5.64148,7.212867,4.894892,7.049926,3.829597,1.936007,0.1425,0,0,0,0,0,0,0,0,0,0,0,0,0,0,0,232
0,0,0,0,0,0,0,0,0,0,0,0,0,0,0,0,0,0,0,2.991815,7.43847,19.95425,28.186661,28.319268,25.52407,24.260481,21.478908,28.068221,11.206812,5.208062,7.207817,8.01393,6.150292,4.429643,0.314541,0,0,0,0,0,0,0,0,0,0,0,0,0,0,0,0,203
0,0,0,0,0,0,0,0,0,0,0,0,0,0,0,0,0,0,0,3.859117,9.220785,16.437125,27.875096,27.306599,26.218389,25.336764,22.173359,23.692257,9.332682,8.001135,5.587052,8.210562,6.98752,4.356573,0.407947,0,0,0,0,0,0,0,0,0,0,0,0,0,0,0,0,210.3
0,0,0,0,0,0,0,0,0,0,0,0,0,0,0,0,0,0,0,0.468638,3.829771,18.684723,32.295275,32.752397,26.841296,26.667633,24.953764,22.263101,7.264872,6.768985,5.648359,6.315834,6.614129,4.952701,1.268122,0,0,0,0,0,0,0,0,0,0,0,0,0,0,0,0,217
0,0,0,0,0,0,0,0,0,0,0,0,0,0,0,0,0,0,0,0,1.11072,18.484831,33.753576,34.819292,26.283584,19.727243,26.937834,19.000835,8.849936,3.672708,7.174427,4.232058,7.703319,3.122475,1.628717,1.031115,0,0,0,0,0,0,0,0,0,0,0,0,0,0,0,268
0,0,0,0,0,0,0,0,0,0,0,0,0,0,0,0,0,0,0,0.987285,5.577883,20.363951,30.258213,29.760336,23.843723,27.768441,23.618973,19.270092,7.638294,7.973152,4.545688,7.178488,6.238554,5.643406,1.53732,0,0,0,0,0,0,0,0,0,0,0,0,0,0,0,0,172
0,0,0,0,0,0,0,0,0,0,0,0,0,0,0,0,0,0,0.165459,5.363638,9.262111,14.667064,23.301584,37.222113,38.9266,30.877187,26.625742,20.555903,16.855663,5.910051,7.394906,9.013398,8.041322,3.216598,0.041891,0,0,0,0,0,0,0,0,0,0,0,0,0,0,0,0,242
0,0,0,0,0,0,0,0,0,0,0,0,0,0,0,0,0,0,0,0,1.255359,9.654003,40.027642,37.039001,37.565793,36.111687,34.87997,28.534861,7.751245,6.877643,5.431343,6.32278,5.410884,2.897614,0.482326,0,0,0,0,0,0,0,0,0,0,0,0,0,0,0,0,250
0,0,0,0,0,0,0,0,0,0,0,0,0,0,0,0,0,0,0,2.826698,8.992762,13.180651,20.318198,46.622001,59.675852,47.673694,38.145849,30.482073,20.037597,7.875408,10.083837,9.03624,3.524582,0.224259,0,0,0,0,0,0,0,0,0,0,0,0,0,0,0,0,0,298
0,0,0,0,0,0,0,0,0,0,0,0,0,0,0,0,0,0,0,0.106429,6.447528,21.634523,33.502159,39.150918,35.204426,40.253769,32.152367,31.613125,10.580375,6.193317,4.660461,4.779422,6.363384,5.200349,2.718618,1.280211,0,0,0,0,0,0,0,0,0,0,0,0,0,0,0,277
0,0,0,0,0,0,0,0,0,0,0,0,0,0,0,0,0,0,0,0,0,3.430537,48.995132,48.773151,42.09432,49.70081,48.678209,32.717671,9.065654,6.414581,4.685371,2.767742,4.832233,4.00459,2.398542,0.378318,0,0,0,0,0,0,0,0,0,0,0,0,0,0,0,298
0,0,0,0,0,0,0,0,0,0,0,0,0,0,0,0,0,0,0.416581,6.300662,10.641596,12.198442,17.654655,28.203996,30.496775,23.793552,21.652228,13.747287,9.503588,6.757584,6.973283,8.982624,8.181267,3.233657,0.033162,0,0,0,0,0,0,0,0,0,0,0,0,0,0,0,0,239
0,0,0,0,0,0,0,0,0,0,0,0,0,0,0,0,0.777089,3.767022,6.085096,19.187951,17.844283,13.443049,13.265562,6.522417,9.949848,11.81242,7.217702,12.430288,15.35359,16.191212,21.950022,17.662319,5.475101,0,0,0,0,0,0,0,0,0,0,0,0,0,0,0,0,0,0,255.2
0,0,0,0,0,0,0,0,0,0,0,0,0,0,0,0,2.670937,6.70328,11.666837,24.969686,20.575176,17.386818,15.181451,8.145482,15.66691,13.916511,9.653245,20.455209,21.931707,28.589222,31.050923,23.086895,4.33846,0,0,0,0,0,0,0,0,0,0,0,0,0,0,0,0,0,0,376
0,0,0,0,0,0,0,0,0,0,0,0,0,0,0,0,1.74816,5.14992,12.787657,24.467439,22.842876,16.677264,15.177962,8.997253,15.252795,14.627146,9.288976,20.80537,22.020519,27.899976,30.966885,22.648408,4.305984,0,0,0,0,0,0,0,0,0,0,0,0,0,0,0,0,0,0,375
0,0,0,0,0,0,0,0,0,0,0,0,0,0,0,0,0,0,3.096017,22.21645,26.351632,26.945521,19.102829,16.145327,14.643834,16.415517,12.633806,19.068253,18.464481,18.163882,24.823312,20.364193,9.688299,0.189308,0,0,0,0,0,0,0,0,0,0,0,0,0,0,0,0,0,337
0,0,0,0,0,0,0,0,0,0,0,0,0,0,0,0,0,0,1.067115,14.238463,22.607667,26.344772,19.820762,17.681007,16.142608,13.160537,16.804669,10.404681,14.755251,9.856544,17.936524,15.010759,14.605604,1.973319,0,0,0,0,0,0,0,0,0,0,0,0,0,0,0,0,0,285.8
0,0,0,0,0,0,0,0,0,0,0,0,0,0,0,0,0.432297,1.120821,3.229565,17.943032,23.9608,21.776829,16.124304,10.291601,9.588068,14.222309,12.995968,9.423186,17.636833,9.757548,20.682269,13.901888,14.319258,1.862923,0,0,0,0,0,0,0,0,0,0,0,0,0,0,0,0,0,264.2
0,0,0,0,0,0,0,0,0,0,0,0,0,0,0,0,0,0,0.748645,13.790368,26.225936,30.19871,22.360741,16.210417,12.934073,12.021744,13.78328,10.095036,16.956028,9.328624,18.593416,14.953916,16.197455,3.894641,0,0,0,0,0,0,0,0,0,0,0,0,0,0,0,0,0,280
0,0,0,0,0,0,0,0,0,0,0,0,0,0,0,0,0,0,2.926487,23.093445,30.48453,27.143242,22.152139,17.187444,18.63202,13.741038,16.80794,13.737834,22.015337,17.32794,27.065498,24.436334,10.126418,0.546512,0,0,0,0,0,0,0,0,0,0,0,0,0,0,0,0,0,359
0,0,0,0,0,0,0,0,0,0,0,0,0,0,0,0,0,0,0.177067,5.450828,9.3178,14.559065,22.791352,30.007234,29.011433,21.930215,19.895716,17.705105,13.169272,5.594619,7.670534,8.896779,7.90454,3.313059,0.06236,0,0,0,0,0,0,0,0,0,0,0,0,0,0,0,0,203
0,0,0,0,0,0,0,0,0,0,0,0,0,0,0,0,0,0,0.1882,5.460391,9.157316,14.509185,23.002658,33.823322,34.261203,26.39742,22.890713,19.255532,14.964609,5.573983,7.726848,8.790372,8.114402,3.236199,0.050326,0,0,0,0,0,0,0,0,0,0,0,0,0,0,0,0,226
0,0,0,0,0,0,0,0,0,0,0,0,0,0,0,0,0,0,0.188441,5.471855,9.14447,14.503178,23.806383,40.583385,44.09412,35.041003,29.962114,22.031729,18.607125,6.117874,7.296099,9.112778,7.88698,3.313065,0.054191,0,0,0,0,0,0,0,0,0,0,0,0,0,0,0,0,263
0,0,0,0,0,0,0,0,0,0,0,0,0,0,0,0,0,0,0.180429,5.413792,9.231805,14.538779,24.347022,43.582218,49.529408,38.963112,33.187691,23.662307,20.917135,5.820577,7.620702,8.916667,7.936097,3.293504,0.052965,0,0,0,0,0,0,0,0,0,0,0,0,0,0,0,0,280
0,0,0,0,0,0,0,0,0,0,0,0,0,0,0,0,0,0,0.256676,6.317515,10.213648,14.883658,22.313252,48.622945,59.72688,49.395171,40.536391,27.044286,25.203056,5.578605,8.340433,8.697158,8.195866,2.699969,0,0,0,0,0,0,0,0,0,0,0,0,0,0,0,0,0,312
0,0,0,0,0,0,0,0,0,0,0,0,0,0,0,0,0,0,0.170222,5.353441,9.333218,14.833657,24.814624,58.53577,68.6248,56.26352,47.733711,29.455169,27.83905,6.729853,7.038333,9.283783,7.812876,3.314519,0.038262,0,0,0,0,0,0,0,0,0,0,0,0,0,0,0,0,340
0,0,0,0,0,0,0,0,0,0,0,0,0,0,0,0,0,0,0,2.825174,9.010653,13.130905,20.914283,59.379092,80.527966,66.554779,51.235085,37.636608,26.118421,8.134397,9.963197,8.898404,3.585311,0.270924,0,0,0,0,0,0,0,0,0,0,0,0,0,0,0,0,0,347
0,0,0,0,0,0,0,0,0,0,0,0,0,0,0,0,0,0,0.179982,5.418831,9.223908,14.44674,24.72141,55.286732,63.584501,51.891464,43.535296,28.091188,26.423099,6.05448,7.635355,8.816713,8.106303,3.17335,0.039747,0,0,0,0,0,0,0,0,0,0,0,0,0,0,0,0,329
0,0,0,0,0,0,0,0,0,0,0,0,0,0,0,0,0,0,0,0.277082,6.867078,21.026732,26.790742,23.997918,19.763453,20.161091,21.866851,16.630396,7.163661,5.977104,6.218846,7.087126,8.166669,3.156138,0.902123,0,0,0,0,0,0,0,0,0,0,0,0,0,0,0,0,184
0,0,0,0,0,0,0,0,0,0,0,0,0,0,0,0,0,0,0,1.638008,11.06715,21.024551,22.204042,20.553036,16.992853,19.176198,19.596943,15.130148,6.528529,6.953862,5.064978,7.875487,6.508085,5.081624,1.538466,0,0,0,0,0,0,0,0,0,0,0,0,0,0,0,0,190
0,0,0,0,0,0,0,0,0,0,0,0,0,0,0,0,0,0,0,0.949218,10.459597,20.976569,23.370231,21.55896,17.481564,18.470841,23.451187,16.122146,6.243436,6.373725,6.16576,7.277393,7.57776,4.204773,0.800449,0,0,0,0,0,0,0,0,0,0,0,0,0,0,0,0,186
0,0,0,0,0,0,0,0,0,0,0,0,0,0,0,0,0,0,0,1.028967,10.256253,21.017223,23.79172,20.715142,17.800185,19.813463,23.701622,16.129442,6.511839,7.238753,5.968082,7.811385,7.080552,3.905328,0.659154,0,0,0,0,0,0,0,0,0,0,0,0,0,0,0,0,188
0,0,0,0,0,0,0,0,0,0,0,0,0,0,0,0,0,0,0,0.566967,9.139493,21.414486,24.844236,22.205475,18.887339,19.14684,21.545567,16.474598,6.579684,7.19843,5.664891,7.051135,7.725857,4.177771,0.856611,0,0,0,0,0,0,0,0,0,0,0,0,0,0,0,0,189
0,0,0,0,0,0,0,0,0,0,0,0,0,0,0,0,0,0,0,1.036772,9.045499,22.028838,23.790216,21.999671,17.420424,21.174357,19.668868,13.956422,5.589814,9.097769,4.299035,8.337333,5.826414,5.294245,1.497232,0,0,0,0,0,0,0,0,0,0,0,0,0,0,0,0,194
0,0,0,0,0,0,0,0,0,0,0,0,0,0,0,0,0,0,1.740979,10.221621,14.514544,16.321806,15.870198,15.739666,15.049803,16.295288,15.201212,14.267233,10.130703,9.043703,13.657693,11.972702,6.369857,0.999961,0,0,0,0,0,0,0,0,0,0,0,0,0,0,0,0,0,190
0,0,0,0,0,0,0,0,0,0,0,0,0,0,0,0,0,0,0.591242,10.0954,15.361297,19.51993,17.03407,14.347798,15.492308,14.172086,17.130491,10.53147,10.190064,9.507715,11.471442,12.674468,8.831615,1.176585,0,0,0,0,0,0,0,0,0,0,0,0,0,0,0,0,0,196
0,0,0,0,0,0,0,0,0,0,0,0,0,0,0,0,0,0,0,3.70791,10.928344,17.701965,22.978959,21.989885,20.141741,18.140943,19.830409,16.542777,8.487649,7.095313,5.37348,9.651901,6.122246,4.714224,0.430994,0,0,0,0,0,0,0,0,0,0,0,0,0,0,0,0,185
0,0,0,0,0,0,0,0,0,0,0,0,0,0,0,0,0,0,0,2.078936,9.590748,16.186779,26.4083,24.587179,21.832539,18.91654,19.64627,16.374039,8.414073,6.330376,5.831386,9.170479,7.340901,3.940134,0.219072,0,0,0,0,0,0,0,0,0,0,0,0,0,0,0,0,182
0,0,0,0,0,0,0,0,0,0,0,0,0,0,0,0,0,0,0,2.068282,8.987862,17.606235,25.366413,23.895571,22.414651,19.205232,21.267226,15.553493,8.525251,6.897375,5.289434,10.341444,6.433328,3.666669,0.226294,0,0,0,0,0,0,0,0,0,0,0,0,0,0,0,0,183
0,0,0,0,0,0,0,0,0,0,0,0,0,0,0,0,0,0,1.859071,23.581933,31.617107,32.669817,27.772929,23.119881,21.896725,20.396433,19.475188,22.769182,30.76443,20.117204,32.292342,29.616697,2.281782,0,0,0,0,0,0,0,0,0,0,0,0,0,0,0,0,0,0,431
0,0,0,0,0,0,0,0,0,0,0,0,0,0,0,0,0,0.444646,5.056447,14.485383,14.934057,12.077034,9.624014,8.595519,7.572696,8.891748,7.664521,11.305639,7.165891,11.625321,15.935718,12.344231,5.939829,0.821318,0,0,0,0,0,0,0,0,0,0,0,0,0,0,0,0,0,145.3
0,0,0,0,0,0,0,0,0,0,0,0,0,0,0,0,0,0.315194,2.789929,10.519958,17.847892,16.255738,13.500351,9.998502,10.382643,12.483358,13.233092,8.463064,10.796546,7.95033,14.652598,11.985406,7.883438,1.614262,0,0,0,0,0,0,0,0,0,0,0,0,0,0,0,0,0,170
0,0,0,0,0,0,0,0,0,0,0,0,0,0,0,0,0,0.115575,3.009759,11.372708,15.905971,15.899891,14.748186,10.07176,11.873678,14.156068,11.945821,10.562152,8.77306,8.371903,16.577923,11.709242,7.083459,1.382705,0,0,0,0,0,0,0,0,0,0,0,0,0,0,0,0,0,170
0,0,0,0,0,0,0,0,0,0,0,0,0,0,0,0,0,0.173709,3.090519,10.744715,16.189357,16.154557,14.669143,10.429013,10.987563,15.921837,11.581365,9.623223,9.889831,7.822726,16.191934,12.661397,6.102831,1.861181,0,0,0,0,0,0,0,0,0,0,0,0,0,0,0,0,0,172
0,0,0,0,0,0,0,0,0,0,0,0,0,0,0,0,0,0,2.883696,11.956322,16.509919,15.206987,13.470531,10.975719,10.023479,12.505996,11.618417,8.87618,10.871013,9.56336,15.02369,11.753427,7.890879,0.522656,0,0,0,0,0,0,0,0,0,0,0,0,0,0,0,0,0,165.4
0,0,0,0,0,0,0,0,0,0,0,0,0.388347,0.74539,2.18714,1.606331,0.149629,1.760254,7.959966,11.633242,10.170556,7.329226,9.822163,5.65915,4.335871,6.393852,10.591011,8.767462,13.306022,16.202202,18.24186,9.231243,5.557066,0.162167,0,0,0,0,0,0,0,0,0,0,0,0,0,0,0,0,0,143
0,0,0,0,0,0,0,0,0,0,0,0,0,0,0,0,0,0,1.184138,10.364292,18.406541,16.554293,16.686536,9.842986,10.959325,12.222974,10.484566,9.856878,9.118955,8.010577,17.357193,11.470392,8.066798,0.638085,0,0,0,0,0,0,0,0,0,0,0,0,0,0,0,0,0,169
0,0,0,0,0,0,0,0,0,0,0,0,0,0,0,0,0,0.071848,2.653975,11.070496,16.134532,16.830215,15.868001,11.452121,11.653038,12.133608,11.538021,9.583328,10.612093,7.294674,16.161081,12.552421,8.669575,0.551474,0,0,0,0,0,0,0,0,0,0,0,0,0,0,0,0,0,179
0,0,0,0,0,0,0,0,0,0,0,0,0,0,0,0,0,0.501724,7.057931,13.882985,18.547576,15.537983,14.4684,11.556053,12.072898,14.984797,13.701087,12.42061,11.781051,15.931729,20.129017,13.063699,5.964502,1.206269,0,0,0,0,0,0,0,0,0,0,0,0,0,0,0,0,0,242
0,0,0,0,0,0,0,0,0,0,0,0,0,0,0,0,0,0,4.590868,18.111908,16.686973,12.938913,9.343267,9.140849,8.49298,6.859676,8.656781,9.291662,9.818827,17.335758,20.423374,15.427528,1.026614,0,0,0,0,0,0,0,0,0,0,0,0,0,0,0,0,0,0,218
0,0,0,0,0,0,0,0,0,0,0,0,0,0,0,0,0,0,2.013039,13.750839,20.006633,16.73249,14.273804,11.109369,9.883123,11.56141,12.164812,10.624543,10.028279,13.033548,20.524127,15.624286,3.316776,0,0,0,0,0,0,0,0,0,0,0,0,0,0,0,0,0,0,244.4
0,0,0,0,0,0,0,0,0,0,0,0,0,0,0,0,0,0,2.222298,14.174736,18.620694,16.584548,15.455858,9.768652,11.652746,14.614356,11.262341,9.351195,10.950977,12.077993,22.487124,15.47907,2.526282,0,0,0,0,0,0,0,0,0,0,0,0,0,0,0,0,0,0,241.1
0,0,0,0,0,0,0,0,0,0,0,0,0,0,0,0,0,0,1.741516,12.237799,15.93043,20.714401,17.401345,17.283463,13.300012,14.165852,13.444736,12.346349,10.44391,11.924426,20.590062,15.667224,4.346914,0,0,0,0,0,0,0,0,0,0,0,0,0,0,0,0,0,0,258
0,0,0,0,0,0,0,0,0,0,0,0,0,0,0,0,0,0,0,3.12396,7.257266,16.440138,22.653577,23.008716,21.044125,18.383242,15.450934,9.088892,7.078847,6.22583,5.226263,10.617369,4.972442,5.203874,0.647237,0,0,0,0,0,0,0,0,0,0,0,0,0,0,0,0,207.2
0,0,0,0,0,0,0,0,0,0,0,0,0,0,0,0,0,0,1.074453,9.780174,18.885599,20.273532,20.139012,14.870559,13.055374,17.436711,18.934133,10.4295,9.229414,9.800496,22.494034,17.061573,2.917065,0,0,0,0,0,0,0,0,0,0,0,0,0,0,0,0,0,0,253
0,0,0,0,0,0,0,0,0,0,0,0,0,0,0,0,0,0,5.319047,22.533255,23.239732,20.038572,15.214724,14.745251,11.55776,11.439109,12.473412,19.174013,16.55212,25.913379,25.811626,17.290068,2.159946,0.014046,0,0,0,0,0,0,0,0,0,0,0,0,0,0,0,0,0,334
0,0,0,0,0,0,0,0,0,0,0,0,0,0,0,0,0,0,1.743653,11.877367,15.236847,17.195094,25.442425,43.627688,48.617925,40.737101,33.773752,27.546723,22.06377,12.002521,20.894618,15.852902,4.350375,0,0,0,0,0,0,0,0,0,0,0,0,0,0,0,0,0,0,366
0,0,0,0,0,0,0,0,0,0,0,0,0,0,0,0,0,0,1.740196,11.843991,15.376954,17.070124,25.65501,47.108647,53.95071,45.019042,37.316713,29.056638,24.030742,11.890783,20.894865,15.908151,4.321325,0,0,0,0,0,0,0,0,0,0,0,0,0,0,0,0,0,0,379
0,0,0,0,0,0,0,0,0,0,0,0,0,0,0,0,0,0,1.304657,11.325295,13.727182,19.959178,25.767309,25.155916,22.234227,18.888977,18.073751,19.247776,11.237297,12.301488,19.857757,16.39987,4.829488,0,0,0,0,0,0,0,0,0,0,0,0,0,0,0,0,0,0,288
0,0,0,0,0,0,0,0,0,0,0,0,0,0,0,0,0,0,1.706829,11.987559,15.033883,17.114771,24.594571,33.727741,33.28048,27.835956,23.618643,22.81737,16.423328,12.077994,20.551024,15.902984,4.439576,0,0,0,0,0,0,0,0,0,0,0,0,0,0,0,0,0,0,322
0,0,0,0,0,0,0,0,0,0,0,0,0,0,0,0,0,0,0.947979,9.471168,19.343853,20.995571,20.663473,13.485779,12.941824,19.121617,17.073943,9.722023,10.240233,9.850365,22.255322,17.066215,3.137045,0,0,0,0,0,0,0,0,0,0,0,0,0,0,0,0,0,0,262.4
0,0,0,0,0,0,0,0,0,0,0,0,0,0,0,0,0,0,3.375749,17.78795,23.233208,18.217627,14.815165,9.918304,13.366089,12.002401,13.594814,16.560868,33.802451,35.977451,15.802745,3.844229,0.002539,0,0,0,0,0,0,0,0,0,0,0,0,0,0,0,0,0,0,380
0,0,0,0,0,0,0,0,0,0,0,0,0,0,0,0,0,0,1.358391,11.404901,14.310632,20.783347,24.159481,19.961535,16.835396,16.621959,15.157547,16.483399,10.239286,12.541568,19.75633,16.367459,4.6357,0,0,0,0,0,0,0,0,0,0,0,0,0,0,0,0,0,0,273
0,0,0,0,0,0,0,0,0,0,0,0,0,0,0,0,0,0,1.79644,12.775258,14.383921,20.521294,18.337698,17.351619,14.952026,14.661658,13.988867,12.841881,9.996452,11.123946,22.43157,15.963752,3.218888,0,0,0,0,0,0,0,0,0,0,0,0,0,0,0,0,0,0,259
0,0,0,0,0,0,0,0,0,0,0,0,0,0,0,0,0,0,1.329165,9.808032,15.606834,19.064997,16.770572,13.23742,12.592872,10.016625,15.06266,8.07418,9.829697,8.461239,12.653003,12.197656,8.501342,2.226664,0,0,0,0,0,0,0,0,0,0,0,0,0,0,0,0,0,199
0,0,0,0,0,0,0,0,0,0,0,0,0,0,0,0,0,0,0.601463,8.49296,15.812138,20.962105,18.994311,14.551515,12.23533,13.961573,10.953684,7.467658,9.64253,8.594344,9.72876,14.295244,7.462179,4.498679,0.138688,0,0,0,0,0,0,0,0,0,0,0,0,0,0,0,0,209
0,0,0,0,0,0,0,0,0,0,0,0,0,0,0,0,0,0,1.785244,24.068681,34.717904,36.405589,28.512558,24.062449,24.914362,23.845725,22.520068,21.750216,26.52758,18.495901,31.374714,32.756041,7.800367,0,0,0,0,0,0,0,0,0,0,0,0,0,0,0,0,0,0,420
0,0,0,0,0,0,0,0,0,0,0,0,0,0,0,0,0,2.772713,10.227127,21.195912,21.795906,16.681244,14.07128,10.975297,11.507674,12.481902,9.231771,17.981609,12.7296,19.399685,29.062053,21.006137,5.189521,0,0,0,0,0,0,0,0,0,0,0,0,0,0,0,0,0,0,307
0,0,0,0,0,0,0,0,0,0,0,0,0,0,0,0,0,0,0.727892,11.622354,20.551777,19.293461,19.149032,13.822353,12.373978,12.09435,11.041551,14.785112,15.975917,21.67192,16.935178,13.403318,1.471937,0,0,0,0,0,0,0,0,0,0,0,0,0,0,0,0,0,0,294
0,0,0,0,0,0,0,0,0,0,0,0,0,0,0,0,0,0,2.191061,12.448531,16.242345,14.907828,13.221017,11.707829,10.432448,7.316796,9.206052,5.814555,11.207661,7.736585,12.77151,12.203663,9.110157,1.901064,0,0,0,0,0,0,0,0,0,0,0,0,0,0,0,0,0,182.5
0,0,0,0,0,0,0,0,0,0,0,0,0,0,0,0,0,0,1.866825,17.369873,21.38969,18.915254,13.210591,10.282066,11.252294,10.602202,12.55406,14.318758,26.671047,37.152709,18.661456,1.042345,0,0,0,0,0,0,0,0,0,0,0,0,0,0,0,0,0,0,0,341.3
0,0,0,0,0,0,0,0,0,0,0,0,0,0,0,0,0,1.416729,2.481152,17.238764,20.035141,17.465728,12.700487,10.894118,8.721384,12.452368,12.057288,14.375266,28.172241,31.502612,20.787398,2.093225,0,0,0,0,0,0,0,0,0,0,0,0,0,0,0,0,0,0,0,338.4
0,0,0,0,0,0,0,0,0,0,0,0,0,0,0,0,0.486882,3.297645,3.873283,21.695369,21.098163,18.786728,13.911497,12.099456,10.413102,15.7816,13.137244,18.473551,41.91673,38.245813,21.359566,1.105519,0,0,0,0,0,0,0,0,0,0,0,0,0,0,0,0,0,0,0,448
0,0,0,0,0,0,0,0,0,0,0,0,0,0,0,0,0,0,2.612501,18.686085,22.989162,16.417321,14.250903,8.940496,12.395332,11.271846,9.922636,21.252426,36.00648,38.135733,13.743427,0.058672,0,0,0,0,0,0,0,0,0,0,0,0,0,0,0,0,0,0,0,394
0,0,0,0,0,0,0,0,0,0,0,0,0,0,0,0,0,0,0,4.392685,15.323638,22.513577,19.882519,17.396297,15.576393,13.639547,12.065094,9.862061,12.205296,17.28595,18.013074,11.98162,0.297597,0,0,0,0,0,0,0,0,0,0,0,0,0,0,0,0,0,0,277.5
0,0,0,0,0,0,0,0,0,0,0,0,0,0,0,0,0,0,3.059257,14.327945,18.390259,15.531149,11.780913,9.05031,10.386427,10.013266,13.444218,10.304428,17.149186,30.983845,18.163721,3.193397,0.429081,0,0,0,0,0,0,0,0,0,0,0,0,0,0,0,0,0,0,280
0,0,0,0,0,0,0,0,0,0,0,0,0,0,0,0,0,0,0,1.623634,6.518355,14.824276,22.712172,20.901943,18.592585,17.825152,17.241515,12.39998,8.181008,6.582161,4.734039,5.055207,4.798353,2.583309,2.521664,0.329147,0,0,0,0,0,0,0,0,0,0,0,0,0,0,0,140.7
0,0,0,0,0,0,0,0,0,0,0,0,0,0,0,0,0,0,0,0,0.923302,8.018785,17.140868,25.44028,22.76475,18.620722,21.264097,20.947865,7.09979,3.295341,3.353648,2.254197,1.796615,0.996102,0.73654,0.248525,0,0,0,0,0,0,0,0,0,0,0,0,0,0,0,118
0,0,0,0,0,0,0,0,0,0,0,0,0,0,0,0,0,0,0,0.691007,3.059128,7.732702,19.299011,22.460665,26.466877,22.066992,25.148504,22.418541,7.485031,3.509069,2.553679,3.079566,1.763716,1.48188,0.61304,0.711636,0.017326,0,0,0,0,0,0,0,0,0,0,0,0,0,0,143.6
0,0,0,0,0,0,0,0,0,0,0,0,0,0,0,0,0,0,0.064412,3.788526,8.233494,16.118127,19.721234,21.321276,17.532867,13.863182,14.967481,8.166085,7.502679,5.981475,5.670657,9.600822,6.093036,4.54655,0.314336,0,0,0,0,0,0,0,0,0,0,0,0,0,0,0,0,177.8
0,0,0,0,0,0,0,0,0,0,0,0,0,0,0,0,0,0,0,0,1.345398,13.540686,28.1133,33.09793,25.298408,23.01562,21.852425,18.144323,7.866043,5.247757,4.503128,3.869475,5.292101,4.813661,0.997405,0,0,0,0,0,0,0,0,0,0,0,0,0,0,0,0,174
0,0,0,0,0,0,0,0,0,0,0,0,0,0,0,0,0,0,0,0,1.406459,15.872324,27.833788,30.060764,25.053012,23.209239,19.483873,20.107301,9.108295,4.947245,5.71544,5.091804,5.829841,3.294136,0.175418,0,0,0,0,0,0,0,0,0,0,0,0,0,0,0,0,183
0,0,0,0,0,0,0,0,0,0,0,0,0,0,0,0,0,0,0,0.759475,3.051551,6.699528,16.403365,19.184482,19.09789,16.740489,17.466876,16.618617,6.760806,2.115262,3.098498,3.23086,1.598527,1.481689,0.647728,0.651568,0,0,0,0,0,0,0,0,0,0,0,0,0,0,0,95.69
0,0,0,0,0,0,0,0,0,0,0,0,0,0,0,0,0,0,0.013062,1.646551,4.453195,15.579852,20.004594,24.032778,17.977572,19.482972,20.941875,13.036261,6.954749,3.900413,6.044702,5.131352,3.936243,3.765057,1.460799,0.216984,0,0,0,0,0,0,0,0,0,0,0,0,0,0,0,146
0,0,0,0,0,0,0,0,0,0,0,0,0,0,0,0,0,0,0,0,0.242611,5.942266,17.672799,27.927936,30.510114,27.694464,28.779745,24.257837,12.907705,2.814166,2.810216,1.83209,0.720107,0.432035,0,0,0,0,0,0,0,0,0,0,0,0,0,0,0,0,0,156.3
0,0,0,0,0,0,0,0,0,0,0,0,0,0,0,0,0,0,0,0,1.891494,10.303855,22.221545,29.52895,26.449363,20.579493,22.403189,22.762477,10.427892,4.636267,2.329081,3.169017,2.959973,1.73196,1.285214,0.36258,0,0,0,0,0,0,0,0,0,0,0,0,0,0,0,165.8
0,0,0,0,0,0,0,0,0,0,0,0,0,0,0,0,0,0,0,0,0,0,4.353599,15.614885,5.180601,10.85579,8.073499,6.711393,3.874367,0.880746,2.219738,0.302602,0,0,0,0,0,0,0,0,0,0,0,0,0,0,0,0,0,0,0,-191.51
0,0,0,0,0,0,0,0,0,0,0,0,0,0,0,0,0,1.352134,11.866668,9.66695,4.255905,2.066458,2.089076,1.739415,1.592343,2.344532,1.371632,0.958443,0.489863,1.780513,1.018132,1.886332,1.482511,3.589933,4.151289,4.047246,2.82304,1.292405,0.023178,0,0,0,0,0,0,0,0,0,0,0,0,-19.1
0,0,0,0,0,0,0,0,0,0,0,0,0,0,0,0,0,0.735123,5.307909,12.084348,8.79597,6.673737,6.471562,6.565611,5.15587,3.911172,2.762874,1.251693,0.936445,0.449547,1.134548,0.822747,1.753683,1.400782,3.209762,4.18415,4.153525,3.045683,1.798161,0.190689,0,0,0,0,0,0,0,0,0,0,0,20.8
0,0,0,0,0,0,0,0,0,0,0,0,0,0,0,0,0,0,0.915961,7.38655,12.526664,14.197071,11.301297,9.304945,7.851805,6.082591,7.558738,1.795854,0.750537,0.875953,1.228682,1.27035,2.101484,1.45008,2.222507,4.698402,4.005696,3.016732,1.706777,0.210622,0,0,0,0,0,0,0,0,0,0,0,48
0,0,0,0,0,0,0,0,0,0,0,0,0,0,0,0,0,0,0.873455,6.388733,10.161889,15.596718,15.5056,14.461961,10.189931,10.633651,8.911649,5.902557,1.453423,1.009868,1.415081,1.155609,1.580009,1.484462,2.562619,4.49124,4.040795,3.074896,1.753759,0.222216,0,0,0,0,0,0,0,0,0,0,0,74.8
0,0,0,0,0,0,0,0,0,0,0,0,0,0,0,0,0,0,0.690348,6.680117,9.932522,13.413684,15.945803,14.059071,9.24717,8.957462,12.426869,5.526466,1.622711,0.731663,1.001012,1.195375,1.954321,1.92137,1.402718,4.391387,4.206593,3.269388,1.118516,0.186374,0,0,0,0,0,0,0,0,0,0,0,64.1
0,0,0,0,0,0,0,0,0,0,0,0,0,0,0,0,0,0,0.645337,6.379201,9.945258,13.418982,19.955916,18.064659,15.637186,11.779005,11.323844,10.124069,2.354659,0.840005,1.284589,1.074681,2.262832,1.460911,2.083343,4.664105,4.086353,2.892185,1.867395,0.255376,0,0,0,0,0,0,0,0,0,0,0,103
0,0,0,0,0,0,0,0,0,0,0,0,0,0,0,0,0,0,0.653667,6.174719,10.18877,12.406845,20.498903,26.833163,26.164023,19.845579,16.496453,14.312869,5.823058,0.947974,1.301902,1.10125,2.228672,1.462717,2.078937,4.646401,4.100417,2.883266,1.885986,0.261239,0,0,0,0,0,0,0,0,0,0,0,153
0,0,0,0,0,0,0,0,0,0,0,0,0,0,0,0,0,0,0.63186,6.336185,9.955408,12.858425,20.286373,22.322077,21.727577,15.079122,13.889528,12.452548,3.960281,0.907827,1.288579,1.44469,1.621513,1.581698,2.252492,4.590623,4.099593,2.945516,1.857778,0.246558,0,0,0,0,0,0,0,0,0,0,0,129.6
0,0,0,0,0,0,0,0,0,0,0,0,0,0,0,0,0,0,0.585483,6.533275,9.981523,12.48399,20.085481,31.025794,31.152561,24.359616,19.316836,15.855895,7.837101,1.037797,1.452482,1.066269,1.620481,1.883761,2.089041,4.586034,4.144679,2.992114,1.826502,0.235766,0,0,0,0,0,0,0,0,0,0,0,174
0,0,0,0,0,0,0,0,0,0,0,0,0,0,0,0,0,0,0.545099,6.538041,10.126607,12.327023,20.594436,34.396722,35.911843,28.859092,22.56174,17.531702,9.728414,1.008524,1.492907,1.037673,1.666675,1.865897,2.044831,4.630177,4.1415,2.975114,1.843783,0.240101,0,0,0,0,0,0,0,0,0,0,0,195
0,0,0,0,0,0,0,0,0,0,0,0,0,0,0,0,0,0,0,1.54967,4.428336,15.225719,27.698329,34.437823,28.097736,21.158308,22.451813,15.954701,2.559025,0.234909,2.629902,1.691805,0.911797,2.127143,3.588568,3.877531,3.356968,2.925038,1.2438,0.04612,0,0,0,0,0,0,0,0,0,0,0,161
0,0,0,0,0,0,0,0,0,0,0,0,0,0,0,0.032755,5.872031,11.609386,6.916936,3.834872,4.242217,4.227305,2.641269,3.226748,2.118138,1.089107,2.291156,2.701264,1.911771,3.883044,3.569571,5.713957,5.115456,8.979504,5.655263,2.96645,0.252372,0,0,0,0,0,0,0,0,0,0,0,0,0,0,50.4
0,0,0,0,0,0,0,0,0,0,0,0,0,0,0,0,0,0,0.009437,4.512438,7.203658,11.150117,24.115366,28.144733,25.048037,17.616425,19.654691,15.547381,3.113392,0.908623,1.088063,1.273545,2.43928,1.005073,2.314729,4.746696,3.61821,2.939206,0.939862,0.121668,0,0,0,0,0,0,0,0,0,0,0,141
0,0,0,0,0,0,0,0,0,0,0,0,0,0,0,0,0,0,0.55646,5.57391,8.74747,10.3666,23.242872,26.445452,23.598714,18.507007,19.590482,14.760976,2.696303,0.539632,1.562761,1.362537,1.287806,1.855305,3.755242,4.063879,3.47253,3.029673,1.347825,0.074774,0,0,0,0,0,0,0,0,0,0,0,145
0,0,0,0,0,0,0,0,0,0,0,0,0,0,0,0,0,0,0.922185,5.546029,12.49077,15.425217,17.967552,17.711874,17.314782,15.892186,15.394784,9.32326,3.286333,0.789928,1.345539,0.841108,1.357129,0.612191,2.862734,1.689256,4.535989,4.45085,2.795885,0.827927,0.116333,0,0,0,0,0,0,0,0,0,0,136
0,0,0,0,0,0,0,0,0,0,0,0,0,0,0,0,0,0,0,1.234011,9.260655,21.304426,27.165747,27.137487,25.078589,18.341286,17.606253,13.772599,5.527272,2.665327,1.040493,0.86697,1.345368,0.958364,2.879392,2.140346,3.771876,5.156616,2.187283,0.976924,0.234748,0,0,0,0,0,0,0,0,0,0,175
0,0,0,0,0,0,0,0,0,0,0,0,0,0,0,0,0,0,0.66023,6.196144,10.087851,12.379477,21.571937,37.076152,41.438005,32.768955,26.365314,19.011431,11.540833,1.00109,1.299994,1.082566,2.245469,1.469622,2.06878,4.643833,4.107669,2.883922,1.889949,0.261837,0,0,0,0,0,0,0,0,0,0,0,212
0,0,0,0,0,0,0,0,0,0,0,0,0,0,0,0,0.537954,4.388483,8.695364,9.185633,5.854004,5.949106,5.854108,7.71187,6.177177,4.915457,7.995087,3.996443,3.778353,1.322097,1.065829,0.926623,1.647375,2.284733,2.098045,4.166909,4.400131,3.115902,1.874466,0.220172,0,0,0,0,0,0,0,0,0,0,0,52.3
0,0,0,0,0,0,0,0,0,0,0,0,0,0,0,0,0,0.002833,1.740217,10.529546,14.894373,12.153413,10.220377,9.214972,12.221579,8.636368,4.217944,5.354433,5.272047,2.246595,1.014308,1.152274,1.132709,1.278597,3.22085,1.970437,4.874649,4.039979,2.157081,0.671031,0.048137,0,0,0,0,0,0,0,0,0,0,102.2
0,0,0,0,0,0,0,0,0,0,0,0,0,0,0,0,0,0.378714,2.579132,10.77196,14.147461,10.464913,7.700076,9.014273,8.113026,10.728158,7.916586,4.685529,4.278394,4.784315,1.156207,1.194473,0.880982,2.931282,2.481495,3.836583,4.73429,2.397837,0.820789,0.180434,0,0,0,0,0,0,0,0,0,0,0,67
0,0,0,0,0,0,0,0,0,0,0,0,0,0,0,0,0,0.053246,5.699295,17.362592,18.811592,16.333214,13.699142,12.702894,10.595119,12.587691,7.307921,9.192229,7.327149,7.583435,10.232058,9.052313,4.596347,2.265405,3.215681,4.602133,3.255896,2.320719,0.513958,0,0,0,0,0,0,0,0,0,0,0,0,206.4
0,0,0,0,0,0,0,0,0,0,0,0,0,0,0,0,0,0.910357,7.695144,12.997681,12.890436,10.59511,11.248109,11.017138,9.781747,14.108553,15.373487,9.765218,10.065387,10.315277,6.329555,1.915141,1.019959,2.102698,1.993898,2.313702,4.068609,2.151408,1.414347,0.49781,0,0,0,0,0,0,0,0,0,0,0,195
0,0,0,0,0,0,0,0,0,0,0,0,0,0,0,0,0,0.623902,6.389245,13.929024,14.844591,13.899726,11.369337,11.191784,11.138988,13.826431,10.852099,9.725336,11.435162,11.139734,3.965748,1.360475,1.04476,2.181246,2.593861,2.796552,5.299845,3.024392,1.24231,0.399452,0,0,0,0,0,0,0,0,0,0,0,202
0,0,0,0,0,0,0,0,0,0,0,0,0,0,0,0,0,1.724219,12.139564,15.259836,10.449514,8.203489,8.801222,6.714415,6.992331,7.764067,11.149105,9.23569,12.176449,11.058926,3.924962,1.20127,1.157901,2.787315,2.187172,3.638841,4.829573,2.41177,0.902733,0.236158,0,0,0,0,0,0,0,0,0,0,0,178.7
0,0,0,0,0,0,0,0,0,0,0,0,0,0,0,0,1.327499,10.034624,16.563908,10.256146,9.466666,7.402362,9.703231,8.55268,8.807179,15.488152,16.659299,11.712665,1.688858,1.99178,2.877108,1.686885,5.791661,3.748751,6.108647,9.667569,5.501803,2.488362,0.892255,0,0,0,0,0,0,0,0,0,0,0,0,246
0,0,0,0,0,0,0,0,0,0,0,0,0,0,0,0,0,0.654562,7.412224,12.669256,15.16508,13.309184,10.816916,10.789625,11.972194,13.668242,11.846395,9.76999,11.539551,10.483371,4.583637,1.317168,1.018898,2.600781,2.404659,3.305877,5.205459,2.531328,1.034165,0.272668,0,0,0,0,0,0,0,0,0,0,0,199
0,0,0,0,0,0,0,0,0,0,0,0,0,0,0,0,0,0,0.012984,9.493301,21.224161,20.416832,19.573462,12.870174,14.026179,20.573087,11.026822,3.181514,2.187002,3.890262,1.677199,1.319059,2.378951,4.028947,7.546589,5.200996,4.378098,5.340506,0.414045,0,0,0,0,0,0,0,0,0,0,0,0,124
0,0,0,0,0,0,0,0,0,0,0,0,0,0,0,0,0,0,3.548061,11.255503,10.867469,9.79486,8.819802,8.261338,13.616882,6.569533,4.665023,1.551404,1.621559,1.0504,0.154096,0.8456,0.811878,1.878858,1.541322,3.309056,4.497698,3.770539,2.593918,1.620422,0,0,0,0,0,0,0,0,0,0,0,56.08
0,0,0,0,0,0,0,0,0,0,0,0,0,0,0,0,0,0,1.732533,8.39092,11.224454,12.363851,12.110163,14.64901,14.761569,8.385235,7.148993,6.796972,1.012749,1.702858,1.109317,0.573482,0.928709,2.118021,1.93285,0.747898,4.650565,4.029392,2.492197,1.711201,0.238541,0,0,0,0,0,0,0,0,0,0,79.6
0,0,0,0,0,0,0,0,0,0,0,0,0,0,0,0,0,0,0.049619,8.285974,9.920938,11.696771,15.626409,18.615992,18.585646,10.849705,10.784522,12.265031,2.143144,1.962235,0.732932,0.763369,0.989585,2.523657,1.602901,0.651602,4.364846,3.648089,2.89338,0.882303,0,0,0,0,0,0,0,0,0,0,0,101.9
0,0,0,0,0,0,0,0,0,0,0,0,0,0,0,0,0,0,1.235573,7.419886,10.706428,11.329789,17.481866,19.533732,20.809296,15.58396,11.409887,14.359463,5.722273,1.810268,1.509824,0.806206,0.825089,2.058388,1.815401,1.577606,3.93433,3.624874,1.795921,1.264343,0.193827,0,0,0,0,0,0,0,0,0,0,115.7
0,0,0,0,0,0,0,0,0,0,0,0,0,0,0,0,0,0,0.010283,6.922476,10.184336,10.249847,20.623511,26.501612,28.02271,17.208525,16.005802,17.597956,4.877207,2.069104,0.926129,0.788456,0.988381,2.338997,1.754652,0.799682,4.170125,4.002203,2.675787,0.860048,0,0,0,0,0,0,0,0,0,0,0,146
0,0,0,0,0,0,0,0,0,0,0,0,0,0,0,0,0,0,0,5.911113,10.00758,10.098253,23.995636,26.025002,25.412983,17.29223,16.485395,19.468718,3.540445,1.919905,0.958803,0.783573,1.041377,2.235334,1.800732,0.651015,4.073253,3.938221,2.75617,0.946701,0,0,0,0,0,0,0,0,0,0,0,144
0,0,0,0,0,0,0,0,0,0,0,0,0,0,0,0,0,0,0.076236,6.946012,10.114274,11.017591,19.982761,22.158309,21.755697,14.132056,13.775567,15.589352,2.821567,2.226762,0.727136,0.736857,1.450636,1.70359,1.540255,1.461757,3.820916,3.97936,2.856858,0.771021,0,0,0,0,0,0,0,0,0,0,0,123.5
0,0,0,0,0,0,0,0,0,0,0,0,0,0,0,0,0,0,1.41767,7.546761,10.910732,11.955388,16.391609,17.74321,17.996603,12.946726,9.958469,10.271981,1.765386,1.866387,0.862376,0.637206,1.150719,1.753523,1.471968,1.873083,4.312769,4.234677,2.176101,1.597741,0.217944,0,0,0,0,0,0,0,0,0,0,102.2
0,0,0,0,0,0,0,0,0,0,0,0,0,0,0,0,0,0.008087,1.094955,5.013461,10.053642,15.650984,17.388789,16.594542,16.181403,11.950483,11.314775,8.091691,1.668612,1.962396,1.087661,0.609151,0.951537,2.172502,1.441057,2.027504,3.966462,3.786865,2.657055,1.377855,0.044873,0,0,0,0,0,0,0,0,0,0,94.2
0,0,0,0,0,0,0,0,0,0,0,0,0,0,0,0,0,0,1.284409,7.92861,10.445657,11.364247,17.207766,22.726875,23.728803,15.371109,12.366574,12.641074,3.51526,1.723813,1.199833,0.6363,0.823708,2.088736,1.993613,0.672814,4.686989,4.028615,2.446179,1.808231,0.240455,0,0,0,0,0,0,0,0,0,0,127.6
0,0,0,0,0,0,0,0,0,0,0,0,0,0,0,0,0,0,1.087478,9.432061,9.726625,9.609406,17.504223,26.715805,29.089598,19.504497,15.300602,14.943639,5.832525,1.746768,0.596783,0.660915,0.959523,2.158263,1.654398,1.618085,4.484601,4.04812,2.567238,1.430438,0,0,0,0,0,0,0,0,0,0,0,151
0,0,0,0,0,0,0,0,0,0,0,0,0,0,0,0,0,0,1.477165,7.682647,11.206596,11.377329,18.932218,25.320927,25.582707,17.198156,13.136874,14.6908,7.382828,2.56564,0.532606,0.743808,1.270784,1.164927,1.978955,2.22749,4.027047,4.280718,2.368881,1.377001,0.084544,0,0,0,0,0,0,0,0,0,0,139
0,0,0,0,0,0,0,0,0,0,0,0,0,0,0,0,0,0,0.473877,7.088862,16.477797,17.977246,13.545923,11.529986,16.221986,16.955735,12.808842,7.474378,5.298489,5.160694,3.222274,0.909434,0.580049,1.833967,1.515425,2.563616,2.522752,3.710208,2.177671,1.524377,0.818851,0,0,0,0,0,0,0,0,0,0,129.7
0,0,0,0,0,0,0,0,0,0,0,0,0,0,0,0,0,0,1.425505,4.060959,8.522876,17.891709,18.989283,17.564148,17.25011,13.677204,16.321127,10.85942,2.029519,1.77313,1.032607,0.987263,0.88115,1.926068,1.718537,1.643507,4.131337,4.064018,2.21784,1.10248,0.058023,0,0,0,0,0,0,0,0,0,0,106.1
0,0,0,0,0,0,0,0,0,0,0,0,0,0,0,0,0,0,0.132109,5.060275,9.177719,10.438802,25.623735,29.28976,31.240767,23.9015,18.161454,27.242427,12.259677,1.932148,1.395225,1.20466,0.765987,1.087913,1.861735,1.768969,2.792695,3.614497,1.95318,0.063698,0,0,0,0,0,0,0,0,0,0,0,157
0,0,0,0,0,0,0,0,0,0,0,0,0,0,0,0,0,0,0,0.518402,8.876199,17.940594,23.743353,24.186247,19.439349,18.222163,18.774787,12.920095,3.372212,0.697905,0.407753,1.167448,0.932278,1.574087,1.715257,1.663297,3.748897,5.095496,2.659981,0.075899,0,0,0,0,0,0,0,0,0,0,0,125.2
0,0,0,0,0,0,0,0,0,0,0.160496,1.391622,1.091874,0.947232,1.458399,1.125142,0.463054,0.170218,1.0252,4.827112,11.945759,18.281237,16.025008,10.523558,8.35132,7.848712,2.508668,2.50117,1.807082,1.328699,1.704175,1.980209,1.285124,1.031113,1.599028,1.332293,0.974333,2.592771,4.444005,5.306978,3.703525,0.766816,0,0,0,0,0,0,0,0,0,251.2
0,0,0,0,0,0,0,0,0,0,0,0,0,0,0,0,0,0,0,2.536615,14.75179,25.51436,20.539937,16.61319,15.553523,10.402494,4.558387,3.222939,2.351726,1.048794,0.751688,0.901195,0.878792,0.648292,0.200543,2.496452,1.526924,2.123931,1.765794,6.48448,3.344955,1.407921,0.1147,0,0,0,0,0,0,0,0,204.2
0,0,0,0,0,0,0,0,0,0,0,0,0,0,0,0,0,0,0,5.627801,10.39285,8.810661,25.06315,35.25561,36.993306,23.138808,21.53788,22.947558,7.872016,1.939104,1.118375,0.851275,0.960767,2.513688,1.61923,0.842537,3.907124,3.942203,2.787245,0.969581,0,0,0,0,0,0,0,0,0,0,0,188.4
0,0,0,0,0,0,0,0,0,0,0,0,0,0,0,0,0,0,1.520283,7.196949,10.92839,11.081716,17.970114,33.94498,38.875474,28.762353,21.051647,17.635286,9.096212,2.108851,0.940502,0.66905,1.217809,1.174296,2.282161,1.529289,4.350813,4.075331,2.314726,1.654538,0.26161,0,0,0,0,0,0,0,0,0,0,194
0,0,0,0,0,0,0,0,0,0,0,0,0,0,0,0,0,0.953045,9.019026,11.875223,14.358277,14.187472,15.350876,14.909521,13.794341,4.835471,2.059382,1.931938,1.073283,1.307193,2.767102,2.417145,2.883834,4.743017,5.636817,6.762955,6.721657,4.349152,1.114022,0,0,0,0,0,0,0,0,0,0,0,0,140.7
0,0,0,0,0,0,0,0,0,0,0,0,0,0,0,0,0,0,0.183688,6.659766,14.272043,24.713114,22.98456,20.276412,17.093318,16.432933,16.759718,13.493299,5.463366,2.207094,1.886243,0.895036,0.276307,1.027031,1.336562,2.273743,2.344954,4.894979,3.888513,2.599574,2.246504,0.100093,0,0,0,0,0,0,0,0,0,214.8
0,0,0,0,0,0,0,0,0,0,0,0,0,0,0,0,0,0,0.841413,6.489721,9.320317,17.704354,17.986277,14.074134,12.144035,11.030281,8.958604,1.199129,0.403107,2.412472,0.514087,0.84893,0.73654,2.208191,1.51348,2.257208,5.16385,3.449566,3.389773,1.526554,0.138017,0,0,0,0,0,0,0,0,0,0,130.5
0,0,0,0,0,0,0,0,0,0,0,0,0,0,0,0,0,0,0.180184,4.420663,6.699917,17.523659,22.341965,20.17336,17.938194,14.006282,8.425912,3.170103,1.051657,1.457141,0.300164,0.710877,0.921822,1.372577,1.902543,2.371454,4.895416,4.0513,2.401047,2.243979,0.096294,0,0,0,0,0,0,0,0,0,0,155.4
0,0,0,0,0,0,0,0,0,0,0,0,0,0,0,0,0,0,1.386693,7.728326,10.767847,10.436096,17.618772,31.37007,33.151478,24.166512,17.696315,16.477894,7.090906,1.823415,1.238564,0.642478,0.862177,2.167675,1.847608,0.640834,4.72813,4.019032,2.436287,1.830027,0.237534,0,0,0,0,0,0,0,0,0,0,173
0,0,0,0,0,0,0,0,0,0,0,0,0,0,0,0,0,0.415132,12.79566,20.173281,19.981213,13.695075,12.877907,12.747828,13.294589,13.043748,15.757892,12.166932,16.100785,21.167911,16.735722,3.615172,1.025569,2.117653,1.244391,3.005503,4.114773,3.56378,0.978964,0,0,0,0,0,0,0,0,0,0,0,0,305.9
0,0,0,0,0,0,0,0,0,0,0,0,0,0,0,0,0,0.927517,10.349261,14.299886,14.507573,11.862463,9.889149,9.780019,11.887649,8.913093,10.610493,7.40703,11.962909,11.503012,8.668194,1.229502,0.95404,2.071144,2.66564,2.457435,4.029069,3.60533,1.484577,0.619106,0,0,0,0,0,0,0,0,0,0,0,202.1
0,0,0,0,0,0,0,0,0,0,0,0,0,0,0,0,0.51903,6.59411,12.793929,10.484059,6.956137,9.161533,6.37384,3.917642,1.94528,2.148003,1.891242,1.644675,2.324445,1.174061,2.537174,3.36333,3.452268,4.482897,6.597275,7.663446,4.344646,1.355615,0.005932,0,0,0,0,0,0,0,0,0,0,0,0,161
0,0,0,0,0,0,0,0,0,0,0,0,0,0,0,0,0,0.879902,6.729064,14.136644,17.756753,12.514579,9.231779,8.597807,5.989427,2.271211,1.821476,1.587034,2.318079,2.104571,0.62045,2.63445,2.093326,3.433019,3.433188,5.734256,6.769961,4.114,2.351982,0.263194,0,0,0,0,0,0,0,0,0,0,0,204.6
0,0,0,0,0,0,0,0,0,0,0,0,0,0,0,0,0,0.063938,2.741888,9.130576,15.663932,19.064137,22.490623,16.367809,11.620329,9.267807,4.623295,1.41267,1.73191,2.485361,1.46827,0.918509,2.11941,1.614838,2.606983,2.879374,4.211211,7.243121,3.590466,2.177754,0.849162,0,0,0,0,0,0,0,0,0,0,215
0,0,0,0,0,0,0,0,0,0,0,0,0,0,0,0,0,0,0.304446,3.361006,8.503309,17.181657,19.943295,22.352093,17.958445,13.480484,17.275128,12.337813,2.924749,1.569838,1.083676,0.669701,1.479405,1.495721,1.968716,0.999379,4.136639,4.059172,2.82429,0.453848,0,0,0,0,0,0,0,0,0,0,0,118
0,0,0,0,0,0,0,0,0,0,0,0,0,0,0,0,0,0.386556,4.878206,8.645422,11.246286,10.36257,12.60696,10.603793,13.984579,12.26608,13.662587,6.006578,4.113432,4.177552,0.955473,0.977556,1.309005,1.542711,1.350703,2.910272,3.222473,4.263251,2.049114,1.220883,0.01375,0,0,0,0,0,0,0,0,0,0,97
0,0,0,0,0,0,0,0,0,0,0,0,0,0,0,0,0,0,0,1.011796,5.28999,14.159981,24.92418,37.876929,40.33638,32.847185,24.178149,15.594358,5.958641,1.435987,1.090059,1.027533,0.735657,1.630083,1.688141,1.725494,4.093735,3.850939,1.684726,1.36224,0.043107,0,0,0,0,0,0,0,0,0,0,264
0,0,0,0,0,0,0,0,0,0,0,0,0,0,0,1.887758,5.568114,6.594121,6.456611,8.726936,5.460022,8.017724,4.654542,4.171775,5.348609,4.614501,4.448972,4.166794,6.414374,6.316501,6.028755,6.78016,4.420651,6.745757,6.010021,3.341311,0.474111,0,0,0,0,0,0,0,0,0,0,0,0,0,0,127
0,0,0,0,0,0,0,0,0,0,0,0,0,0,0,1.311887,2.967696,3.920884,3.524494,2.963649,2.621713,4.211848,4.444947,2.649043,4.29832,4.853685,5.918267,4.115761,4.996473,4.092373,9.032117,7.464936,3.187491,1.043334,0,0,0,0,0,0,0,0,0,0,0,0,0,0,0,0,0,-49.7
0,0,0,0,0,0,0,0,0,0.598418,1.081461,1.303511,0.607371,0.58395,0.643976,1.317544,1.160424,0.876048,0.427921,1.832751,3.575744,6.430778,6.89719,5.272597,7.463464,5.094136,1.581691,2.271141,1.180852,1.281897,1.761958,1.460004,0.278651,1.024001,0.810134,2.056298,0.822218,1.435817,3.112013,1.80608,1.803216,0.048332,0,0,0,0,0,0,0,0,0,64.5
0,0,0,0,0,0,0,0,0,0.169947,0.481368,1.525734,0.62971,0.510396,0.785748,1.192813,0.906612,0.75304,0.848409,1.040998,3.508124,9.230502,10.089076,10.655729,8.514452,6.401002,7.817023,4.172579,1.245362,1.588623,1.527698,1.128492,0.558762,1.066649,0.957679,1.457453,1.316878,1.730209,2.125518,2.23191,1.882005,0.356068,0,0,0,0,0,0,0,0,0,78.24
0,0,0,0,0,0,0,0,0,0.149301,0.487779,1.574573,0.595096,0.544175,0.767107,1.12487,0.854885,0.845249,0.777629,1.131526,2.142454,7.357987,14.816916,14.768569,12.130439,10.756428,9.904332,7.973389,1.868993,1.480281,1.5345,1.157013,0.689937,0.849405,0.939636,1.508095,1.409212,1.562955,2.25984,2.292561,1.751566,0.3816,0,0,0,0,0,0,0,0,0,97.04
0,0,0,0,0,0,0,0,0,0.067774,0.344406,1.664552,0.458854,0.460805,0.617088,1.793233,0.687276,0.596609,1.098117,1.235982,2.191728,9.258558,13.077932,14.906215,9.659907,8.378685,12.07541,9.332883,2.466484,1.49848,0.991099,1.229146,0.85729,0.401675,0.954822,0.628859,2.311238,1.864621,1.175847,1.973287,2.39768,0.543328,0,0,0,0,0,0,0,0,0,82.21
0,0,0,0,0,0,0,0,0,0.137741,0.424366,1.670775,0.377598,0.639519,0.846967,1.140059,0.968125,0.700921,0.787479,1.166049,2.01887,6.115113,17.101103,18.475862,18.191048,13.087117,11.144932,12.029692,3.310986,1.558815,1.046794,1.454476,0.855829,0.906511,1.084666,1.012604,1.561775,1.656937,1.88497,2.42872,1.970208,0.360244,0,0,0,0,0,0,0,0,0,117.6
0,0,0,0,0,0,0,0,0,0.184381,0.447344,2.009794,0.557791,0.331643,0.79765,0.876128,1.197163,0.813784,0.817911,0.740877,0.534595,4.687405,17.030499,17.774313,17.311179,11.46208,8.856766,11.66481,9.284852,2.474514,1.599834,1.370785,1.627469,0.270657,0.973833,0.719057,1.506829,1.791792,3.069177,1.352648,0.201109,0,0,0,0,0,0,0,0,0,0,107.84
0,0,0,0,0,0,0,0,0,0.053108,0.459632,1.194486,0.942494,0.656387,0.336617,1.045102,1.338115,0.700255,0.67269,1.175732,1.964548,6.667131,15.496845,17.8931,15.235188,11.355853,13.76619,12.316977,6.166354,1.765249,1.098537,0.927118,1.201147,0.829525,0.965235,0.522822,1.940361,2.06607,2.217883,1.270847,1.095952,0.32877,0,0,0,0,0,0,0,0,0,99.4
0,0,0,0,0,0,0,0,0,0.004527,0.401641,0.849829,0.981563,0.576303,0.442901,1.160409,1.081842,0.47113,1.315783,0.902428,3.309034,11.97867,12.962846,17.614045,10.361147,9.521467,14.808189,13.75196,4.635608,1.30307,1.061504,0.750286,0.912365,0.937479,0.860511,0.360121,1.368145,2.813064,1.024829,1.379686,2.556831,0.741528,0,0,0,0,0,0,0,0,0,82.3
0,0,0,0,0,0,0,0,0,0.143519,0.480627,1.588341,0.613893,0.441248,0.864834,1.064316,0.863757,0.873452,0.735601,1.104244,1.974714,5.522534,17.014801,23.740189,23.526744,17.143852,13.623949,14.155868,4.779924,1.639557,1.582809,1.104765,0.753132,0.83336,0.953154,1.46439,1.278341,1.669305,2.228061,2.244222,1.79134,0.450315,0,0,0,0,0,0,0,0,0,137.6
0,0,0,0,0,0,0,0,0,0,0.112639,0.735914,0.877851,0.494072,0.258613,0.948636,1.227505,1.010641,0.600378,0.895186,1.669986,7.727024,20.570775,22.769101,19.622095,14.471016,15.045525,14.806774,4.599449,1.696095,0.605956,0.779701,1.32241,0.410241,1.106934,0.410975,2.263421,2.08674,0.809299,2.119077,2.382083,0.465908,0,0,0,0,0,0,0,0,0,119.1
0,0,0,0,0,0,0,0,0,0,0.306063,0.812328,0.899041,0.58035,0.343738,1.387382,0.92492,0.395019,0.955929,1.08792,2.59165,9.187508,17.254426,18.252167,15.105346,14.005083,16.827229,16.937152,6.757739,1.750804,1.312664,0.360785,1.026678,0.510475,0.596868,1.46735,1.089005,2.070438,0.902179,1.32186,1.920721,0.776342,0,0,0,0,0,0,0,0,0,102.4
0,0,0,0,0,0,0,0,0,0,0.273415,0.758815,0.928275,0.536758,0.671738,0.77097,0.813658,1.1041,0.576263,0.928211,2.032932,8.333497,22.545989,19.070476,14.229204,12.101707,11.628668,16.721792,7.137079,1.784076,1.66203,1.339362,0.842847,0.510712,0.986467,1.826302,1.045748,1.439647,1.948443,2.130279,1.308526,0.207536,0,0,0,0,0,0,0,0,0,112
0,0,0,0,0,0,0,0,0,0.156621,0.387945,1.836888,0.209386,0.541262,0.919051,1.232996,0.876651,0.626655,0.750391,1.303108,1.959988,5.532527,17.467227,27.409531,27.879606,21.565066,16.18927,16.143501,6.851567,1.697845,1.013187,1.401926,0.980532,0.904263,1.053099,1.109616,1.364007,1.757807,1.885515,2.389991,1.970124,0.393382,0,0,0,0,0,0,0,0,0,156.9
0,0,0,0,0,0,0,0,0,0.114342,0.346319,1.795151,0.236898,0.561908,0.93869,1.122413,1.047122,0.57482,0.89033,1.065419,1.398862,5.580706,18.898628,25.188822,23.906251,18.213994,18.547474,17.049833,8.408879,2.118621,1.267691,0.737689,1.101878,0.836075,1.183927,1.625412,0.772536,1.569439,1.471087,2.574521,1.290675,0.33201,0,0,0,0,0,0,0,0,0,157
0,0,0,0,0,0,0,0,0,0,0.215401,0.751031,0.780429,0.588274,0.838733,1.021753,0.722995,0.76735,0.499637,1.249912,1.707453,7.627367,20.186612,18.955968,19.801989,17.84883,19.693557,19.587704,8.375095,1.927872,1.584112,0.680057,0.750198,1.231893,0.294522,1.440354,0.791617,1.721372,0.73247,1.50335,1.602072,0.483643,0,0,0,0,0,0,0,0,0,129
0,0,0,0,0,0,0,0,0,0,0.095118,0.602627,1.149354,0.359793,0.101009,0.91827,1.364948,1.043513,0.482138,0.826388,1.571311,6.723089,19.375241,22.424663,19.63567,14.801134,15.788822,13.910613,6.613965,2.022943,1.186723,0.615248,1.02127,0.513544,1.074955,0.597507,2.170927,2.272298,1.859426,1.288861,1.045645,0.319155,0,0,0,0,0,0,0,0,0,123
0,0,0,0,0,0,0,0,0,0.233216,0.62174,1.958457,0.385897,0.48225,0.705209,1.081781,1.199462,0.564745,0.976031,0.642316,0.649891,5.705562,19.298159,32.376256,36.319261,24.834272,21.107284,21.526662,9.606364,2.245095,0.561786,1.246215,1.160822,0.365642,0.895726,0.846433,2.306125,1.585478,1.363728,2.076559,2.391935,0.467639,0,0,0,0,0,0,0,0,0,186.2
0,0,0,0,0,0,0,0,0,0.111155,0.446727,1.945415,0.696013,0.378324,0.625192,1.315444,1.005681,0.567803,1.14082,0.583421,0.540453,4.423748,17.617316,23.723721,23.853837,14.271706,11.796724,16.952249,5.617197,1.358647,0.619933,1.497686,0.8687,0.640524,0.662341,1.094794,2.845684,1.169362,1.941233,2.541135,1.436105,0,0,0,0,0,0,0,0,0,0,130.8
0,0,0,0,0,0,0,0,0,0.115309,0.504103,1.474917,0.692801,0.411131,0.908864,1.165025,0.804627,0.861517,0.720992,1.157219,1.92383,5.46554,17.529929,31.288579,33.196169,26.231297,19.492341,17.342732,8.642858,1.705963,1.553799,1.161883,0.721536,0.823817,0.966091,1.419958,1.379569,1.603093,2.226826,2.308776,1.770837,0.447839,0,0,0,0,0,0,0,0,0,178
0,0,0,0,0,0,0,0,0,0.10175,0.441054,1.44003,0.823917,0.447806,0.741193,1.105031,0.993099,0.776722,0.372203,1.506993,2.098775,5.535205,20.385463,29.870411,32.017035,21.747586,18.209269,16.641803,10.632491,1.760214,1.132593,1.52006,1.231723,0.616921,1.100299,1.241171,1.370965,1.548405,2.296344,2.305416,1.747724,0.45138,0,0,0,0,0,0,0,0,0,170
0,0,0,0,0,0,0,0,0,0.050262,0.420798,1.441857,0.700806,0.373797,0.861356,0.709308,0.973755,1.295105,0.704049,1.053153,2.962192,6.242669,20.897177,25.16409,21.648631,14.990553,14.947801,19.76525,7.321352,1.361415,0.90296,1.024539,1.501352,0.577499,1.036256,0.528564,2.036775,1.815294,1.165427,2.100151,2.396585,0.637663,0,0,0,0,0,0,0,0,0,132
0,0,0,0,0,0,0,0,0,0.163102,0.387684,1.833812,0.206242,0.531873,0.930084,1.197736,0.911708,0.622654,0.766336,1.26993,1.990993,5.549805,18.133819,34.122636,38.084333,30.287604,22.775794,19.184478,10.658059,1.74754,1.02713,1.406371,0.998544,0.883088,1.065171,1.081625,1.365762,1.7821,1.855723,2.405035,1.984637,0.393844,0,0,0,0,0,0,0,0,0,194.7
0,0,0,0,0,0,0,0,0,0.138939,0.470726,1.535323,0.661762,0.44701,0.844394,1.081921,0.860361,0.863601,0.697555,1.188873,1.987546,5.370991,18.243555,37.932788,43.509718,34.709889,26.385134,20.333392,12.424101,1.697998,1.547306,1.187535,0.697243,0.826966,0.973675,1.41555,1.383694,1.586286,2.231818,2.302708,1.775373,0.458989,0,0,0,0,0,0,0,0,0,213.7
0,0,0,0,0,0,0,0,0,0.149077,0.382977,1.833435,0.225351,0.545895,0.907441,1.220568,0.897106,0.615703,0.773797,1.28984,1.929015,5.502863,18.894201,40.751208,48.645827,38.423637,29.868279,22.238933,14.348077,1.761475,1.019517,1.387754,0.975979,0.91758,1.057568,1.109882,1.360859,1.777121,1.880005,2.461424,1.97512,0.337926,0,0,0,0,0,0,0,0,0,229
0,0,0,0,0,0,0,0,0,0.156823,0.384468,1.837664,0.211884,0.529767,0.926759,1.217955,0.894989,0.619183,0.754302,1.299081,1.981308,5.504904,19.178268,44.037811,53.872818,42.712053,33.102641,23.499737,16.520913,1.751582,1.022684,1.381672,0.995248,0.904414,1.057364,1.094736,1.360375,1.775279,1.86595,2.393437,1.982133,0.403856,0,0,0,0,0,0,0,0,0,246
0,0,0,0,0,0,0,0,0,0.157523,0.38818,1.832735,0.212402,0.550119,0.910936,1.208897,0.901998,0.621744,0.78175,1.268818,1.976386,5.534899,19.612356,47.118068,59.105,46.810467,36.688379,25.078877,18.373416,1.775368,1.024786,1.39063,0.981775,0.920196,1.056493,1.08229,1.373467,1.771128,1.860685,2.400037,1.98084,0.401837,0,0,0,0,0,0,0,0,0,264.1
0,0,0,0,0,0,0,0,0,0.137307,0.416708,1.751273,0.246302,0.603834,0.82588,1.259937,0.872529,0.662571,0.707341,1.372085,1.916951,5.536005,19.859882,50.804814,64.347451,51.017424,40.358863,26.725542,20.258428,2.096847,1.062213,1.378738,0.58013,0.641527,1.066908,1.358125,1.525289,1.629581,1.826498,2.474333,1.987563,0.387498,0,0,0,0,0,0,0,0,0,287
0,0,0,0,0,0,0,0,0,0.139131,0.467542,1.538867,0.66121,0.452443,0.837858,1.028709,0.901014,0.856169,0.704884,1.181507,2.001934,5.37044,19.930394,54.603371,69.750526,55.860385,43.653292,27.956251,22.036237,1.762736,1.559854,1.185902,0.702331,0.811622,0.975782,1.409419,1.375472,1.612513,2.208221,2.31188,1.782221,0.459953,0,0,0,0,0,0,0,0,0,295.8
0,0,0,0,0,0,0,0,0,0.14376,0.388695,1.823335,0.23505,0.559829,0.893535,1.20742,0.929794,0.647536,0.732965,1.256099,1.974172,5.549189,20.996057,56.624008,74.605513,59.379961,47.034387,30.107572,23.575529,1.951607,1.010489,1.414142,0.969728,0.922426,1.047989,1.09324,1.364609,1.78157,1.879034,2.444449,1.981332,0.351927,0,0,0,0,0,0,0,0,0,318
0,0,0,0,0,0,0,0,0,0,0.279801,0.694038,0.989445,0.523975,0.548655,0.803427,0.88042,0.967299,0.573551,0.932392,2.284746,6.679247,22.213424,63.058017,78.155896,63.06546,49.496501,30.139363,25.563115,1.987904,1.535166,1.247655,0.236653,0.968744,1.0679,1.543652,1.323626,1.537741,2.172209,2.398635,1.692835,0.40408,0,0,0,0,0,0,0,0,0,325
0,0,0,0,0,0,0,0,0,0.136115,0.371857,1.815754,0.267115,0.530971,0.895571,1.22299,0.921898,0.604477,0.748287,1.331834,1.9438,5.490244,21.614121,63.270978,85.344253,68.03423,54.206958,33.405623,27.084189,1.960145,1.054783,1.415326,0.858799,0.898603,1.056594,1.085235,1.426019,1.753233,1.890339,2.438914,1.991946,0.362179,0,0,0,0,0,0,0,0,0,324
0,0,0,0,0,0,0,0,0,0.136672,0.421594,1.728599,0.264726,0.626625,0.791077,1.264663,0.883005,0.656418,0.69437,1.402566,1.884765,5.507334,21.910736,67.036522,90.443394,71.93534,57.660638,35.035794,29.073067,1.943155,1.054726,1.390513,0.869588,0.890755,1.045079,1.130624,1.386609,1.762619,1.887654,2.432329,1.99364,0.373697,0,0,0,0,0,0,0,0,0,351
0,0,0,0,0,0,0,0,0,0.119714,0.380246,1.359982,0.579243,0.60313,1.182912,0.731086,0.555978,0.992966,0.760743,1.578934,1.468726,5.558945,18.260099,23.439509,23.381311,17.917287,17.848818,18.584635,6.74506,2.859105,0.464805,1.357678,0.582567,0.424969,1.374877,1.60671,1.265866,1.277539,1.48174,2.549449,1.107419,0.313901,0,0,0,0,0,0,0,0,0,155
0,0,0,0,0,0,0,0,0,0.120005,0.414053,1.747068,0.270464,0.608713,0.803204,1.310488,0.838636,0.66718,0.653907,1.453535,1.853112,5.384966,23.056041,73.04538,100.657838,80.882347,64.254119,37.624564,33.065586,2.376636,1.069297,1.370367,0.567226,0.633672,1.093758,1.38732,1.528329,1.607574,1.908399,2.471207,1.967244,0.335865,0,0,0,0,0,0,0,0,0,356
0,0,0,0,0,0,0,0,0,0.161258,0.440294,1.654275,0.354653,0.600778,0.836749,1.187387,1.073756,0.675692,0.367326,1.184472,2.292848,5.632697,22.208904,70.757877,94.640661,76.621625,61.232091,36.28443,30.868772,2.091471,1.084294,1.456656,0.931794,0.850513,1.122288,0.900159,1.586366,1.714566,1.842449,2.441922,1.993447,0.37929,0,0,0,0,0,0,0,0,0,345
0,0,0,0,0,0,0,0,0,0.03774,0.37444,1.41917,0.70062,0.377554,0.70739,1.443973,1.015211,0.534117,0.626065,1.499249,0.757655,3.496545,16.477183,24.856849,24.742906,16.964495,15.176596,11.294867,2.862671,1.623724,0.891401,0.755481,1.584019,0.217893,1.129757,0.584393,2.279866,1.882564,0.978272,2.235506,2.464289,0.38082,0,0,0,0,0,0,0,0,0,160.9
0,0,0,0,0,0,0,0,0,0,0.198229,0.644262,1.090147,0.63333,0.468572,0.839959,1.231164,0.506228,0.910797,1.126153,1.826427,5.554995,15.896151,23.579069,26.468533,20.932999,20.818657,13.061361,3.576826,2.590411,0.699742,0.480753,1.059302,0.487435,1.423479,0.253974,1.962779,2.512433,0.918702,2.020882,2.048497,0.058693,0,0,0,0,0,0,0,0,0,155
0,0,0,0,0,0,0,0,0,0,0.12312,1.088322,0.768332,0.501673,0.509804,0.730986,1.541616,0.585155,1.192814,0.821508,1.208912,2.956034,15.65689,26.679581,25.45358,20.001488,18.405138,14.740354,8.812042,2.537081,0.622318,0.124561,0.741955,0.561789,1.093134,1.208101,1.491577,1.124782,0.667364,1.744964,1.466646,0.639244,0.082465,0,0,0,0,0,0,0,0,168
0,0,0,0,0,0,0,0,0,0,0.355891,0.936598,1.196535,0.327079,0.510707,1.146209,0.931274,0.76358,1.095122,0.577202,2.253796,3.556264,16.196425,25.441906,25.083847,18.218766,18.842944,17.39653,7.841586,1.723458,1.093732,0.406725,1.14345,0.652882,0.490844,1.102523,1.93192,1.534283,0.52077,1.831954,1.369614,0.665036,0.089717,0,0,0,0,0,0,0,0,167
0,0,0,0,0,0,0,0,0,0,0.436942,1.002934,1.347244,0.111351,0.756497,1.032609,1.105601,1.029451,0.626173,0.811865,0.827976,3.23424,15.968885,29.406532,30.518036,19.636154,15.102195,15.670729,5.235676,1.951933,0.696252,1.347405,0.903611,0.661759,0.813767,0.630642,2.87331,1.633233,1.25953,2.528834,1.669762,0.053083,0,0,0,0,0,0,0,0,0,174
0,0,0,0,0,0,0,0,0,0,0.30856,1.171712,0.894679,0.370253,0.6916,1.286304,1.226355,0.368105,0.801483,1.360284,0.795348,5.679282,17.187335,21.407239,24.114481,20.848587,20.869455,15.421513,7.400609,1.752741,1.864054,0.176848,0.850997,0.299157,0.783782,1.167701,1.823862,1.90623,0.706202,2.02157,1.080262,0.604957,0.031306,0,0,0,0,0,0,0,0,175
0,0,0,0,0,0,0,0,0,0,0,0,0.286372,0.685634,0.412027,0.915439,0.459476,0.516558,1.333955,1.342104,2.30832,8.147878,25.034928,33.080097,31.708941,25.061846,25.337931,21.361759,7.012557,1.544843,1.081363,0.881603,0.610536,0.365522,1.665458,1.064494,1.867918,1.214679,1.630145,1.871533,2.237486,0.563048,0,0,0,0,0,0,0,0,0,214
0,0,0,0,0,0,0,0,0,0.286295,1.04726,1.661691,0.310038,0.767607,0.945613,0.919041,1.163592,0.956433,0.533936,0.891805,3.627282,13.73502,23.126827,22.751553,12.385384,10.372604,10.516564,3.515742,2.929969,2.08115,2.02603,2.854591,0.860543,2.375546,2.680809,3.569771,2.8664,3.477974,4.716747,1.325106,0.097258,0,0,0,0,0,0,0,0,0,0,176.3
0,0,0,0,0,0,0,0,0.036334,0.709998,0.94982,1.196084,0.74062,0.224762,1.338104,0.997473,1.061221,0.381307,0.644203,6.936208,9.826792,10.271353,8.191269,6.186964,5.783321,4.451666,4.049689,6.223961,4.869747,3.609323,4.635847,4.230017,2.474348,3.120096,1.318579,1.108512,1.655037,1.592648,2.424814,2.050864,0.885801,0,0,0,0,0,0,0,0,0,0,96.9
0,0,0,0,0,0,0,0,0,0.288942,0.735923,1.055675,0.560459,0.856899,0.699217,0.837312,0.802371,1.360997,2.491437,9.659256,13.925001,15.17639,15.545435,12.205738,12.020298,12.664575,15.974481,8.341302,8.542055,7.518542,11.980371,8.308442,8.611426,2.20499,0.831144,1.792642,2.631681,1.361912,0.66243,0.846894,0.046082,0,0,0,0,0,0,0,0,0,0,202
0,0,0,0,0,0,0,0,0.330017,0.85603,0.165182,0.786353,0.973195,1.28388,0.290838,0.506269,0.933207,1.251577,1.535987,5.825942,13.148235,15.423824,13.807426,12.844962,12.74499,13.684431,9.599945,6.44276,5.979054,7.85044,8.432801,9.981415,7.131609,5.424213,1.503026,2.466437,2.652888,0.231896,0,0,0,0,0,0,0,0,0,0,0,0,0,216.88
0,0,0,0,0,0,0,0,0.251826,0.450266,0.438545,0.855985,0.803794,0.803536,0.383831,0.517031,1.212427,1.710672,1.999409,7.812681,10.923341,17.230887,12.082236,11.476043,11.488441,14.453401,13.808094,6.76085,7.940908,7.048464,9.669162,10.381131,7.171148,3.503961,1.23871,2.455261,2.661375,0.237996,0,0,0,0,0,0,0,0,0,0,0,0,0,210.94
0,0,0,0,0,0,0,0.145351,0.377284,1.695701,0.686544,0.507725,0.616006,1.075,0.869852,0.893043,0.241988,0.508551,0.953416,3.398909,9.494466,14.706008,16.426741,14.527919,14.099575,13.205488,17.770611,8.236253,8.065762,8.306132,8.280044,8.349898,5.919019,1.617583,2.28036,1.050234,1.858043,1.663224,1.05834,0,0,0,0,0,0,0,0,0,0,0,0,211.14
0,0,0,0,0,0,0,0,0.168745,0.342307,0.621421,0.965811,0.597606,0.39854,0.671783,1.004099,0.974821,1.557751,1.955631,6.791363,11.117432,15.208947,13.549541,11.411925,11.994725,13.777098,12.448358,8.924707,6.696859,10.048873,6.969298,8.274981,7.528137,6.577683,2.398674,1.491501,0.834453,0,0,0,0,0,0,0,0,0,0,0,0,0,0,201.03
0,0,0,0,0,0,0,0.38733,1.425452,0.602179,0.647297,0.951967,1.277928,0.619781,0.837601,0.865594,0.704969,1.228474,1.702513,4.017468,10.339928,14.331651,14.982972,12.10688,11.255922,11.551544,17.166129,8.549878,5.601253,7.734452,9.478482,10.28037,7.426921,4.037644,0.842272,2.593665,2.683328,0.486138,0,0,0,0,0,0,0,0,0,0,0,0,0,227.31
0,0,0,0,0,0,0,0.381201,1.422984,0.61566,0.641369,1.044484,1.215727,0.624476,0.843637,0.877017,0.727213,1.262697,1.411405,2.444315,11.376673,15.539358,16.392383,10.690902,10.917952,14.955738,16.172398,8.312339,5.452392,7.685655,10.33174,10.653923,7.453424,3.565201,0.947052,2.600609,2.618451,0.368566,0,0,0,0,0,0,0,0,0,0,0,0,0,221.71
0,0,0,0,0,0,0,0,0.233245,0.443846,1.697591,0.471338,0.509346,1.980984,3.410271,2.228668,0.838908,3.910416,5.455303,6.191154,3.626488,4.933093,4.938793,2.1074,2.632765,3.222204,4.794511,3.816908,3.145174,5.781031,7.562748,5.396216,8.399687,2.670091,0.776941,1.532746,1.967149,2.319353,2.000673,0.930629,0,0,0,0,0,0,0,0,0,0,0,113
0,0,0,0,0,0,0,0,0,0.290841,0.552417,1.841179,0.141953,0.08319,1.433286,1.120013,0.979265,0.36535,1.69299,10.988263,15.711546,13.866145,9.916539,9.264798,8.564488,7.847347,6.220988,8.393656,7.947303,6.831713,11.69806,7.122978,5.709147,1.075644,1.583255,2.139549,0.622909,1.356695,2.306704,1.770513,0.544648,0,0,0,0,0,0,0,0,0,0,205.3
0,0,0,0,0,0,0.064893,0.711861,1.386789,0.627984,0.59591,1.172752,1.053807,0.850494,0.861275,0.726909,0.913709,1.574218,2.823622,9.900591,9.572752,8.784819,6.510652,5.495285,6.325306,5.703471,5.213488,5.53939,9.024823,7.832751,11.526721,9.86739,8.824427,1.847281,1.839256,2.404544,1.961606,0.027234,0,0,0,0,0,0,0,0,0,0,0,0,0,181.8
0,0,0,0,0,0,0,0,0.323826,0.341474,0.638997,0.985188,0.5076,0.924691,0.319013,0.575122,1.596069,1.40261,2.888479,10.608164,11.721218,13.397153,8.468981,8.275605,9.107095,10.019344,7.570002,4.753783,8.315814,8.110753,9.666124,10.003288,7.462892,4.125844,1.693467,2.411917,2.111676,0.036493,0,0,0,0,0,0,0,0,0,0,0,0,0,191
0,0,0,0,0,0,0,0.538619,1.411527,0.588318,0.69089,1.126673,1.106974,0.649082,0.970829,0.783499,0.791623,1.31507,1.976245,5.595653,12.069299,11.318818,11.808182,7.787145,8.280553,12.326559,9.762079,4.886979,8.168667,7.980604,10.207955,10.642361,7.764022,3.267053,1.299772,2.46298,2.49382,0.095931,0,0,0,0,0,0,0,0,0,0,0,0,0,202.2
0,0,0,0,0,0,0,0.150966,0.470162,1.916729,0.585657,0.294569,0.755926,1.129281,1.017499,0.967246,0.076375,0.391251,1.687346,7.105379,11.492568,12.287057,12.095188,8.874945,10.213005,12.875238,9.782001,5.87273,9.098142,8.876541,10.561847,8.09792,4.555107,1.29794,2.158322,1.480768,1.813638,2.493755,0.988514,0,0,0,0,0,0,0,0,0,0,0,0,201.9
0,0,0,0,0,0,0,0.47534,1.380788,0.821172,0.447931,0.821723,1.227728,0.974085,0.922471,0.743832,0.849886,1.407397,1.622531,5.243291,8.111967,11.774208,11.633655,14.718569,11.726912,13.275774,13.969353,11.691772,9.750428,8.830738,8.447053,9.114689,8.723823,5.644049,1.522677,1.04396,0.129069,0,0,0,0,0,0,0,0,0,0,0,0,0,0,204.5
0,0,0,0,0,0,0,1.020938,2.892742,1.324994,1.325099,1.692034,2.497989,1.576117,2.151899,1.347576,1.899693,3.527036,4.379594,8.591182,6.58284,5.742028,4.197387,4.870496,3.369655,6.426183,4.356965,6.005124,8.184648,8.161477,14.882452,12.598653,5.00965,3.906972,1.99332,4.86999,5.391022,0.896953,0,0,0,0,0,0,0,0,0,0,0,0,0,288
0,0,0,0,0,0,0,0.486101,1.428263,0.597564,0.698098,1.017782,1.180714,0.691717,0.889051,0.838926,0.707231,1.433177,1.948924,5.429402,6.949624,13.342299,14.340973,16.073763,11.242181,13.84144,12.33697,7.820228,9.926265,6.28791,10.295739,10.364516,8.174127,2.998155,1.048242,2.540169,2.571804,0.268975,0,0,0,0,0,0,0,0,0,0,0,0,0,217.97
0,0,0,0,0,0,0,0.613476,1.369885,0.540113,0.752314,1.005549,1.16189,0.686144,0.881655,0.801601,0.713621,1.489734,2.293578,5.753213,8.701886,10.588297,20.510432,17.828837,15.304348,14.971046,15.631922,19.661341,11.164171,7.660285,9.866955,8.874502,8.511254,3.108855,1.089141,2.545919,2.553231,0.220195,0,0,0,0,0,0,0,0,0,0,0,0,0,244
0,0,0,0,0,0,0,0,0,1.035071,2.407053,2.132116,1.15016,1.283139,1.981924,2.188832,1.882872,2.215653,2.067054,4.19182,8.682539,7.549194,6.822005,4.226492,5.891354,4.232167,2.641666,1.881567,2.462404,2.181577,2.321701,2.326602,1.009452,2.640818,2.376335,2.536368,3.024266,3.776474,4.533688,4.145138,1.16473,0,0,0,0,0,0,0,0,0,0,197.5
0,0,0,0,0,0,0,0,0.0965,1.057864,2.828945,1.377528,1.513694,1.025372,2.752392,2.026198,1.760351,1.202928,2.459208,4.402743,12.259096,18.776859,14.286272,9.53068,11.17488,8.289799,4.991158,3.226568,3.97716,3.612258,2.744965,2.160101,1.842229,3.889705,6.253461,3.641647,3.865107,5.249831,4.771474,4.066587,0.84909,0,0,0,0,0,0,0,0,0,0,245.5
0,0,0,0,0,0,0,0,0.068344,1.133652,2.774219,1.630582,1.302093,0.992209,2.24568,2.631347,1.938804,1.364333,1.795086,4.82091,15.561173,29.696139,23.073108,15.090967,15.071634,12.738449,7.493197,3.865112,4.363413,5.054763,3.315523,2.89837,2.857369,5.131912,9.749239,4.175505,5.582655,6.581752,4.42078,3.994025,0.962556,0,0,0,0,0,0,0,0,0,0,288.6
0,0,0,0,0,0,0,0,0.030599,0.977303,3.052917,1.690081,1.397808,1.181537,2.307892,2.071715,1.670141,2.135867,1.778658,2.8386,18.35764,41.89437,32.368763,20.967873,18.085753,18.895245,10.591087,4.564607,6.125892,6.437557,3.187152,2.674094,3.010355,6.052429,15.313652,5.252134,5.746861,7.621527,4.945552,3.841405,0.667495,0,0,0,0,0,0,0,0,0,0,315
0,0,0,0,0,0,0,0,0.073915,0.511377,1.632243,0.726616,0.438006,0.970821,1.716413,1.644052,1.925399,0.670494,1.47974,4.542826,8.88829,13.370357,11.67008,8.193791,7.663007,6.671057,8.55958,3.399158,2.057895,2.533111,2.046218,1.270346,2.369977,1.318609,3.18754,1.951209,2.304195,3.3003,3.506969,3.032426,2.011078,0.255126,0,0,0,0,0,0,0,0,0,187.3
0,0,0,0,0,0,0,0,0,0.466593,1.351268,3.233277,0.574388,1.691108,1.490266,2.523555,1.518792,1.393848,2.875577,2.555205,9.1391,14.756813,13.340178,8.699414,5.091951,4.649371,4.362144,3.045187,2.215599,2.98617,2.251334,2.386092,1.474033,1.885773,1.830173,3.215353,2.948796,3.017231,4.665858,4.351462,3.062526,0.136044,0,0,0,0,0,0,0,0,0,214.7
0,0,0,0,0,0,0,0,0,0,0,0,0,0.358525,0.827503,1.319043,1.946095,0.540044,2.943001,3.3592,13.495215,21.631134,21.901584,18.874259,16.412662,15.166598,14.751632,6.828037,3.381788,5.202307,1.252914,2.023453,1.680265,1.885905,1.762183,3.570325,2.909807,3.019555,5.89835,3.205601,0.754735,0,0,0,0,0,0,0,0,0,0,231
0,0,0,0,0,0,0,0,0,0.127751,0.979292,2.181957,1.506237,0.343247,1.525428,2.035817,2.125293,2.042983,0.926437,2.610792,8.914986,18.309484,14.561284,11.836617,11.513542,8.676374,9.323397,9.479212,5.170012,3.176796,2.810339,2.229936,1.584229,2.167792,1.903235,3.313876,1.705596,3.115891,4.360605,4.055392,1.746997,0.125114,0,0,0,0,0,0,0,0,0,207
0,0,0,0,0,0,0,0,0.500443,1.682434,3.146683,1.168962,0.969733,1.465199,2.485598,2.149683,1.928873,2.223382,9.018529,12.201918,8.088046,7.503316,4.524002,3.210033,2.849681,5.685974,2.469184,4.620322,6.350786,4.298701,6.631693,5.784934,5.662184,4.549364,2.623869,2.005478,4.618833,4.346244,4.48878,2.948202,0.098476,0,0,0,0,0,0,0,0,0,0,238
0,0,0,0,0,0,0,0,0,0.543469,1.475172,3.423575,0.337733,1.447921,1.815441,2.415927,1.548353,1.398731,2.289164,1.625178,4.297665,16.037096,15.474645,11.29343,9.120101,7.432129,6.193073,8.85273,6.109072,3.255096,1.718982,3.067918,1.374095,1.323219,2.23052,3.107881,3.203357,2.878973,4.622881,3.171497,1.607846,0.243757,0,0,0,0,0,0,0,0,0,221
0,0,0,0,0,0,0,0,0,0.388515,1.124476,3.190725,1.102372,0.974651,1.813337,2.217883,1.824575,2.241179,1.753593,3.934773,7.024684,13.691932,16.665789,11.869205,8.413709,7.262058,8.472001,5.732185,2.766357,2.442495,1.985413,2.809547,1.698669,1.48136,1.890307,2.307796,3.652644,3.406398,3.605498,4.433611,3.472379,0.252163,0,0,0,0,0,0,0,0,0,208.2
0,0,0,0,0,0,0,0,0,0.090383,0.790836,0.872341,0.558085,0.717703,0.998003,1.086731,0.731027,1.348238,1.667428,1.619488,4.044069,13.311285,20.351605,23.603485,15.437589,15.076296,22.769997,11.61144,3.373534,2.902156,1.474498,1.280648,2.006871,1.587012,1.406381,2.320502,3.329629,1.841895,1.978365,2.429297,1.872199,0.264354,0,0,0,0,0,0,0,0,0,197.9
0,0,0,0,0,0,0,0,0.218887,0.979987,1.019056,0.534523,1.336783,2.305863,2.530166,1.863996,1.314806,3.589406,4.947783,12.179687,12.856629,9.3163,5.879415,5.136686,5.529725,4.114574,2.902359,2.240032,2.614663,3.159044,3.704156,3.12512,2.266183,3.052093,3.550325,3.081926,3.370878,5.295872,5.259045,3.89449,1.614144,0,0,0,0,0,0,0,0,0,0,289
0,0,0,0,0,0,0.259154,1.114463,1.078253,0.632111,1.276444,2.025034,1.809677,1.166256,0.853949,1.47484,2.196858,1.99622,1.752709,4.838843,5.853245,10.7494,19.311378,17.247895,15.040696,13.793676,15.655441,22.732579,11.832929,9.999345,9.968619,9.774611,8.707149,4.611022,2.240934,2.619847,2.293417,0.055366,0,0,0,0,0,0,0,0,0,0,0,0,0,286
0,0,0,0,0,0,0,0,0,0,0.720344,1.176502,2.088121,0.734219,1.013385,1.554316,2.242262,2.126016,1.0583,2.187183,3.182415,15.978069,23.586691,20.500284,18.150816,16.866707,16.946567,19.732921,11.494427,4.977308,2.231099,1.347536,1.206209,1.040114,2.215335,3.597273,3.699085,2.196388,2.722445,1.907306,1.192812,0.165051,0,0,0,0,0,0,0,0,0,230.1
0,0,0,0,0,0,0,0,0,0.193816,1.058481,2.761732,1.227979,0.929665,1.197995,2.635489,2.127393,1.685092,1.774957,1.733066,5.149619,10.5605,12.628635,13.72882,9.665532,9.303124,15.229496,9.173275,2.80139,2.056348,1.392355,2.600251,1.124082,1.107085,3.445882,4.095533,1.419555,3.656306,3.645696,2.459065,1.016494,0.096893,0,0,0,0,0,0,0,0,0,178
0,0,0,0,0,0,0,0,0.073882,1.039954,3.193423,2.091361,0.772048,1.458701,1.822925,2.252233,1.785531,2.432003,0.832153,3.790514,15.884712,14.478321,8.920251,6.324687,3.228768,4.83138,3.851044,6.699826,5.376926,5.558626,5.938036,4.25212,2.824104,2.15043,3.744791,2.85258,2.191278,3.193983,5.104986,3.547106,1.096617,0,0,0,0,0,0,0,0,0,0,235
0,0,0,0,0,0,0,0,0,0.362938,1.072127,3.368282,0.903472,1.375844,1.324042,2.332325,1.821633,1.420698,2.15708,1.769458,6.613057,14.229609,19.929657,15.982178,11.092933,8.014565,4.62102,3.553802,2.303211,2.778397,2.901148,2.437465,1.012558,1.992873,1.742549,3.101313,2.978908,3.303568,4.344097,4.539294,3.275901,0.448756,0,0,0,0,0,0,0,0,0,229.5
0,0,0,0,0,0,0,0,0,0.314175,0.919153,3.426369,0.737904,1.303863,1.52101,2.441224,1.660946,1.513139,1.646487,2.407885,4.705845,13.098462,23.684871,21.702067,16.897332,10.791438,7.286225,4.942605,2.641685,2.955926,2.347427,2.785054,1.448879,1.850476,1.846227,2.844443,2.944846,3.107056,4.345261,4.645531,3.551081,0.583041,0,0,0,0,0,0,0,0,0,241
0,0,0,0,0,0,0,0,0,0.299652,0.971554,3.16225,1.199674,0.984758,1.64515,2.13999,1.788794,1.614453,1.467206,2.324715,4.452305,11.04088,24.710381,28.143601,22.888965,15.898366,8.989253,7.353174,2.552977,2.841544,3.085787,2.267224,1.454064,1.738949,1.846633,3.054835,2.742256,3.155565,4.499037,4.513676,3.519502,0.781861,0,0,0,0,0,0,0,0,0,208
0,0,0,0,0,0,0.452415,1.462927,0.581645,0.948856,1.145959,2.417686,1.382206,1.113169,0.97695,1.707829,2.284583,1.918102,2.809294,8.185829,7.835103,6.944505,5.418963,4.79664,6.207235,5.850698,6.198111,7.201209,11.012848,9.507359,9.602402,11.793297,9.745598,3.161241,2.822322,2.411059,1.57617,0,0,0,0,0,0,0,0,0,0,0,0,0,0,246
0,0,0,0,0,0,0.325636,1.7493,2.641128,1.213522,1.189925,2.405989,1.935146,2.371608,1.605516,2.056544,2.266513,1.629977,2.521799,7.422348,7.298504,5.731613,4.209749,4.232031,5.956576,4.866239,6.472608,2.511921,9.420339,10.040804,13.495533,12.018485,8.556659,2.615091,3.854867,4.961129,3.541672,0.037458,0,0,0,0,0,0,0,0,0,0,0,0,0,280
0,0,0,0,0,0,0.214811,0.941404,1.878812,1.372668,1.675499,3.979695,2.423816,1.677479,1.104095,2.430075,1.477329,1.134715,3.399292,6.412296,6.601192,5.460029,5.904748,4.361561,6.909659,6.73164,9.975927,6.746536,11.216534,8.946689,11.415713,10.385724,7.582142,3.946908,4.206226,4.808205,2.81123,0.06591,0,0,0,0,0,0,0,0,0,0,0,0,0,307
0,0,0,0,0,0,0.340556,1.462127,0.119459,1.350154,1.769784,0.745423,0.041907,0.296806,0.835246,2.860036,3.885214,2.197304,1.948087,1.578761,2.360864,2.630649,3.610408,3.059829,2.507908,3.184804,1.158031,2.612599,2.619005,3.032813,2.102583,1.212514,4.843006,3.388078,3.528197,6.452218,3.184379,1.208745,0.051147,0,0,0,0,0,0,0,0,0,0,0,0,101
0,0,0,0,0,0,0,0.571058,1.195432,0.100433,1.387424,1.375114,0.789162,0.194887,0.291888,0.52661,1.132914,1.300591,5.147019,5.652882,5.359625,5.937384,5.122441,9.960735,6.682015,2.531012,2.478049,0.960048,3.425606,2.752239,3.054892,1.582071,1.48186,5.602602,2.990928,3.7247,5.667901,2.99932,0.565629,0,0,0,0,0,0,0,0,0,0,0,0,117.9
0,0,0,0,0,0,0,0.444059,1.282285,0.070082,1.256985,1.371695,0.949845,0.238558,0.246721,0.390194,1.184733,0.771672,2.465257,5.156319,4.734095,8.796186,10.732347,12.053925,8.393401,6.141931,8.755241,2.512965,3.327498,3.02958,3.085854,2.445239,1.463938,4.581402,3.227221,3.447799,5.930637,2.752681,0.270724,0,0,0,0,0,0,0,0,0,0,0,0,141.5
0,0,0,0,0,0,0,0.182291,1.275057,0.309143,0.759019,1.468851,1.222866,0.386563,0.198147,0.35656,0.94961,0.903696,1.139202,4.656566,4.243415,5.360887,16.331311,39.067203,46.713806,35.761232,26.153963,21.699773,11.553747,2.721312,3.617978,1.891471,1.909475,5.196198,2.513541,4.714152,5.388039,1.911638,0.074091,0,0,0,0,0,0,0,0,0,0,0,0,270
0,0,0,0,0,0,0,0.180585,1.274788,0.311117,0.75384,1.487976,1.206717,0.394131,0.197579,0.357595,0.956597,0.907856,1.137417,4.779215,4.365068,6.817848,15.819842,16.106317,13.364825,10.427666,10.139391,6.511473,3.933282,2.695167,3.584717,1.807441,2.054973,5.094026,2.567432,4.667828,5.368111,1.873705,0.070995,0,0,0,0,0,0,0,0,0,0,0,0,163.7
0,0,0,0,0,0,0,0.172671,1.273572,0.320247,0.724815,1.499183,1.217831,0.397531,0.198137,0.3567,0.941639,0.913109,1.139717,4.726175,4.355037,5.586855,16.774788,21.008252,19.735957,12.801891,12.028919,10.524654,4.69067,2.730499,3.591845,1.853405,1.937907,5.182604,2.460631,4.746022,5.363353,1.915862,0.091821,0,0,0,0,0,0,0,0,0,0,0,0,186.1
0,0,0,0,0,0,0,0.173306,1.278169,0.315015,0.711864,1.504882,1.234079,0.393484,0.195909,0.354932,0.932852,0.920382,1.633295,4.15659,4.174862,5.017657,13.945599,35.350894,39.673301,30.18654,26.500457,20.578881,9.276029,3.13324,3.07262,1.993435,1.89267,5.18975,3.049405,3.988817,5.192169,1.250175,0,0,0,0,0,0,0,0,0,0,0,0,0,256
0,0,0,0,0,0,0,0.416609,1.260481,0.0894,1.24993,1.387279,0.939851,0.269959,0.239063,0.381624,1.234851,0.680887,0.47677,1.759742,5.067979,12.161319,14.014073,14.07449,12.968014,10.808932,12.302067,4.41695,2.788981,2.807625,3.736557,3.039357,1.109796,4.572395,2.627995,2.697662,6.184359,2.669443,0.30557,0,0,0,0,0,0,0,0,0,0,0,0,154.4
0,0,0,0,0,0,0,0.207768,1.277292,0.28143,0.8612,1.524035,1.057619,0.404166,0.219312,0.367352,0.977606,0.928228,2.016893,3.240635,4.162699,6.333247,15.418483,19.452767,17.810254,11.543279,12.680623,13.155053,4.679574,3.166372,3.379323,1.414206,1.898098,5.188421,2.836476,4.020373,5.148317,1.5056,0,0,0,0,0,0,0,0,0,0,0,0,0,176.5
0,0,0,0,0,0,0,0.177915,1.27699,0.311584,0.72755,1.49685,1.229558,0.385525,0.203616,0.354113,0.936798,0.928737,1.574189,4.174481,4.148656,5.59177,13.420668,23.335789,25.270187,16.719488,18.481415,12.360292,5.485751,3.04269,3.016715,1.909812,2.042072,5.337803,3.021331,3.848242,5.292254,1.17314,0,0,0,0,0,0,0,0,0,0,0,0,0,204.9
0,0,0,0,0,0,0,0.18687,1.287552,0.292068,0.737453,1.673109,1.034052,0.402407,0.264609,0.366137,0.829061,1.018954,0.908032,4.016822,3.8442,5.9996,17.523157,33.081596,33.632661,25.556668,22.11842,15.653527,6.913734,2.981977,2.421131,2.135569,3.439695,4.131421,1.641776,2.966443,6.067096,3.030399,0.906417,0.051716,0,0,0,0,0,0,0,0,0,0,0,240
0,0,0,0,0,0.242087,0.682662,1.192541,0.300601,0.416171,1.790376,1.146733,0.146699,0.505266,0.659562,1.84658,1.1658,2.508456,4.09168,3.743514,4.351207,4.521366,19.432638,40.182755,46.678563,36.034772,28.689383,21.034121,14.986147,2.03905,2.282888,2.815585,0.958359,2.824643,4.264657,6.683303,6.423898,3.167412,2.019359,0.428184,0,0,0,0,0,0,0,0,0,0,0,280
0,0,0,0,0,0.217695,0.711821,1.209904,0.280479,0.345347,1.960533,1.158803,0.136918,0.325716,0.586562,2.02698,1.153903,2.521274,3.76506,3.469718,3.823726,4.31581,15.366352,21.793756,25.133771,15.889768,12.058775,13.57679,5.8804,1.998748,2.358612,2.005788,1.400641,3.374591,4.038214,6.705502,5.594479,2.571301,1.941839,0.472774,0,0,0,0,0,0,0,0,0,0,0,228
0,0,0,0,0,0,0,0.177445,1.274224,0.314821,0.732198,1.495114,1.217638,0.392885,0.197984,0.358427,0.938942,0.913446,1.131933,4.665145,4.254117,5.373148,16.647939,45.088094,57.641006,45.234614,32.616732,24.945224,14.802284,2.743142,3.604195,1.881202,1.894668,5.208142,2.479289,4.745533,5.388821,1.918465,0.079964,0,0,0,0,0,0,0,0,0,0,0,0,299
0,0,0,0,0,0.046277,0.641018,1.389498,0.26988,0.545508,1.655384,1.152116,0.639879,0.204765,0.481427,1.961114,1.250454,2.503222,4.288741,3.44373,4.44418,4.411412,20.423001,49.577548,62.54847,49.041776,39.48297,25.654466,20.310875,1.799101,1.995557,2.552792,1.937742,3.104171,3.430825,7.420617,6.071947,3.243123,1.93685,0.421124,0,0,0,0,0,0,0,0,0,0,0,326
0,0,0,0,0,0.095228,0.694843,1.294467,0.333547,0.861713,1.104022,1.399317,0.265822,0.270831,1.25481,1.380453,1.206288,2.333958,4.26498,3.812967,4.216637,4.497693,21.243442,56.314481,73.54956,56.497883,46.50829,29.358708,23.600994,1.986186,2.096553,2.665826,1.596417,3.079072,3.806162,6.633651,6.522341,3.203364,1.995332,0.45075,0,0,0,0,0,0,0,0,0,0,0,351
0,0,0,0,0,0,0,0.044389,1.309249,0.412862,0.325005,1.806902,1.104572,0.532312,0.222778,0.347414,0.707931,0.95702,2.660752,5.80298,9.759702,7.87444,6.761727,8.409433,9.727068,13.047873,9.080871,7.463732,6.988652,3.870183,3.974164,1.821791,1.606936,6.024452,3.572866,2.825321,4.531032,1.467368,0.118358,0,0,0,0,0,0,0,0,0,0,0,0,169
0,0,0,0,0,0,0,0.499587,1.22314,0.043763,1.294437,1.368464,0.924228,0.240261,0.275467,0.369664,1.055085,1.096984,2.339148,8.503131,9.524432,8.898636,8.010695,7.399808,11.534173,10.792109,7.525564,5.335961,6.502229,4.966378,3.833959,1.549218,1.547724,4.329298,5.019221,1.080188,5.78797,4.342037,0.400279,0,0,0,0,0,0,0,0,0,0,0,0,184.7
0,0,0,0,0,0.084147,0.691046,1.318869,0.299092,0.643838,1.421356,1.23718,0.276685,0.435452,0.757711,1.772671,1.35719,2.331562,4.253856,3.478351,4.495216,4.541272,22.252745,62.920961,83.00608,65.504777,53.015137,31.992832,27.754941,2.10524,2.086582,2.684096,1.568036,3.247772,3.686983,7.066884,6.299699,3.160961,1.918361,0.40671,0,0,0,0,0,0,0,0,0,0,0,371
0,0,0,0,0,0,0.020871,1.165362,0.580267,0.480047,1.557031,1.318704,0.413464,0.151898,0.386587,0.779583,1.15661,3.517806,6.225321,5.233668,3.895105,4.272384,5.280032,6.479268,9.016153,6.464821,4.929585,5.414935,7.198735,6.367713,2.016507,1.374873,2.274019,5.605746,2.694793,2.270962,6.780333,1.829138,0.061523,0,0,0,0,0,0,0,0,0,0,0,0,142
0,0,0,0,0,0,0,0.749231,1.017259,0,1.712457,1.272621,0.682891,0.192763,0.323568,0.514404,1.065658,1.261546,2.490622,5.244024,7.475951,7.688837,7.348411,10.489113,11.452054,11.51482,8.53607,5.264646,6.792232,5.729865,3.650891,1.751475,3.075988,4.227569,2.040392,1.863096,6.741104,2.154698,0.114535,0,0,0,0,0,0,0,0,0,0,0,0,160
0,0,0,0,0,0,0,0.188708,1.276283,0.301499,0.767231,1.469315,1.219569,0.384168,0.195782,0.358365,0.95306,0.90105,1.218284,4.825331,4.148247,7.784096,31.237628,68.512303,79.388587,59.995703,38.645087,35.499931,18.09522,5.535536,6.481663,5.618728,4.210921,7.115369,2.904735,4.818922,5.323935,1.957541,0.103362,0,0,0,0,0,0,0,0,0,0,0,0,360
0,0,0,0,0,0,0,1.072347,0.694143,0.151955,1.803921,1.185755,0.573461,0.181377,0.367711,0.668978,0.969669,1.21985,7.925553,11.230038,9.165308,6.161331,7.659215,6.953097,10.412458,7.362122,11.770805,9.796789,14.213152,12.073691,9.376306,1.946564,3.018238,3.884577,0.963449,3.439611,6.032405,1.038494,0,0,0,0,0,0,0,0,0,0,0,0,0,250.2
0,0,0,0,0,0,0,0.66498,0.912786,0.25667,1.68104,0.809315,0.9797,0.235657,0.332602,0.401427,1.044343,0.916607,3.981199,8.435127,12.057378,10.512374,9.69814,9.478293,11.942544,15.486731,12.854204,11.906299,12.47871,12.214081,9.47037,3.79065,1.73919,2.873161,1.111267,2.384077,6.113885,1.419541,0.05521,0,0,0,0,0,0,0,0,0,0,0,0,259.5
0,0,0,0,0,0.035978,0.554897,1.656472,1.634176,0.677962,2.600376,2.94594,1.473117,0.52324,0.590007,2.375248,2.276574,3.522085,6.289087,9.37716,9.707882,15.313631,18.921994,13.310521,8.887264,6.34587,4.981229,2.558411,5.50881,4.270336,6.265614,3.431592,4.683175,8.768874,6.917891,10.951755,11.165777,4.770561,1.105397,0.088795,0,0,0,0,0,0,0,0,0,0,0,337.5
0,0,0,0,0,0,0,0,0,0,0,0.119094,0.558174,0.493422,0.724897,0.584989,0.22452,5.234005,6.862715,8.57937,5.583646,7.795548,9.771002,3.87396,3.197685,3.227108,4.074446,1.815255,2.958689,5.325908,7.282857,5.670426,4.741753,5.88368,5.333637,3.221757,0.176486,0,0,0,0,0,0,0,0,0,0,0,0,0,0,110
0,0,0,0,0,0,0,0,0,0,0,0,0,0,0,0,0.378057,4.447131,8.129289,13.061547,12.193735,12.038102,14.943691,15.153674,7.221479,3.35077,1.964508,4.144402,2.236171,3.083991,2.697044,2.460446,3.516917,3.11644,5.296731,9.927495,5.469183,2.260421,1.850497,0.000357,0,0,0,0,0,0,0,0,0,0,0,139.5
0,0,0,0,0,0,0,0,0,0,0,0,0,0,0,0,0,0.336116,7.617063,8.871135,13.262555,17.927643,23.734342,20.502693,11.242878,11.346601,14.188683,6.006728,2.715047,2.61468,2.869217,3.962586,2.252596,3.097241,4.917218,9.720318,4.707159,2.340191,1.98616,0,0,0,0,0,0,0,0,0,0,0,0,168
0,0,0,0,0,0,0,0,0,0,0,0,0,0,0,0,0,0.95662,7.038586,7.381666,10.999259,18.531993,29.818955,27.33472,18.082523,19.72849,18.020875,14.24727,3.740748,3.325367,3.053151,4.488306,2.121605,3.261121,7.157716,10.666817,5.481539,0.483544,0,0,0,0,0,0,0,0,0,0,0,0,0,195
0,0,0,0,0,0,0,0,0,0,0,0,0,0,0,0.119913,4.083079,11.124818,11.37481,7.053784,8.060551,10.652244,6.826093,11.7457,12.50575,9.127205,12.630336,8.382686,3.26613,2.393663,5.536811,8.216343,7.368542,10.438748,9.303905,3.809159,0.57161,0,0,0,0,0,0,0,0,0,0,0,0,0,0,285.3
0,0,0,0,0,0,0,0,0,0,0,0,0,0.838314,5.707071,4.034374,2.426354,2.962374,7.189651,6.513303,7.189728,8.592019,5.092908,6.050415,2.817674,2.704834,1.548728,3.12856,3.566489,5.141304,4.858575,7.504715,8.388408,11.086038,7.552706,2.387069,0.038232,0,0,0,0,0,0,0,0,0,0,0,0,0,0,202
0,0,0,0,0,0,0,0,0,0,0,0,0,0,0,0.201616,2.792568,2.931,4.811314,7.97248,6.975076,7.20202,10.274129,7.71068,3.335931,4.491601,3.264978,1.403321,2.592757,1.950779,2.555655,3.127806,2.163534,4.245583,1.64237,4.947346,4.781041,1.713996,0.375687,0,0,0,0,0,0,0,0,0,0,0,0,31.6
0,0,0,0,0,0,0,0,0,0,0,0,0,0,0,0,2.267352,2.852543,1.797358,5.315662,10.106303,13.020653,12.175237,10.678744,7.609398,10.126493,5.308048,1.464176,2.906362,2.088878,2.080994,3.552923,2.114784,3.700189,2.100262,4.531898,5.147998,2.158638,0.494208,0,0,0,0,0,0,0,0,0,0,0,0,54.09
0,0,0,0,0,0,0,0,0,0,0,0,0,0,0,0.001611,2.337889,2.810218,1.696086,3.611234,6.532576,15.385565,16.422725,17.055926,10.942768,12.071375,9.790235,4.073298,3.110097,2.028946,2.010079,3.693879,2.087218,3.540466,2.155855,4.603257,5.044748,2.162304,0.483075,0,0,0,0,0,0,0,0,0,0,0,0,80.6
0,0,0,0,0,0,0,0,0,0,0,0,0,0,0,0,2.297454,2.838457,1.690499,3.651455,5.962807,12.285328,21.928012,21.424568,15.463043,14.150341,11.340497,8.803636,3.852779,1.999423,2.030441,3.736011,2.067091,3.541003,2.118965,4.615833,5.122742,2.159983,0.493863,0,0,0,0,0,0,0,0,0,0,0,0,106.1
0,0,0,0,0,0,0,0,0,0,0,0,0,0,0,0,1.42235,3.255394,1.862853,2.70069,5.70788,12.745205,20.696218,20.226821,13.900592,13.789297,15.072083,9.679505,3.049397,2.091813,2.464832,3.200306,1.742723,3.079626,1.700597,5.403733,4.42954,1.701798,0.319455,0,0,0,0,0,0,0,0,0,0,0,0,98.4
0,0,0,0,0,0,0,0,0,0,0,0,0,0,0,0,2.294066,2.872314,1.684945,3.628496,5.988556,11.053563,23.067687,25.846987,21.482588,16.570402,13.872036,12.144933,4.448112,2.248712,2.124042,3.475174,2.253819,3.470872,2.218734,4.554915,5.12923,2.209713,0.506615,0,0,0,0,0,0,0,0,0,0,0,0,126
0,0,0,0,0,0,0,0,0,0,0,0,0,0,0,0,2.256121,2.891966,1.691134,3.674168,5.767204,10.913178,23.564248,37.742471,36.309485,29.63906,22.300284,17.808327,9.9178,2.375834,2.199987,3.40082,2.306941,3.559462,2.23849,4.629076,5.042285,2.165581,0.498949,0,0,0,0,0,0,0,0,0,0,0,0,198.8
0,0,0,0,0,0,0,0,0,0,0,0,0,0,0,0,2.2872,2.870354,1.681871,3.633294,5.859973,10.897386,23.765322,41.103196,41.747256,33.82185,25.776945,19.171791,11.797308,2.408141,2.130029,3.462741,2.255626,3.521829,2.241585,4.634661,5.100531,2.161674,0.505344,0,0,0,0,0,0,0,0,0,0,0,0,216
0,0,0,0,0,0,0,0,0,0,0,0,0,0,0,0.008908,2.309827,2.798703,1.642433,3.719792,5.769686,10.917741,24.396174,44.069288,46.995469,38.058473,29.12925,20.816933,13.740336,2.385061,2.163929,3.425692,2.271874,3.52837,2.237288,4.628096,5.090746,2.158315,0.507315,0,0,0,0,0,0,0,0,0,0,0,0,243
0,0,0,0,0,0,0,0,0,0,0,0,0,0.385004,3.465671,3.512914,2.969821,3.625194,3.888765,8.241233,6.252756,4.010217,5.108114,5.263901,6.716127,5.218361,3.724236,6.374606,6.76,6.811699,4.063553,4.012538,3.076246,3.89863,6.382712,4.118886,2.505971,0.218885,0,0,0,0,0,0,0,0,0,0,0,0,0,42
0,0,0,0,0,0,0,0,0,0,0,0,0,0,0,0,0,0.436825,4.354451,9.841465,11.746464,9.005809,12.208574,15.16477,9.699218,5.318633,2.704576,2.086826,1.877898,3.334145,1.784011,2.726226,2.871979,2.921158,3.34636,1.582541,4.738263,4.307611,1.403958,0.092899,0,0,0,0,0,0,0,0,0,0,0,56.7
0,0,0,0,0,0,0,0,0,0,0,0,0,0,0,0,0,0.038381,2.531336,6.229491,13.406936,14.706175,15.994411,15.334191,13.905237,11.260219,6.103092,3.156889,1.985544,2.944837,1.629897,2.386417,3.165493,2.37117,3.999037,1.920084,4.511931,4.283773,1.722533,0.030616,0,0,0,0,0,0,0,0,0,0,0,77.1
0,0,0,0,0,0,0,0,0,0,0,0,0,0,0,0,0,0.038558,2.559071,5.417681,9.453883,16.640635,19.148062,22.398662,17.012386,13.721386,10.218594,5.80148,2.443718,2.669368,1.56312,2.525703,3.212684,2.340484,3.767584,1.937039,4.720487,4.152027,1.744235,0.028735,0,0,0,0,0,0,0,0,0,0,0,101
0,0,0,0,0,0,0,0,0,0,0,0,0,0,0,0,0,0.047877,2.63741,5.282099,9.360814,13.137334,24.598224,26.170116,22.366843,15.564197,11.649591,10.686652,3.205667,2.669174,1.50496,2.650745,3.154837,2.317105,3.798166,2.103034,4.634315,4.105868,1.774387,0.028075,0,0,0,0,0,0,0,0,0,0,0,126
0,0,0,0,0,0,0,0,0,0,0,0,0,0,0,0,0,0.133223,2.393613,4.911785,9.478728,15.345444,22.441795,22.94856,20.908905,14.691559,13.14163,13.390442,4.074573,2.36685,2.269781,1.781492,2.816846,2.080203,2.578401,1.707288,4.356458,4.425612,1.816315,0.171167,0,0,0,0,0,0,0,0,0,0,0,116.9
0,0,0,0,0,0,0,0,0,0,0,0,0,0,0,0,0,0.259729,2.61851,4.671922,9.527216,14.003862,25.729296,30.795363,24.281545,15.811304,13.150906,15.061951,4.876899,2.990254,1.75081,2.242931,3.532637,2.366779,3.437091,1.992164,4.244279,4.465706,1.809832,0.165414,0,0,0,0,0,0,0,0,0,0,0,141.6
0,0,0,0,0,0,0,0,0,0,0,0,0,0,0,0,0,0.448284,5.331481,13.02196,15.215785,13.473975,10.77368,15.033652,11.893944,7.481453,8.888093,5.475137,4.580713,4.425514,6.505473,5.148297,5.178971,2.47855,2.304129,1.998885,4.896427,3.467891,1.198838,0.072168,0,0,0,0,0,0,0,0,0,0,0,104
0,0,0,0,0,0,0,0,0,0,0,0,0,0,0,0,0,0.182004,2.311505,4.455905,10.589173,16.736314,19.236301,17.097503,18.11374,14.880124,12.743378,4.943382,1.857082,2.082606,1.83129,2.986368,2.80659,2.534073,3.821819,1.873077,3.275998,4.509251,1.719561,0.271446,0,0,0,0,0,0,0,0,0,0,0,88.6
0,0,0,0,0,0,0,0,0,0,0,0,0,0,0,0,0,0.171766,2.294847,4.34445,7.542128,16.461586,21.819931,24.1854,21.178679,18.700353,14.838652,7.33822,2.477596,1.785629,1.324829,3.710671,2.686488,2.526306,3.560023,1.88257,3.0194,4.772134,1.764725,0.299367,0,0,0,0,0,0,0,0,0,0,0,108
0,0,0,0,0,0,0,0,0,0,0,0,0,0,0,0,0,2.294611,7.22513,11.124266,10.476885,7.795356,10.34527,13.161111,8.876179,6.863335,5.050707,4.316935,5.741712,6.756184,6.980144,5.844731,4.247722,1.903736,1.969112,5.20634,2.770019,0.922196,0.013977,0,0,0,0,0,0,0,0,0,0,0,0,72.6
0,0,0,0,0,0,0,0,0,0,0,0,0,0,0,0,0,0.063952,2.093218,9.122304,9.77001,13.498075,16.042836,17.694685,12.374756,8.222472,9.381439,3.970544,1.824804,3.200649,2.367823,2.505552,3.751104,1.292664,2.332149,1.658794,3.77543,4.888633,1.988508,0.388767,0,0,0,0,0,0,0,0,0,0,0,78.6
0,0,0,0,0,0,0,0,0,0,0,0,0,0,0,0,0,0,0.615545,4.603474,11.645799,17.951445,19.690928,19.156559,16.885212,12.9723,12.57337,5.539048,2.466491,2.446216,2.3707,2.412521,3.321191,2.253211,3.220195,2.432249,3.582945,4.883348,1.18201,0.015562,0,0,0,0,0,0,0,0,0,0,0,98.9
0,0,0,0,0,0,0,0,0,0,0,0,0,0,0,0,0,0,0.619827,3.939967,7.788463,19.506295,22.959731,26.280541,19.944295,15.707313,16.690901,8.124728,2.869719,2.448544,2.274005,2.343893,3.493682,2.20093,3.028439,2.421727,3.716512,4.800208,1.207849,0.009411,0,0,0,0,0,0,0,0,0,0,0,122.2
0,0,0,0,0,0,0,0,0,0,0,0,0,0,0,0,0,0,0.738949,3.786456,7.216195,16.72653,28.603206,29.415127,25.307961,17.797242,17.842991,13.600866,3.264896,2.480021,2.719522,2.081984,3.283744,2.308186,3.417188,1.952012,3.622018,5.085441,1.208569,0.002658,0,0,0,0,0,0,0,0,0,0,0,145.1
0,0,0,0,0,0,0,0,0,0,0,0,0,0,0,0,0,0,0.320267,3.148618,7.318,18.464961,28.428264,29.764108,22.694641,19.734282,18.511206,12.356573,3.476456,2.674802,2.062969,2.52214,3.395492,1.988473,3.31363,2.283784,3.858308,4.690843,1.207056,0.013438,0,0,0,0,0,0,0,0,0,0,0,144
0,0,0,0,0,0,0,0,0,0,0,0,0,0,0,0,0,0.577211,6.213541,9.679643,10.585445,11.519682,13.724204,15.267215,11.085477,10.581508,11.559649,5.618018,5.816955,6.678332,6.634229,6.320114,4.866707,1.520216,2.505145,4.924662,2.383309,0.426107,0,0,0,0,0,0,0,0,0,0,0,0,0,94.8
0,0,0,0,0,0,0,0,0,0,0,0,0,0,0,0,0,0.06077,2.022859,7.776442,9.336126,12.573485,21.077909,20.501402,16.640684,11.25771,10.994332,8.587214,3.281125,3.324142,1.619602,3.348168,2.439388,2.388128,3.905306,1.53812,4.080169,4.552848,0.901512,0,0,0,0,0,0,0,0,0,0,0,0,101.9
0,0,0,0,0,0,0,0,0,0,0,0,0,0,0,0,0,0,0.416581,3.584947,11.345061,17.029448,25.164867,21.914821,20.043761,17.439343,14.350977,9.624215,3.162568,2.693822,2.613058,2.265902,3.288413,1.962969,3.51035,2.197053,3.550487,4.963272,1.171951,0.032445,0,0,0,0,0,0,0,0,0,0,0,121.1
0,0,0,0,0,0,0,0,0,0,0,0,0,0,0,0,0,0,0,0.536655,6.670563,22.836718,27.302841,27.789326,21.522196,21.805245,21.866608,9.413869,2.539975,2.921707,1.723563,2.944587,3.252437,2.006082,2.717251,2.384718,3.590676,4.963989,0.991584,0,0,0,0,0,0,0,0,0,0,0,0,134
0,0,0,0,0,0,0,0,0,0,0,0,0,0,0,0,0,1.932089,6.737453,11.661415,9.206829,8.445135,11.007397,11.113645,10.56994,8.291715,5.893861,6.383695,5.734746,6.329805,3.400496,3.335369,1.77328,2.121981,2.138602,1.944198,5.24391,3.594994,0.814414,0,0,0,0,0,0,0,0,0,0,0,0,80.1
0,0,0,0,0,0,0,0,0,0,0,0,0,0,0,0,0,1.636157,4.584496,7.674115,11.794765,14.104065,14.385776,13.470183,13.31307,14.820068,8.551088,6.001712,5.452686,6.985248,3.68978,2.435358,2.665926,2.892763,3.578437,1.364236,4.284129,4.532401,0.122572,0,0,0,0,0,0,0,0,0,0,0,0,98.9
0,0,0,0,0,0,0,0,0,0,0,0,0,0,0,0,0,1.66393,4.650018,6.394418,8.377553,15.475456,18.398739,20.197484,16.584983,17.219318,12.662862,8.657706,5.837629,6.964593,3.644473,2.364925,2.786291,2.770485,3.402364,1.525211,4.273203,4.488333,0.167069,0,0,0,0,0,0,0,0,0,0,0,0,121
0,0,0,0,0,0,0,0,0,0,0,0,0,0,0,0,0,1.674289,4.545787,6.457316,7.87634,12.540421,23.823486,24.141265,21.379278,18.928045,14.401686,13.501334,6.667267,6.743544,3.630491,2.388978,2.837178,2.731958,3.542387,1.415788,4.316345,4.503491,0.144645,0,0,0,0,0,0,0,0,0,0,0,0,146.6
0,0,0,0,0,0,0,0,0,0,0,0,0,0,0,0,0,0,0.266494,3.251684,7.166416,13.522002,35.884476,37.673665,33.902819,24.151335,21.514971,21.019369,5.325073,2.829974,2.262593,2.319631,3.137778,2.693493,3.292825,2.168212,4.341517,4.430069,1.021444,0.00612,0,0,0,0,0,0,0,0,0,0,0,186
0,0,0,0,0,0,0,0,0,0,0,0,0,0,0,0,0,0,0.896457,3.610497,10.616349,16.668574,25.38802,24.218154,24.182606,19.174672,15.357913,15.612798,5.010045,3.13342,1.978743,2.246957,3.487979,1.967129,3.700623,2.268437,3.078741,4.554053,0.894173,0,0,0,0,0,0,0,0,0,0,0,0,135
0,0,0,0,0,0,0,0,0,0,0,0,0,0,0,0,0,0.284088,3.267388,9.257694,12.668282,12.161454,13.316151,14.931786,12.81534,13.810743,10.657885,5.28399,5.658403,7.301359,3.620744,3.046582,2.017834,1.404471,3.515825,1.258706,4.124253,4.415844,0.257728,0,0,0,0,0,0,0,0,0,0,0,0,100.6
0,0,0,0,0,0,0,0,0,0,0,0,0,0,0,0,0,0.126155,1.532468,5.257868,14.091503,16.437164,18.075438,15.715589,16.459879,19.007467,15.413598,6.557161,6.677684,6.551519,3.942545,2.921751,2.278417,1.213747,2.01178,2.105741,3.339794,4.613225,0.805038,0,0,0,0,0,0,0,0,0,0,0,0,116
0,0,0,0,0,0,0,0,0,0,0,0,0,0,0,0,0,0.168776,1.606174,4.057895,10.611962,18.802558,20.920938,22.387555,18.739371,23.669401,18.478085,8.550724,7.431037,7.653694,4.175755,1.037309,1.623533,1.078891,3.305231,1.60536,3.015765,5.673461,0.397478,0,0,0,0,0,0,0,0,0,0,0,0,140
0,0,0,0,0,0,0,0,0,0,0,0,0,0,0,0,0,0.250521,2.564744,4.987492,9.226536,12.253803,25.203932,31.504809,29.018463,17.348884,14.629663,13.001324,4.274732,3.198297,1.561088,2.237814,3.620587,2.368429,3.345394,2.071663,4.08235,4.684281,1.867358,0.138505,0,0,0,0,0,0,0,0,0,0,0,149.4
0,0,0,0,0,0,0,0,0,0,0,0,0,0,0,0,0,0.191039,2.187737,4.449612,8.557204,11.262896,27.091885,39.167028,42.336418,28.423284,23.913273,20.790233,9.885835,2.955752,1.227847,1.747647,2.836124,1.489843,2.435036,2.044423,3.861917,4.803225,2.051843,0.22071,0,0,0,0,0,0,0,0,0,0,0,200
0,0,0,0,0,0,0,0,0,0,0,0,0,0,0,0,0,0.634897,8.29823,16.394313,20.540081,14.810684,15.436605,16.590667,14.987112,9.169388,7.418359,8.660613,10.555218,9.570979,11.347272,10.355503,5.682772,1.894124,2.249122,2.097636,5.156506,3.145719,0.890566,0.014935,0,0,0,0,0,0,0,0,0,0,0,215
0,0,0,0,0,0,0,0,0,0,0,0,0,0,0,0,0,0,0,0.443605,5.508997,21.101188,30.731646,29.604408,25.027354,24.624583,24.083775,17.745353,3.786421,2.003722,2.143973,1.735687,3.260387,1.120464,2.114364,2.104953,3.31691,5.124235,1.307434,0,0,0,0,0,0,0,0,0,0,0,0,148
0,0,0,0,0,0,0,0,0,0,0,0,0,0,0,0,0,0,0.348646,2.367913,5.425536,13.960375,35.914322,41.066402,35.662836,25.115735,24.711656,28.427334,4.40382,2.882905,1.73442,2.959763,3.123949,2.655635,2.791692,2.562115,4.333262,3.672948,0.385045,0,0,0,0,0,0,0,0,0,0,0,0,190
0,0,0,0,0,0,0,0,0,0,0,0,0,0,0,0,0,0,0.66108,6.636267,10.634273,14.396363,34.894989,74.945295,80.756184,64.539421,39.956676,37.855118,17.074103,5.52891,5.61635,5.891102,5.238509,5.163502,3.39814,2.799622,5.325228,2.698326,0.361783,0,0,0,0,0,0,0,0,0,0,0,0,347
0,0,0,0,0,0,0,0,0,0,0,0,0,0,0,0,0,0.253787,2.514133,4.963624,9.142233,12.200238,24.992927,36.467063,33.543221,21.98686,16.974658,14.934588,6.104125,3.348364,1.588616,2.338005,3.4551,2.447621,3.324212,2.098841,4.249502,4.437993,1.842727,0.192834,0,0,0,0,0,0,0,0,0,0,0,171.1
0,0,0,0,0,0,0,0,0,0,0,0,0,0,0,0,0,0.542779,12.806409,23.479863,23.885668,15.946693,15.512898,13.142593,16.386065,13.283793,16.586017,17.664681,20.723589,19.33047,16.745635,9.944536,4.899701,3.466851,1.382129,2.035457,5.912071,0.890232,0,0,0,0,0,0,0,0,0,0,0,0,0,321.3
0,0,0,0,0,0,0,0,0,0,0,0,0,0,0,0,0,0,2.013091,9.714013,13.736053,16.020873,20.435817,26.47003,25.625264,21.05679,23.905437,22.393914,16.667422,12.540689,2.821063,1.724758,1.978181,2.307035,2.709081,1.394498,5.337366,1.616465,0,0,0,0,0,0,0,0,0,0,0,0,0,249
0,0,0,0,0,0,0,0,0,0,0,0,0,0,0,0,0,11.45309,19.175208,7.620056,7.894325,4.9401,3.484242,2.69156,2.172381,2.210514,2.502215,3.701068,1.323361,2.672588,4.724575,3.391606,4.768439,7.578957,2.764794,7.579552,5.106325,2.352251,0.028762,0,0,0,0,0,0,0,0,0,0,0,0,246
0,0,0,0,0,0,0,0,0,0,0,0,0,0,0,0,0,0.25434,2.515936,4.974047,9.242756,11.939881,25.405556,40.147822,38.438192,26.460985,20.018133,16.718472,8.030129,3.332819,1.552534,2.322705,3.511036,2.471298,3.225459,2.143215,4.075158,4.496227,1.963184,0.193008,0,0,0,0,0,0,0,0,0,0,0,192.2
0,0,0,0,0,0,0,0,0,0,0,0,0,0,0,0,0,0.251348,2.589027,4.842004,9.261623,12.079025,25.449758,43.576484,43.639057,30.823998,23.171977,18.093956,10.038197,3.350556,1.580988,2.338258,3.488126,2.435041,3.292353,2.08385,4.24252,4.446905,1.869993,0.195448,0,0,0,0,0,0,0,0,0,0,0,210
0,0,0,0,0,0,0,0,0,0,0,0,0,0,0,0,0,0.25347,2.593885,4.90024,9.279276,11.939175,26.051459,46.814998,48.613571,35.102631,26.572112,19.701453,11.926877,3.338495,1.630137,2.229326,3.55425,2.397197,3.358872,2.093468,4.23382,4.460048,1.855766,0.192506,0,0,0,0,0,0,0,0,0,0,0,225
0,0,0,0,0,0,0,0,0,0,0,0,0,0,0,0,0,0.249735,2.521425,4.969658,9.106829,12.09342,26.391235,49.987222,54.25922,39.068657,30.045543,21.028724,13.86138,3.425185,1.60574,2.317368,3.489128,2.423557,3.320119,2.094439,4.239175,4.452535,1.8562,0.192724,0,0,0,0,0,0,0,0,0,0,0,249
0,0,0,0,0,0,0,0,0,0,0,0,0,0,0,0,0,0.274944,5.270533,10.574098,15.125912,20.165748,47.517416,71.966682,71.74489,56.362728,43.671215,48.121565,26.260298,4.251959,3.566097,4.150029,4.600713,4.856728,6.226989,6.993527,10.071129,1.912409,0,0,0,0,0,0,0,0,0,0,0,0,0,360
0,0,0,0,0,0,0,0,0,0,0,0,0,0,0,0,0,0.151867,5.360401,15.099554,14.355425,13.261614,13.920126,13.928333,10.557342,10.069712,14.304208,14.356181,13.882723,14.306067,7.047113,3.117761,3.502766,3.181798,4.908517,3.527718,0.887105,0,0,0,0,0,0,0,0,0,0,0,0,0,0,222.6
0,0,0,0,0,0,0,0,0,0,0,0,0,0,0,0,0,0.270476,5.30413,10.806163,14.662882,19.879904,48.20871,84.163228,93.643609,75.300342,56.659063,55.151132,33.31351,3.919146,3.623871,4.262199,4.293451,5.935299,5.590252,8.303346,9.164302,1.361987,0,0,0,0,0,0,0,0,0,0,0,0,0,413
0,0,0,0,0,0,0,0,0,0,0,0,0,0,0,0,0,2.235188,7.894037,10.698457,13.656355,29.393721,33.973761,38.046085,24.768825,27.376754,24.546945,19.899584,17.209198,9.472061,5.15612,5.833879,5.296872,5.363809,3.71069,5.991431,8.174512,3.277003,0.318821,0,0,0,0,0,0,0,0,0,0,0,0,319
0,0,0,0,0,0,0,0,0,0,0,0,0,0,0,0,0,0.22804,5.583521,10.708957,13.503564,24.967392,43.253644,41.254237,32.097221,31.873691,34.015508,33.548158,18.014863,7.50108,2.706569,2.261324,1.837305,3.461819,5.346462,7.062838,9.268075,2.52142,0.260981,0,0,0,0,0,0,0,0,0,0,0,0,296.5
0,0,0,0,0,0,0,0,0,0,0,0,0,0,0,0,0.369689,5.875628,14.219819,18.266776,14.826726,17.535454,16.677905,15.83646,14.081246,15.358723,15.577076,15.796623,12.014411,3.063293,1.720158,3.945363,5.006128,4.610482,3.472001,6.873632,10.77768,3.030035,1.984633,1.338138,0.098969,0,0,0,0,0,0,0,0,0,0,285.1
0,0,0,0,0,0,0,0,0,0,0,0,0,0,0,0,0,0.259553,5.327859,10.660145,14.756708,19.730906,48.533313,90.292231,104.873352,84.663848,63.234963,59.979708,34.726214,4.680782,3.53851,4.136164,4.409684,4.866091,6.20618,7.799071,9.474353,1.670913,0,0,0,0,0,0,0,0,0,0,0,0,0,463
0,0,0,0,0,0,0,0,0,0,0,0,0,0,0,0,0,0.278411,5.213827,10.605393,15.113191,20.059016,48.018306,64.895941,60.803675,45.889129,38.760636,43.896049,24.191559,3.646794,3.414965,4.629046,4.249425,5.636215,5.244579,7.844483,9.927246,1.546046,0,0,0,0,0,0,0,0,0,0,0,0,0,379
0,0,0,0,0,0,0,0,0,0,0,0,0,0,0,0,0,0.029393,5.394837,18.52915,17.517865,17.423802,21.20424,21.471006,17.029799,16.946393,21.805951,17.675633,6.97348,7.083328,4.783461,3.927339,2.570532,6.291261,2.504154,7.695883,9.131361,0.748022,0,0,0,0,0,0,0,0,0,0,0,0,0,288
0,0,0,0,0,0,0,0,0,0,0,0,0,0,0,0,0,0,0.652546,3.069178,6.505013,13.322593,40.060032,82.906421,101.050505,79.296357,63.83584,42.292704,30.050377,3.231989,1.686417,2.603362,3.477262,2.307248,3.424826,1.748653,3.891975,5.220063,0.959271,0,0,0,0,0,0,0,0,0,0,0,0,343
0,0,0,0,0,0,0,0,0,0,0,0,0,0,0,0,0,0,0.436028,6.483907,14.011026,26.981368,62.659787,74.665323,63.289579,47.260428,36.435969,30.185404,8.094475,6.279603,7.374232,3.306468,4.92354,3.131173,4.20154,3.658919,6.152136,10.426559,4.881861,1.245821,0.014395,0,0,0,0,0,0,0,0,0,0,356
0,0,0,0,0,0,0,0,0,0,0,0,0,0,0,0,0,0,0.253501,3.404026,6.777854,15.47984,33.750535,33.300424,27.884516,21.896548,19.490608,17.866516,3.85284,2.516515,2.362166,2.279732,3.166714,2.737089,3.385497,1.840072,4.094791,4.743109,1.055837,0,0,0,0,0,0,0,0,0,0,0,0,164.95
0,0,0,0,0,0,0,0,0,0,0,0,0,0,0,0,0,1.307954,11.761587,17.363915,18.096334,15.986289,16.33021,23.484964,14.790512,6.317161,4.097026,3.707994,5.954916,3.757731,5.506424,5.49915,4.773365,4.490678,4.019967,5.159881,10.601676,5.352163,1.588082,0,0,0,0,0,0,0,0,0,0,0,0,184
0,0,0,0,0,0,0,0,0,0,0,0,0,0,0,0,0,0.129746,1.526195,4.283095,9.456792,17.307783,24.34317,24.765589,22.936068,22.600697,22.092986,16.310902,7.836336,6.049619,3.330269,1.597084,1.986229,1.007689,1.999694,2.256821,3.19868,4.764218,0.94042,0,0,0,0,0,0,0,0,0,0,0,0,153
0,0,0,0,0,0,0,0,0,0,0,0,0,0,0,0,0,0.140516,1.53328,3.9414,10.740159,15.412515,26.153794,26.386105,24.291271,24.949141,19.805465,13.526476,8.319652,7.291276,4.501446,1.043392,1.63246,0.96694,3.485633,1.49272,3.390607,5.369733,0.396209,0,0,0,0,0,0,0,0,0,0,0,0,163.7
0,0,0,0,0,0,0,0,0,0,0,0,0,0,0,0,0,0.343833,7.819811,15.704664,15.310467,11.722959,12.774001,12.802008,10.933514,9.176513,11.45771,10.71257,12.798176,13.644741,10.776276,2.650893,1.301894,2.393777,2.236715,1.734159,5.311722,2.373473,0.053094,0,0,0,0,0,0,0,0,0,0,0,0,199
0,0,0,0,0,0,0,0,0,0,0,0,0,0,0,0,0,0,2.012803,8.91305,17.967456,18.359162,17.213507,17.263232,14.707716,17.21849,16.292991,14.723558,15.959306,12.462556,3.877486,1.800635,1.454684,1.75988,3.024301,1.547309,5.585396,2.336635,0.023939,0,0,0,0,0,0,0,0,0,0,0,0,212.5
0,0,0,0,0,0,0,0,0,0,0,0,0,0,0,0,0,0,0,6.318477,16.639403,22.225032,20.224073,19.092858,12.966552,16.871483,8.354442,3.388212,2.470677,3.885149,1.952905,3.81547,3.743857,3.969708,6.808129,3.869958,5.578268,2.526668,0,0,0,0,0,0,0,0,0,0,0,0,0,125.9
0,0,0,0,0,0,0,0,0,0,0,0,0,0,0,0,0,0.090998,4.522327,12.63453,21.943481,24.618185,20.460068,15.57673,12.215796,15.426757,7.665348,2.914064,3.059613,3.807153,4.507697,3.821092,5.673455,4.832537,8.55482,9.40508,2.903481,2.486622,1.671052,0.438336,0,0,0,0,0,0,0,0,0,0,0,186
0,0,0,0,0,0,0,0,0,0,0,0,0,0,0.001728,1.480821,3.665663,3.408154,3.067918,6.989412,20.437694,24.342393,23.977911,19.293769,15.5462,17.697107,10.174352,3.892686,5.249533,4.479982,3.943457,5.991986,3.341901,5.986581,2.637102,4.825005,9.253074,4.033661,2.532209,2.029494,0.204629,0,0,0,0,0,0,0,0,0,0,200
0,0,0,0,0,0,0,0,0,0,0,0,0,0,0,0,0,0.059424,1.742697,7.899647,9.614295,10.103279,24.036169,44.840422,46.89358,35.464687,27.661072,21.307322,13.413943,3.275698,1.821264,2.958685,2.693195,2.580166,3.649318,1.952052,4.397943,4.30865,0.765324,0,0,0,0,0,0,0,0,0,0,0,0,233
0,0,0,0,0,0,0,0,0,0,0,0,0,0,0,0,0,0,0,1.699489,3.937629,13.524621,13.991593,10.833919,14.500817,7.968511,3.051287,2.069575,1.319182,1.953849,1.565252,1.161249,1.535993,0.56771,1.067197,2.04396,1.150386,2.352303,1.948477,1.057261,0,0,0,0,0,0,0,0,0,0,0,-24.8
0,0,0,0,0,0,0,0,0,0,0,0,0,0,0,0,0,0,0,0,1.578672,10.518358,22.250885,23.666421,17.052201,14.804667,15.187295,8.732927,2.56051,1.183612,0.524711,1.534524,1.092168,0.35495,0.909438,1.470391,2.829086,1.533414,1.118529,1.664543,0.081099,0,0,0,0,0,0,0,0,0,0,34.4
0,0,0,0,0,0,0,0,0,0,0,0,0,0,0,0,0,0,0,0,1.551294,15.102213,22.270775,27.478679,19.328486,17.731087,17.806948,23.408026,7.189406,0.887667,1.036582,0.32274,1.388804,1.308703,0.22133,0.361083,2.551665,0.703193,1.112738,1.427624,0.711322,0.013025,0,0,0,0,0,0,0,0,0,68.4
0,0,0,0,0,0,0,0,0,0,0,0,0,0,0,0,0,0,0,0,0,3.672851,31.730455,42.085447,38.400958,28.259574,20.808867,23.911151,6.997133,1.354977,0.464891,1.367169,1.145577,0.320826,0.735279,1.353317,2.83223,1.846698,0.888735,1.764186,0.135369,0,0,0,0,0,0,0,0,0,0,141.6
0,0,0,0,0,0,0,0,0,0,0,0,0,0,0,0,0,0,0,0.256633,3.053409,16.154278,19.486623,21.021542,16.496578,15.079144,14.873301,14.734416,4.077638,1.836682,1.328869,0.464399,0.490781,1.990332,0.417561,1.01924,1.271636,1.696286,1.504997,1.624033,0.790772,0,0,0,0,0,0,0,0,0,0,55.1
0,0,0,0,0,0,0,0,0,0,0,0,0,0,0,0,0,0,0,0,1.222451,12.810303,25.205735,33.107947,27.449502,26.527831,28.228965,24.662791,8.546869,1.411963,0.992784,0.23697,0.923499,1.870262,0.009808,0.132641,1.701074,1.498404,0.992644,0.994079,0.840252,0.473697,0,0,0,0,0,0,0,0,0,121.9
0,0,0,0,0,0,0,0,0,0,0,0,0,0,0,0,0,0,0,0.686604,2.723463,11.878309,19.023636,16.866003,15.680358,11.355811,9.283799,5.119356,1.801207,1.402061,1.27465,1.457812,1.066542,0.722533,0.809308,1.744408,1.927214,1.503054,1.673902,1.734604,0.005505,0,0,0,0,0,0,0,0,0,0,6
0,0,0,0,0,0,0,0,0,0,0,0,0,0,0,0,0,0,0,0.713611,1.667646,10.346642,21.776561,22.129405,19.902973,15.529319,10.526418,9.770966,2.686538,0.868157,1.315432,1.453587,0.888169,0.823658,0.842613,1.601386,2.222534,1.317228,1.68796,1.762514,0.009114,0,0,0,0,0,0,0,0,0,0,38.5
0,0,0,0,0,0,0,0,0,0,0,0,0,0,0,0,0,0,0,0,0.792894,10.335814,26.829523,34.179174,29.17536,22.325729,20.685811,21.776005,6.723645,2.147059,0.604172,0.571347,1.370648,0.809586,0.347091,1.255646,2.712617,1.456062,1.115066,1.152364,0.708085,0,0,0,0,0,0,0,0,0,0,107
0,0,0,0,0,0,0,0,0,0,0,0,0,0,0,0,0,0,0,0.615714,1.796575,8.643216,23.33045,24.939849,22.884598,16.575491,12.015066,14.444703,6.748261,2.27498,1.463917,1.317244,0.930981,1.079807,0.590339,2.661652,2.372397,0.560097,1.058853,0.544318,0,0,0,0,0,0,0,0,0,0,0,58.6
0,0,0,0,0,0,0,0,0,0,0,0,0,0,0,0,0,0,0,0.42603,3.225911,13.965743,19.228641,19.857309,16.409639,12.129246,13.080319,10.182158,2.96668,1.968288,0.830722,0.48378,1.971872,0.625661,0.752807,1.005669,2.293354,1.204966,1.63175,1.909807,0.327767,0,0,0,0,0,0,0,0,0,0,30.8
0,0,0,0,0,0,0,0,0,0,0,0,0,0,0,0,0,0,0,0,0,2.85636,32.218373,59.182238,58.27759,45.050325,30.959548,32.356386,14.148914,1.68819,0.442294,1.370915,1.169428,0.292082,0.691751,1.168346,2.837506,1.895816,0.713451,1.90028,0.239968,0,0,0,0,0,0,0,0,0,0,220
0,0,0,0,0,0,0,0,0,0,0,0,0,0,0,0,0,0,0,0.71541,1.665909,8.805846,23.75997,26.248392,26.157011,18.253867,11.744032,13.446753,4.114568,0.971498,1.28422,1.453578,0.900339,0.826809,0.82908,1.512741,2.350832,1.281693,1.65603,1.823282,0.014228,0,0,0,0,0,0,0,0,0,0,70.1
0,0,0,0,0,0,0,0,0,0,0,0,0,0,0,0.845979,3.507271,3.088781,6.339246,7.294123,10.844204,5.85909,5.6273,7.201785,6.069423,7.932757,6.266233,6.356625,4.516447,8.196486,9.627178,9.328104,6.987603,5.782675,0.199031,0,0,0,0,0,0,0,0,0,0,0,0,0,0,0,0,28
0,0,0,0,0,0,0,0,0,0,0,0,0,0,0,0,0,0,0,0,0.779039,8.452078,25.56967,28.365603,21.482723,18.602371,16.715813,12.664999,3.663143,0.988283,0.50382,1.3365,1.203951,0.350473,0.823725,1.46301,2.635329,1.747528,1.083659,1.68237,0.084802,0,0,0,0,0,0,0,0,0,0,63
0,0,0,0,0,0,0,0,0,0,0,0,0,0,0,0,0,0,0,0,0,2.807761,34.67784,79.059167,88.996134,70.410428,51.386993,41.490543,25.431825,1.755074,0.434304,1.377203,1.168297,0.304205,0.702263,1.291836,2.773131,1.940497,0.749894,1.770811,0.342934,0,0,0,0,0,0,0,0,0,0,318
0,0,0,0,0,0,0,0,0,0,0,0,0,0,0,0,0,0,0.060216,7.517368,11.372114,20.390752,18.843245,11.163294,9.137734,5.801302,3.363856,2.611947,1.997702,2.581536,2.199963,2.626168,0.956119,3.308559,3.299584,1.634595,3.879528,3.754331,3.643347,0.325848,0,0,0,0,0,0,0,0,0,0,0,101.2
0,0,0,0,0,0,0,0,0,0,0,0,0,0,0,0,0.985722,6.622645,10.431863,12.256454,9.638692,10.243952,6.980127,2.784201,4.011233,3.148172,2.982224,2.639246,3.808281,1.571682,2.406669,3.52671,4.043869,3.754973,4.424269,6.368446,7.028371,2.290318,0,0,0,0,0,0,0,0,0,0,0,0,0,116
0,0,0,0,0,0,0,0,0,0,0,0,0,0,0,0,0,0,0,0,2.279855,13.797543,24.087484,28.93141,22.980686,19.439456,21.704449,31.653194,8.641041,1.969214,1.456467,0.693383,0.538663,0.908139,1.417436,0.221211,0.665781,1.401845,1.275129,1.251767,0.026258,0,0,0,0,0,0,0,0,0,0,107.1
0,0,0,0,0,0,0,0,0,0,0,0,0,0,0,0,0,0,0,0,0,2.805281,33.880815,72.445657,78.788489,62.348299,44.383516,38.501079,21.817738,1.642589,0.430648,1.454155,1.076464,0.303447,0.712893,1.384424,2.715975,1.747873,0.937532,1.755383,0.310054,0,0,0,0,0,0,0,0,0,0,289
0,0,0,0,0,0,0,0,0,0,0,0,0,0,0,0,0,0,0,0,0,3.08168,32.070659,51.05918,48.650892,35.864639,25.443803,28.864902,10.348836,1.541829,0.436611,1.37895,1.15717,0.297782,0.669149,1.243147,2.775662,1.926119,0.718441,1.857326,0.286543,0,0,0,0,0,0,0,0,0,0,187
0,0,0,0,0,0,0,0,0,0,0,0,0,0,0,0,0,0,0,0.162096,2.761292,14.743765,20.262159,24.117085,20.892212,19.346067,19.890358,14.239486,4.435174,2.602819,1.566764,0.411366,0.518776,1.770169,0.515771,0.956989,1.13471,1.654939,1.659674,1.420642,0.735438,0,0,0,0,0,0,0,0,0,0,86.4
0,0,0,0,0,0,0,0,0,0,0,0,0,0,0,0,0,0,0,0,1.336212,14.955721,22.662898,26.821492,19.317509,17.845111,18.584453,19.271991,6.037749,2.291635,0.872412,0.355938,0.344878,1.761026,0.502301,1.006331,0.915142,2.57058,1.241577,1.023561,0.747121,0,0,0,0,0,0,0,0,0,0,72.7
0,0,0,0,0,0,0,0,0,0,0,0,0,0,0,0,0,0,0,0.684278,1.778471,8.081221,24.125283,30.885333,31.336689,22.084568,14.329098,15.373875,5.286536,1.739179,1.221904,1.397965,1.055877,0.713731,0.810863,1.589939,2.272583,1.461508,1.589463,1.732087,0.012659,0,0,0,0,0,0,0,0,0,0,99
0,0,0,0,0,0,0,0,0,0,0,0,0,0,0,0,0,0,0,0,0.880249,14.419166,22.747024,29.667325,23.369798,22.08432,23.854795,19.159042,5.662428,2.935468,1.320459,0.426011,0.57693,1.198866,0.747063,0.844663,1.062764,2.012467,1.616776,1.06253,0.552314,0,0,0,0,0,0,0,0,0,0,101.5
0,0,0,0,0,0,0,0,0,0,0,0,0,0,0,0,0,0,0.352544,3.650636,14.139702,23.845703,15.557925,16.424828,10.176842,3.268606,3.9968,2.222671,1.562605,2.374397,1.482866,1.733776,1.685713,1.225404,3.028617,1.464682,3.133674,2.318908,7.735256,0.788273,0,0,0,0,0,0,0,0,0,0,0,42.3
0,0,0,0,0,0,0,0,0,0,0,0,0,0,0,0,0,0,0,0.035265,3.966525,17.288321,25.800366,27.490854,26.928682,19.95875,21.313156,7.919853,3.805332,1.670802,1.97869,2.306245,1.176389,1.430407,2.34474,3.519382,1.999148,2.824506,2.20475,0.498786,0,0,0,0,0,0,0,0,0,0,0,102
0,0,0,0,0,0,0,0,0,0,0,0,0,0,0,0,0,0,0.279768,3.683565,9.415236,14.610288,16.474499,11.046837,10.829184,15.169306,11.665971,3.539925,2.23144,1.266524,1.266435,1.429615,0.795635,1.343857,1.439543,2.964561,3.580877,2.258804,2.261661,0.711638,0,0,0,0,0,0,0,0,0,0,0,51
0,0,0,0,0,0,0,0,0,0,0,0,0,0,0,0,0,0,2.96458,9.728197,9.293622,5.713726,8.037473,6.724286,5.836116,4.579879,4.224162,2.650115,1.144408,1.262257,1.728477,0.479896,0.744395,2.699396,1.992645,3.310121,3.243288,2.779775,0.987009,0.08341,0,0,0,0,0,0,0,0,0,0,0,10.4
0,0,0,0,0,0,0,0,0,0,0,0,0,0,0,0,0,0,0.78878,5.625301,11.328407,10.670094,12.062669,9.574577,8.595264,10.230085,6.984146,3.460649,1.150704,0.936891,2.011889,0.678553,0.933914,1.900704,2.020745,2.678832,3.769731,2.734569,1.475525,0.415749,0,0,0,0,0,0,0,0,0,0,0,35
0,0,0,0,0,0,0,0,0,0,0,0,0,0,0,0,0,0,0,0.016087,6.471601,14.588015,17.463875,14.371677,13.589726,7.514529,3.779918,1.81679,0.664628,1.163722,1.998914,0.660603,0.81046,0.871088,1.65716,1.111663,1.200253,2.699521,1.205901,3.000227,0.931961,0,0,0,0,0,0,0,0,0,0,47.6
0,0,0,0,0,0,0,0,0,0,0,0,0,0,0,0,0,0.342422,1.662267,5.563522,12.656664,15.597658,14.117742,10.774135,9.357375,9.598398,9.217882,3.635723,3.843262,2.779166,3.126863,4.735654,4.342211,6.2668,3.827531,2.392351,1.978897,0.051626,0,0,0,0,0,0,0,0,0,0,0,0,0,36
0,0,0,0,0,0,0,0,0,0,0,0,0,0,0,0,0,0,0,0,0.005214,6.564518,28.300815,33.499148,25.879247,22.680318,18.456481,16.599213,4.242286,1.204411,0.471093,1.536053,0.909736,0.340201,0.770927,1.421175,2.718367,1.721089,0.828789,1.771749,0.192731,0,0,0,0,0,0,0,0,0,0,90.1
0,0,0,0,0,0,0,0,0,0,0,0,0,0,0,0,0,0.298661,1.611384,4.973938,9.419538,13.284493,22.4899,20.976562,18.080623,14.693928,14.296643,11.143928,5.259743,2.760873,3.201814,4.592394,4.425693,6.135208,3.960729,2.240211,1.921588,0.145388,0,0,0,0,0,0,0,0,0,0,0,0,0,94
0,0,0,0,0,0,0,0,0,0,0,0,0,0,0,0,0,0,0,0,0.786742,6.873892,27.3329,32.700202,27.769188,21.499285,17.888933,16.039186,5.293978,0.967301,0.560703,1.314952,1.249275,0.341508,0.747701,1.430969,2.53626,1.841139,0.907054,1.854469,0.138792,0,0,0,0,0,0,0,0,0,0,89
0,0,0,0,0,0,0,0,0,0,0,0,0,0,0,0,0,0,0.006548,2.490798,14.104484,47.42756,37.916418,28.47383,27.631084,19.4586,10.845559,4.527865,4.002393,7.013139,2.548478,2.506707,3.077294,4.604723,12.473755,4.657981,4.496833,6.958376,2.542016,0.00033,0,0,0,0,0,0,0,0,0,0,0,218
0,0,0,0,0,0,0,0,0,0,0,0,0,0,0,0,0,0,0,2.404959,6.365272,25.089077,22.280359,17.518657,18.934151,10.2177,6.443853,2.865289,1.961178,4.039719,1.891173,1.630408,1.650398,1.877974,4.636776,3.524865,1.941908,4.183316,2.774459,0.03519,0,0,0,0,0,0,0,0,0,0,0,85
0,0,0,0,0,0,0,0,0,0,0,0,0,0,0,0,0,0,0.002709,2.385977,10.315692,36.322921,30.149435,22.805062,23.615049,14.814762,8.414349,4.047901,2.830632,5.281138,2.265966,2.023068,2.381077,3.066755,8.595847,4.195829,2.989913,5.698901,2.801262,0.014036,0,0,0,0,0,0,0,0,0,0,0,162
0,0,0,0,0,0,0,0,0,0,0,0,0,0,0,0,0,0,0.001822,2.398008,18.004396,58.637433,45.430443,34.720785,31.510949,23.612062,13.992432,5.565734,4.841428,8.375494,2.902729,2.961997,4.030635,6.402264,15.632234,5.60109,6.029321,7.427291,2.795326,0.044347,0,0,0,0,0,0,0,0,0,0,0,274
0,0,0,0,0,0,0,0,0,0,0,0,0,0,0,0,0,0,0,0,6.255381,34.157434,41.992917,34.019999,27.075091,19.056164,23.196581,9.087916,3.127186,3.976874,2.388842,2.200211,1.762438,2.652378,6.731595,6.870769,3.403096,4.234473,3.278888,0.053535,0,0,0,0,0,0,0,0,0,0,0,185
0,0,0,0,0,0,0,0,0,0,0,0,0,0,0,0,0,0,0,0,3.779866,26.757877,53.246151,52.25758,48.3287,32.877067,27.995346,25.775718,7.189941,3.958838,2.477515,2.044863,1.659524,2.694177,6.593723,6.82646,3.713134,4.246034,3.028396,0,0,0,0,0,0,0,0,0,0,0,0,255
0,0,0,0,0,0,0,0,0,0,0,0,0,0,0,0,0,0,0.852253,7.417772,14.138742,24.859209,21.513008,18.996808,14.792431,11.718285,14.558862,8.845179,9.536151,6.712427,13.052545,9.443358,8.060441,2.15629,1.316437,2.32197,0.998554,0.371879,0,0,0,0,0,0,0,0,0,0,0,0,0,188
0,0,0,0,0,0,0,0,0,0,0,0,0,0,0,0,0,0.157984,3.447997,14.830465,17.103241,13.178034,12.127517,9.463573,8.39411,5.579027,7.867787,4.148924,9.695007,7.745843,11.324407,9.237335,9.707667,2.779099,1.544132,2.067045,0.069285,0,0,0,0,0,0,0,0,0,0,0,0,0,0,153.6
0,0,0,0,0,0,0,0,0,0,0,0,0,0,0,0,0,0.122505,1.910472,10.449389,18.084803,18.552753,16.52778,11.586053,11.634914,11.016525,11.667654,5.052923,9.48996,7.478477,11.207973,9.412456,9.580098,3.918237,1.039821,1.766645,0.50485,0,0,0,0,0,0,0,0,0,0,0,0,0,0,169.8
0,0,0,0,0,0,0,0,0,0,0,0,0,0,0,0,0,0,2.487794,18.338014,32.523268,28.027971,20.367111,13.015084,13.204737,13.258152,10.507753,12.352752,15.353997,12.32887,26.626995,15.387477,14.421126,2.14664,1.968716,0.68082,0.036104,0,0,0,0,0,0,0,0,0,0,0,0,0,0,298
0,0,0,0,0,0,0,0,0,0,0,0,0,0,0.229759,0.924645,1.258601,2.196983,7.666053,17.600758,19.876215,12.668304,10.182532,11.297845,11.015185,12.005594,8.429451,20.271335,17.93281,16.06707,21.620435,16.983985,4.79033,0,0,0,0,0,0,0,0,0,0,0,0,0,0,0,0,0,0,258
0,0,0,0,0,0,0,0,0,0,0,0,0,0,0,0,0,0.465301,2.839996,10.045238,11.707556,10.945544,9.130463,8.575515,5.877073,4.319977,5.086966,3.305074,3.818862,3.271984,3.46642,4.34225,4.973591,5.162685,4.351577,2.748205,1.149494,0,0,0,0,0,0,0,0,0,0,0,0,0,0,6
0,0,0,0,0,0,0,0,0,0,0,0,0,0,0,0,0,0,0.724321,4.962997,7.455847,12.900974,15.458966,16.779991,11.468714,11.066735,11.293607,6.271968,1.360108,0.900923,2.401612,0.752132,0.789286,1.758443,1.91697,2.868464,3.804155,2.633363,1.56055,0.404844,0,0,0,0,0,0,0,0,0,0,0,63.4
0,0,0,0,0,0,0,0,0.243543,0.720252,1.411145,0.00915,1.152234,0.643637,0.551713,1.605097,0.589625,0.294364,0.439448,0.376111,2.495899,8.260958,21.577144,34.681558,37.717136,26.041536,23.398339,22.963401,9.55867,1.585247,1.178925,1.974861,2.060029,2.240193,3.770049,2.373707,1.623138,2.936574,2.372146,0.698053,0,0,0,0,0,0,0,0,0,0,0,259
0,0,0,0,0,0,0,0,0,0,0,0,0,0,0,0.258437,2.696237,6.021035,6.461525,6.320405,4.376499,5.294172,5.778919,3.795778,4.993744,5.802457,4.204689,5.870599,5.778664,6.578199,10.073714,7.97932,6.912733,2.777211,0.071463,0,0,0,0,0,0,0,0,0,0,0,0,0,0,0,0,31.3
0,0,0,0,0,0,0,0,0,0,0,0,0,0,0,0,0,0,0,0,3.035113,12.3623,20.707365,21.355945,14.321317,12.42333,8.019528,2.760546,1.82125,0.777486,1.076023,1.688625,0.645577,0.22889,2.13389,0.953951,1.379074,1.482625,2.120257,2.034077,1.293001,0,0,0,0,0,0,0,0,0,0,66
0,0,0,0,0,0,0,0,0,0,0,0,0,0,0,0,0.004667,2.395503,9.960916,17.616478,15.472439,12.763645,8.873387,8.642218,9.951578,10.152122,9.819845,22.883606,18.458848,16.859218,16.974981,14.965096,2.388904,0.585837,0,0,0,0,0,0,0,0,0,0,0,0,0,0,0,0,0,285.2
0,0,0,0,0,0,0,0,0,0,0,0,0,0,0,0,0,0,0,0.123804,3.871523,19.027018,24.050896,30.481896,23.713344,20.905384,28.354658,27.829584,6.112586,2.255256,1.447947,1.637861,3.224308,1.603534,2.466278,0.88073,1.70997,1.783472,1.034071,0,0,0,0,0,0,0,0,0,0,0,0,110
0,0,0,0,0,0,0,0,0,0,0,0,0,0,0,0,0,0.951559,4.652722,13.808232,14.107763,14.753513,11.826476,10.834015,13.548918,9.469108,7.238606,8.559355,13.704116,12.004018,14.607728,10.839038,8.06185,1.574813,0,0,0,0,0,0,0,0,0,0,0,0,0,0,0,0,0,194
0,0,0,0,0,0,0,0,0,0,0,0,0,0,0,0,0,0.285051,1.862509,8.000563,3.908637,0.53915,13.558215,8.526258,0.065423,14.739019,27.845912,47.199146,7.139137,0,0,0,0,0,0,0,0,0,0,0,0,0,0,0,0,0,0,0,0,0,0,76.7
0,0,0,0,0,0,0,0,0,0,0,0,0,0,0,0,0,1.686674,6.416751,6.680902,3.830722,4.987279,7.773538,4.159276,3.421556,2.781732,2.50083,4.923042,4.379657,0.136809,7.981452,8.869026,7.602362,0,0,0,0,0,0,0,0,0,0,0,0,0,0,0,0,0,0,-24.1
0,0,0,0,0,0,0,0,0,0,0,0,0,0,0,0,0,0.192514,3.274141,5.392171,7.676947,9.707111,10.629936,7.436013,5.693455,9.924123,2.835439,3.645423,5.706457,1.697652,4.016366,10.624744,8.237834,1.308834,0,0,0,0,0,0,0,0,0,0,0,0,0,0,0,0,0,12.3
0,0,0,0,0,0,0,0,0,0,0,0,0,0,0,0.229998,1.829064,3.860982,4.535946,5.829286,2.744718,4.104626,4.724217,5.693761,4.253935,6.527169,5.988053,4.185728,10.907048,13.674276,11.771857,2.517811,0.071234,0,0,0,0,0,0,0,0,0,0,0,0,0,0,0,0,0,0,-13.8
0,0,0,0,0,0,0,0,0,0,0,0,0,0,0,0,1.032017,6.834643,11.371749,9.832536,11.346253,6.449894,5.438426,4.254931,9.751371,6.93877,11.232971,12.086116,8.494644,7.238384,21.306181,13.876649,6.086596,0,0,0,0,0,0,0,0,0,0,0,0,0,0,0,0,0,0,155.4
0,0,0,0,0,0,0,0,0,0,0,0,0,0,0,0,0,1.120534,7.316506,11.255314,15.912623,18.777688,11.173861,8.653585,6.337608,6.808138,2.137129,9.910812,8.932423,3.124384,13.144161,18.345525,14.894753,0.052055,0,0,0,0,0,0,0,0,0,0,0,0,0,0,0,0,0,155
0,0,0,0,0,0,0,0,0,0,0,0,0,0,0,0,0,0.50307,5.870225,8.974366,11.345943,23.925927,22.469677,13.459095,9.053415,10.585738,2.234369,8.63492,9.490268,4.300899,9.251866,20.276676,16.583391,0.889245,0,0,0,0,0,0,0,0,0,0,0,0,0,0,0,0,0,182.9
0,0,0,0,0,0,0,0,0,0,0,0,0,0,1.838544,5.64101,2.35149,3.315659,3.03526,2.429409,1.351398,2.165523,5.640117,4.316397,3.066276,8.833276,4.589023,1.52223,15.326385,14.438369,17.53452,0.989315,0,0,0,0,0,0,0,0,0,0,0,0,0,0,0,0,0,0,0,39.8
0,0,0,0,0,0,0,0,0,0,0,0.140244,2.065654,2.176353,0.370187,2.230898,0.452948,0.52057,0.20341,2.223365,3.980361,7.406294,2.095364,8.852798,8.537041,2.334968,10.802485,23.397619,28.218665,11.434966,0,0,0,0,0,0,0,0,0,0,0,0,0,0,0,0,0,0,0,0,0,61.2
0,0,0,0,0,0,0,0,0,0,0,0,0,0,0.349992,2.686499,1.627994,0.91989,3.696289,6.909103,6.725225,6.269802,5.762083,10.555629,6.107238,5.217099,8.857239,3.485296,7.655357,17.418748,15.838122,6.129583,0,0,0,0,0,0,0,0,0,0,0,0,0,0,0,0,0,0,0,56.3
0,0,0,0,0,0,0,0,0,0,0,0,0,0,0,0,2.088959,8.937737,7.3582,4.544931,7.746143,4.923367,4.096991,3.147719,7.043906,1.843185,9.989386,8.951416,3.825603,11.733554,18.26911,12.813128,0.166765,0,0,0,0,0,0,0,0,0,0,0,0,0,0,0,0,0,0,83.4
0,0,0,0,0,0,0,0,0,0,0,0,0,0.457733,2.766192,3.35848,5.843019,3.588867,3.859542,3.196023,3.119232,2.866918,6.957411,5.354868,6.007582,11.661205,9.068242,6.475026,19.704503,23.140307,13.58147,3.798921,0,0,0,0,0,0,0,0,0,0,0,0,0,0,0,0,0,0,0,113
0,0,0,0,0,0,0,0,0,0,0,0,0,0,0,0,0.376271,4.54603,7.709466,7.836207,9.990611,10.904917,7.165679,6.383266,10.969701,4.492356,5.80777,9.041868,5.17709,5.398942,16.320903,15.074887,5.446907,1.199328,0,0,0,0,0,0,0,0,0,0,0,0,0,0,0,0,0,96.4
0,0,0,0,0,0,0,0,0,0,0,0,0,0,0,0,0.032542,2.972787,4.593718,5.501342,6.631625,10.24835,8.179173,4.297885,12.444337,7.425566,5.389268,17.783391,21.166396,24.205771,1.71889,0,0,0,0,0,0,0,0,0,0,0,0,0,0,0,0,0,0,0,0,74.02
0,0,0,0,0,0,0,0,0,0,0,0,0,0.075033,2.04567,3.70035,1.653573,3.571379,2.509977,3.809689,6.397239,4.973464,2.733229,12.952584,12.319767,5.175252,14.724941,20.797856,28.894984,13.519714,8.966825,0.427886,0,0,0,0,0,0,0,0,0,0,0,0,0,0,0,0,0,0,0,130.2
0,0,0,0,0,0,0,0,0,0,0,0,0.658014,4.170625,2.305921,1.465426,3.916317,0.93287,0.752966,1.732352,2.502208,9.227114,6.24431,4.248755,18.836257,8.2259,3.592034,25.093156,28.203206,26.381277,2.268331,0,0,0,0,0,0,0,0,0,0,0,0,0,0,0,0,0,0,0,0,146
0,0,0,0,0,0,0,0,0,0,0,0,0,0,0,0,0,0,1.064217,2.983981,9.920065,13.080339,13.399883,10.030362,9.302794,14.803858,6.593336,2.145687,5.124933,3.525397,2.590002,8.657879,8.659495,3.746592,0,0,0,0,0,0,0,0,0,0,0,0,0,0,0,0,0,35
0,0,0,0,0,0,0,0,0,0,0,0.042182,0.566278,1.927625,2.079744,3.732949,6.03442,3.000607,4.325359,3.552637,2.360567,4.056863,2.847785,3.473614,3.456296,6.184154,7.807742,4.202441,3.381436,15.051732,12.373915,18.260274,1.527588,0,0,0,0,0,0,0,0,0,0,0,0,0,0,0,0,0,0,56
0,0,0,0,0,0,0,0,0,0,0,0,0,0,0,1.846476,8.9881,12.265898,6.309867,6.836531,5.746458,2.827331,2.247614,8.076071,3.998553,4.259542,15.222558,9.383887,2.407662,21.38541,22.930681,14.177303,3.843172,0.013685,0,0,0,0,0,0,0,0,0,0,0,0,0,0,0,0,0,158
0,0,0,0,0,0,0,0,0,0,0,0,0,0,0,0,0,0.054216,2.021438,4.039604,4.619475,11.767183,17.064253,15.896133,11.10941,12.271667,12.096501,12.05481,6.071611,2.231439,4.900124,9.880374,6.611738,1.089096,0,0,0,0,0,0,0,0,0,0,0,0,0,0,0,0,0,69
0,0,0,0,0,0,0,0,0,0,0,0,0,0,0,0,0,0,0,0.802198,11.418346,15.662135,16.290437,9.936705,11.96884,19.078984,11.50743,1.936085,3.083739,4.653734,3.196092,5.846546,9.451614,5.442025,0,0,0,0,0,0,0,0,0,0,0,0,0,0,0,0,0,50.9
0,0,0,0,0,0,0,0,0,0,0,0,0,0,0,0,0.491014,3.643296,7.342838,6.966065,8.215826,12.467375,10.124191,10.747438,12.868825,7.320331,12.712047,11.484727,4.749759,6.138553,17.248273,13.040291,5.537971,0.749261,0,0,0,0,0,0,0,0,0,0,0,0,0,0,0,0,0,123.9
0,0,0,0,0,0,0,0,0,0,0,0,0,0.254681,1.733118,1.762865,0.767014,1.552448,1.203128,1.792858,6.310396,4.232689,2.746185,10.171964,11.245686,8.176589,23.085158,28.47988,22.376765,4.976803,0,0,0,0,0,0,0,0,0,0,0,0,0,0,0,0,0,0,0,0,0,86.8
0,0,0,0,0,0,0,0,0,0,0,0,0,0,0,0,0,0,1.693561,4.298329,8.06487,0,8.887068,14.629092,11.062438,14.106117,33.770385,40.295554,10.512515,0,0,0,0,0,0,0,0,0,0,0,0,0,0,0,0,0,0,0,0,0,0,121.2
0,0,0,0,0,0,0,0,0,0,0,0,0,0,0,0,0.464894,3.007396,5.809505,7.029759,9.949043,7.913568,5.326406,4.972659,6.793471,6.031823,8.695279,8.087381,5.036432,6.177326,12.477561,9.363443,5.97978,0.108055,0,0,0,0,0,0,0,0,0,0,0,0,0,0,0,0,0,44.8
0,0,0,0,0,0,0,0,0,0,0,0,0,0,0,0,0,0,2.11916,7.466871,7.881399,4.492346,13.170548,16.194231,15.716034,26.044375,44.933933,51.672195,19.467402,0.140266,0,0,0,0,0,0,0,0,0,0,0,0,0,0,0,0,0,0,0,0,0,216
0,0,0,0,0,0,0,0,0,0,0,0,0,0,0,0,0.832596,3.824334,6.837173,12.456989,13.984417,9.146952,9.079873,6.544762,10.475726,6.622185,7.89164,12.38305,10.445264,11.715005,17.622747,14.575472,4.481905,0,0,0,0,0,0,0,0,0,0,0,0,0,0,0,0,0,0,174
0,0,0,0,0,0,0,0,0,0,0,0,0,0,0,0,0,1.605564,9.167601,10.657632,9.002977,7.97313,6.913513,6.921148,4.724995,6.871075,11.545922,10.701335,16.36911,21.66327,14.677201,2.269697,0,0,0,0,0,0,0,0,0,0,0,0,0,0,0,0,0,0,0,131.6
0,0,0,0,0,0,0,0,0,0,0,0,0,0,0,0,0.46091,5.111423,8.815579,7.900335,7.314509,5.75558,9.104232,3.320262,7.457779,12.637051,15.680348,18.131861,26.733836,22.02719,6.870224,0,0,0,0,0,0,0,0,0,0,0,0,0,0,0,0,0,0,0,0,180.2
0,0,0,0,0,0,0,0,0,0,0,0,0,0,0,0.104226,1.434834,7.174896,7.561924,5.924471,6.416201,4.458878,9.435522,3.800523,5.014923,16.550905,14.496508,23.56624,30.060797,21.782245,2.264799,0,0,0,0,0,0,0,0,0,0,0,0,0,0,0,0,0,0,0,0,172
0,0,0,0,0,0,0,0,0,0,0,0,0,0,0,0,1.781908,8.382676,8.100364,4.561701,6.891091,4.453294,7.84412,5.808913,2.786964,17.634849,12.065125,24.215907,30.639131,21.706014,3.564253,0,0,0,0,0,0,0,0,0,0,0,0,0,0,0,0,0,0,0,0,173.9
0,0,0,0,0,0,0,0,0,0,0,0,0,0,0,0,0,0,0.909902,2.311438,14.236162,3.793301,9.742361,43.844798,17.752843,7.8326,37.076576,42.220579,39.217465,1.549705,0,0,0,0,0,0,0,0,0,0,0,0,0,0,0,0,0,0,0,0,0,325
0,0,0,0,0,0,0,0,0,0,0,0,0,0,0,0,0,1.031209,9.480814,11.775222,10.283066,13.407177,6.132907,9.529788,16.050326,8.3878,14.063235,22.854237,28.092163,32.300045,6.005631,0.020648,0,0,0,0,0,0,0,0,0,0,0,0,0,0,0,0,0,0,0,221
0,0,0,0,0,0,0,0,0,0,0,0,0,0,0,0,0,0.284787,4.456753,8.644397,12.542812,11.501649,10.683325,11.851582,7.634207,13.909763,10.748951,12.746143,14.753232,17.978402,13.975501,5.58931,0.081648,0,0,0,0,0,0,0,0,0,0,0,0,0,0,0,0,0,0,158.8
0,0,0,0,0,0,0,0,0,0,0,0,0,0,0,0,0,1.006739,5.575516,7.785224,12.545371,10.817563,12.089388,10.288001,7.820402,13.252579,13.269332,10.454252,14.125113,22.084506,16.272637,2.797398,0,0,0,0,0,0,0,0,0,0,0,0,0,0,0,0,0,0,0,161.8
0,0,0,0,0,0,0,0,0,0,0,0,0,0,0,0,0.749059,3.351242,5.624634,6.226777,8.98322,9.878385,11.912496,8.357746,9.888444,18.494724,16.005004,21.506706,27.683241,23.577308,4.108462,0,0,0,0,0,0,0,0,0,0,0,0,0,0,0,0,0,0,0,0,200
0,0,0,0,0,0,0,0,0,0,0,0,0,0,0.52677,4.923481,4.56528,2.761624,2.107526,1.884526,2.319027,3.319046,6.123936,3.165143,7.59492,8.082061,4.588046,11.636557,22.954098,19.780317,5.07566,0,0,0,0,0,0,0,0,0,0,0,0,0,0,0,0,0,0,0,0,60
0,0,0,0,0,0,0,0,0,0,0,0,0,0,1.055179,4.191246,3.214285,2.097269,2.165114,1.944649,2.445202,4.385752,5.041468,2.820216,8.226501,11.043257,7.220811,13.683081,25.210315,18.189474,0.383722,0,0,0,0,0,0,0,0,0,0,0,0,0,0,0,0,0,0,0,0,47.64
0,0,0,0,0,0,0,0,0,0,0,0,0,0,0,0,0,0,1.778336,6.157732,10.536347,4.342812,14.600373,24.306838,12.514341,19.841207,39.986479,49.494911,27.652188,1.287115,0,0,0,0,0,0,0,0,0,0,0,0,0,0,0,0,0,0,0,0,0,239
0,0,0,0,0,0,0,0,0,0,0,0,0,0,0,0,0.537438,3.947516,6.716156,8.043643,5.862441,6.040908,6.837086,7.774695,5.807505,8.235324,8.829204,9.097228,13.163961,18.489633,13.600209,2.956899,0.044445,0,0,0,0,0,0,0,0,0,0,0,0,0,0,0,0,0,0,59
0,0,0,0,0,0,0,0,0,0,0,0,0,0,0,0,0,0.08702,2.355455,3.957753,5.017321,12.284202,14.704313,13.056887,9.825657,11.134408,8.236897,5.911671,5.185996,2.402217,3.729384,10.715988,8.310398,1.079464,0,0,0,0,0,0,0,0,0,0,0,0,0,0,0,0,0,46.2
0,0,0,0,0,0,0,0,0,0,0,0,0,0,0,0,0,0.086378,2.334,3.94174,4.440021,8.957477,20.651068,17.781074,13.702557,13.489629,9.525782,11.018111,5.784857,2.375468,3.57414,10.843615,8.165997,1.320885,0,0,0,0,0,0,0,0,0,0,0,0,0,0,0,0,0,78.4
0,0,0,0,0,0,0,0,0,0,0,0,0,0,0,0,0,0.085057,2.295421,3.890726,4.375381,7.60834,22.255126,22.312578,19.911461,15.593261,11.999057,13.62841,7.344778,2.414007,3.466716,10.872379,8.145586,1.446126,0,0,0,0,0,0,0,0,0,0,0,0,0,0,0,0,0,107.9
0,0,0,0,0,0,0,0,0,0,0,0,0,0,0,0,0,1.358884,10.758086,14.172837,12.873511,10.577957,8.321879,9.311663,5.816451,10.621739,11.949341,17.543123,27.567433,26.450986,15.923337,1.748374,0,0,0,0,0,0,0,0,0,0,0,0,0,0,0,0,0,0,0,259
0,0,0,0,0,0,0,0,0,0,0,0,0.684154,2.260116,0.374218,1.474888,1.307052,0.198374,1.423506,2.918825,9.865847,4.820181,7.695801,16.311995,7.91176,7.194916,24.150222,29.815894,33.660337,11.222073,0,0,0,0,0,0,0,0,0,0,0,0,0,0,0,0,0,0,0,0,0,161
0,0,0,0,0,0,0,0,0,0,0,0,0,0,0,0.17005,2.033262,3.962729,2.754441,2.89652,3.871942,7.08252,2.705074,5.453574,8.598237,4.685217,13.245361,21.640697,24.883749,8.051852,0.011824,0,0,0,0,0,0,0,0,0,0,0,0,0,0,0,0,0,0,0,0,31.6
0,0,0,0,0,0,0,0,0,0,0,0,0,0,0,0.566929,4.78098,6.179076,3.454621,4.893421,4.065851,6.850233,7.329138,2.045303,16.17175,19.763251,26.524471,25.118666,30.013401,17.077826,1.470294,0,0,0,0,0,0,0,0,0,0,0,0,0,0,0,0,0,0,0,0,213.5
0,0,0,0,0,0,0,0,0,0,0,0,0,0,0,0,3.266631,9.905446,9.350305,7.986923,9.252471,4.366833,5.964662,5.047846,9.552747,5.493001,10.909776,12.753673,7.72582,8.848069,22.942884,14.229534,4.331601,0,0,0,0,0,0,0,0,0,0,0,0,0,0,0,0,0,0,149
0,0,0,0,0,0,0,0,0,0,0,0,0,0,0.492408,1.638676,1.383106,0.132421,3.432688,2.145441,1.833222,11.093771,16.351677,8.872622,2.658635,4.484037,0.782326,1.0087,1.77626,1.607739,1.767855,3.764964,3.752446,5.713103,4.515459,3.299627,0.224656,0,0,0,0,0,0,0,0,0,0,0,0,0,0,13
0,0,0,0,0,0,0,0,0,0,0,0,0,0,0,0,0,0.436312,2.976084,8.29275,8.334339,6.833376,7.613698,8.763898,10.043223,6.53106,7.417192,5.965849,6.70507,12.386896,13.755106,5.473661,0.357825,0,0,0,0,0,0,0,0,0,0,0,0,0,0,0,0,0,0,23
0,0,0,0,0,0,0,0,0,0,0,0,0,0,0,0.136231,2.56255,6.901174,6.906723,6.069954,5.113751,7.038838,9.775144,9.839525,16.485806,21.632467,21.66912,17.339432,20.576335,11.844041,4.255552,2.722221,4.987879,3.859333,1.627625,0.089678,0,0,0,0,0,0,0,0,0,0,0,0,0,0,0,225
0,0,0,0,0,0,0,0,0,0,0,0,0,0,0,0.170581,3.395688,5.882015,4.58033,7.872973,8.512311,7.513171,7.496427,7.115012,9.106175,7.174105,12.193623,12.574187,9.055064,17.783402,16.611588,8.874723,1.021045,0,0,0,0,0,0,0,0,0,0,0,0,0,0,0,0,0,0,116
0,0,0,0,0,0,0,0,0,0,0,0,0,0,0,0,0.406279,3.321583,5.97661,7.406952,10.285088,9.020343,7.543388,10.005731,11.992424,7.629708,12.353313,14.320771,12.738023,12.802334,14.788795,6.683267,2.247973,0,0,0,0,0,0,0,0,0,0,0,0,0,0,0,0,0,0,127
0,0,0,0,0,0,0,0,0,0,0,0,0,0.157199,1.728628,2.29658,0.380151,2.022204,5.755943,10.233026,11.049567,9.764408,9.46962,10.416475,7.835213,13.046346,11.61087,12.328325,16.99621,23.829073,22.051858,3.975646,0,0,0,0,0,0,0,0,0,0,0,0,0,0,0,0,0,0,0,205
0,0,0,0,0,0,0,0,0,0,0,0,0,0,0.177031,5.065903,5.113705,2.34364,4.2231,2.878416,1.408541,1.787449,3.04522,3.403406,2.51957,4.646938,4.068644,1.406973,9.432291,13.581648,16.903216,3.84337,0,0,0,0,0,0,0,0,0,0,0,0,0,0,0,0,0,0,0,-9.1
0,0,0,0,0,0,0,0,0,0,0,0,0,0,0,0,0,0.35585,0.983071,4.968655,0.720805,2.045615,7.143707,3.225566,2.837581,26.03221,41.16586,21.09387,0,0,0,0,0,0,0,0,0,0,0,0,0,0,0,0,0,0,0,0,0,0,0,-29.8
0,0,0,0,0,0,0,0,0,0,0,0,0,0,0,0,0,0.333478,1.392912,6.759475,2.056705,1.3969,11.232563,4.369114,2.468527,20.362327,31.809335,40.405535,0.544919,0,0,0,0,0,0,0,0,0,0,0,0,0,0,0,0,0,0,0,0,0,0,23.7
0,0,0,0,0,0,0,0,0,0,0,0,1.100335,3.901952,1.136933,1.472575,0.98499,0.724365,1.045869,1.642584,1.866393,3.951273,1.549491,3.323455,4.207044,2.636853,9.060992,18.527725,29.85612,6.369011,0,0,0,0,0,0,0,0,0,0,0,0,0,0,0,0,0,0,0,0,0,-40.8
0,0,0,0,0,0,0,0,0,0,0,0,0,0,0,0,0,0.28505,0.663996,2.529419,0.035726,2.090019,5.346841,3.481839,7.018453,26.317007,43.749317,8.914875,0,0,0,0,0,0,0,0,0,0,0,0,0,0,0,0,0,0,0,0,0,0,0,-81.48
0,0,0,0,0,0,0,0,0,0,0,0,0,0.427518,4.318764,3.587007,3.138778,3.371409,2.487014,1.21211,1.334632,2.03034,4.675449,4.009904,3.067033,5.28936,10.207551,25.856143,27.805398,9.922664,5.012707,0,0,0,0,0,0,0,0,0,0,0,0,0,0,0,0,0,0,0,0,6
0,0,0,0,0,0,0,0,0,0,0,0,0,0,0,0,0,0.384718,1.126008,5.042228,0.475426,3.197777,6.754769,1.370935,6.360837,37.643342,66.152467,10.646153,0,0,0,0,0,0,0,0,0,0,0,0,0,0,0,0,0,0,0,0,0,0,0,3.6
0,0,0,0,0,0,0,0,0,0,0,0,0,0,0,0,0.775921,1.530498,4.986105,0.510336,1.017409,7.989869,3.418966,0.144997,6.23889,38.359376,55.199274,28.331461,0.03297,0,0,0,0,0,0,0,0,0,0,0,0,0,0,0,0,0,0,0,0,0,0,47.1
0,0,0,0,0,0,0,0,0,0,0,0,0,0.241471,1.851014,1.938035,1.024519,1.346601,1.061054,0.81703,1.510638,4.693227,4.5011,5.93873,10.300103,8.080903,17.474474,27.378118,11.830361,7.473794,0,0,0,0,0,0,0,0,0,0,0,0,0,0,0,0,0,0,0,0,0,-18.8
0,0,0,0,0,0,0,0,0,0,0,0,0,0,0,0,0,0,1.885234,6.998234,7.935937,6.249189,7.042107,4.973739,2.545604,1.455375,1.996333,0.801341,1.297868,1.332951,1.685494,4.447601,8.590686,5.575168,0,0,0,0,0,0,0,0,0,0,0,0,0,0,0,0,0,-78.31
0,0,0,0,0,0,0,0,0,0,0,0,0,0,0,0.577512,7.622067,4.672251,3.944703,3.371045,2.59371,1.353991,1.785313,1.741582,1.203647,1.549919,2.479535,1.35918,3.8918,10.930117,16.537915,7.433624,0,0,0,0,0,0,0,0,0,0,0,0,0,0,0,0,0,0,0,-51.65
0,0,0,0,0,0,0,0,0,0,0,0,0.605087,4.581202,1.525677,1.215933,1.166578,1.300536,1.246463,1.334934,0.887844,1.136666,1.536618,1.527578,1.602014,2.618675,7.19145,15.92956,30.267768,4.576316,0,0,0,0,0,0,0,0,0,0,0,0,0,0,0,0,0,0,0,0,0,-82
0,0,0,0,0,0,0,0,0,0,0,0,0,0,0,0,0,0,0,0,0.565158,2.270437,2.397575,3.738247,10.807436,29.282646,37.800435,0.427755,0,0,0,0,0,0,0,0,0,0,0,0,0,0,0,0,0,0,0,0,0,0,0,-127.9
0,0,0,0,0,0,0,0,0,0,0,0,0,0,0,0,0,0,0.009242,3.671092,10.087743,11.223996,9.897957,8.083061,6.287192,7.000034,3.895053,2.058195,0.909954,1.594713,1.745484,3.170189,5.562057,8.364947,1.941472,0,0,0,0,0,0,0,0,0,0,0,0,0,0,0,0,-37.7
0,0,0,0,0,0,0,0,0,0,0,0,0,0,0,0,0.900319,5.662402,4.082649,6.392748,4.122203,3.039078,6.910507,1.949172,2.614219,3.915947,2.249228,8.843874,24.261933,22.180172,0.15414,0,0,0,0,0,0,0,0,0,0,0,0,0,0,0,0,0,0,0,0,-47.2
0,0,0,0,0,0,0,0,0,0,0,0,0,0,0,0,0,0,0,0,0.12344,1.13372,2.755425,3.970351,22.500158,96.849755,46.698031,0.015821,0,0,0,0,0,0,0,0,0,0,0,0,0,0,0,0,0,0,0,0,0,0,0,-2.1
0,0,0,0,0,0,0,0,0,0,0,0,0,0,0,0.147787,1.521602,3.782194,3.701493,1.502244,2.797811,2.142158,2.827056,4.756447,3.963262,8.351705,10.280153,17.973187,20.308183,2.947047,1.078862,0,0,0,0,0,0,0,0,0,0,0,0,0,0,0,0,0,0,0,0,-85.5
0,0,0,0,0,0,0,0,0,0,0,0,0,0,0,0,0,0,0,0,1.080616,10.953485,6.366196,4.563051,5.339862,15.182973,36.578035,23.336332,0,0,0,0,0,0,0,0,0,0,0,0,0,0,0,0,0,0,0,0,0,0,0,-76
0,0,0,0,0,0,0,0,0,0,0,0,1.512416,3.413844,1.13329,1.62108,0.890724,0.752483,1.681221,1.87927,3.678521,1.151489,2.962504,5.254799,2.426194,2.93925,10.136313,20.03497,27.138346,10.060275,0,0,0,0,0,0,0,0,0,0,0,0,0,0,0,0,0,0,0,0,0,-15.6
0,0,0,0,0,0,0,0,0,0,0,0,0,0,0,0,1.062027,4.102123,2.837304,8.358475,7.814263,5.471457,5.368951,5.790914,6.647863,1.773511,2.189233,2.270085,2.891392,7.39497,12.584751,14.220463,2.051488,0,0,0,0,0,0,0,0,0,0,0,0,0,0,0,0,0,0,-24.02
0,0,0,0,0,0,0,0,0,0,0,0,0,0,0,0,0.073638,2.747426,6.790917,4.944352,4.287189,4.7792,8.187981,6.779388,1.546344,2.742092,6.255989,3.926111,1.388864,3.634607,11.378912,9.009636,5.129074,0,0,0,0,0,0,0,0,0,0,0,0,0,0,0,0,0,0,3.4
0,0,0,0,0,0,0,0,0,0,0,0,0,0,0,0,0,0.493399,3.991084,4.964704,7.157331,10.168989,10.818676,9.214796,6.835115,6.837465,5.11738,6.021811,2.503163,1.300703,9.86607,7.677138,9.66711,0.222644,0,0,0,0,0,0,0,0,0,0,0,0,0,0,0,0,0,38.2
0,0,0,0,0,0,0,0,0,0,0,0,0.304813,3.674134,1.293302,1.857133,1.922074,0.848418,1.440304,1.329583,1.434685,2.800096,2.627527,2.137093,3.856756,9.689557,23.811171,30.020031,21.562124,3.096179,0,0,0,0,0,0,0,0,0,0,0,0,0,0,0,0,0,0,0,0,0,-48.09
0,0,0,0,0,0,0,0,0,0,0,0,1.013299,4.053874,1.370707,1.727022,3.496767,0.776942,2.538945,5.46589,9.954747,0.540038,5.779445,18.164,10.7895,3.397328,8.315183,28.113503,20.373138,38.097049,4.768255,0,0,0,0,0,0,0,0,0,0,0,0,0,0,0,0,0,0,0,0,248
0,0,0,0,0,0,0,0,0,0,0,0,0,0,0,0,0,0.276661,2.851864,4.106368,4.313678,13.331795,14.267095,15.011125,10.444303,8.219984,11.082687,7.726289,2.214946,1.367959,10.225745,7.623312,9.692275,0.042332,0,0,0,0,0,0,0,0,0,0,0,0,0,0,0,0,0,70.8
0,0,0,0,0,0,0,0,0,0,0,0,0,0,0,0,0,0.052382,1.538278,3.046647,9.985301,13.579023,13.190972,10.726729,11.535064,13.321113,4.975874,5.958346,3.621439,1.716664,7.249235,8.776221,9.683907,1.759233,0,0,0,0,0,0,0,0,0,0,0,0,0,0,0,0,0,59.34
0,0,0,0,0,0,0,0,0,0,0,0,0,0,0,0,0,0.324604,2.948155,4.177268,3.404564,10.260664,20.312743,19.373894,14.118785,10.78249,12.211526,12.715306,3.009639,1.320673,10.03976,7.713886,9.833626,0.116086,0,0,0,0,0,0,0,0,0,0,0,0,0,0,0,0,0,101.4
0,0,0,0,0,0,0,0,0,0,0,0,0,0,0,0,0,0.315309,2.985895,3.922521,3.537299,8.064845,22.120565,33.338362,29.949998,21.549314,19.450297,20.094932,7.772761,1.596151,10.277356,7.879903,9.634294,0.095718,0,0,0,0,0,0,0,0,0,0,0,0,0,0,0,0,0,179
0,0,0,0,0,0,0,0,0,0,0,0,0,0,0.404841,2.718533,1.279364,1.366603,3.275387,7.220513,7.849226,9.744895,6.590932,6.0836,11.139795,7.581245,3.061999,3.253682,16.04588,12.430581,21.017172,4.941822,0,0,0,0,0,0,0,0,0,0,0,0,0,0,0,0,0,0,0,109
0,0,0,0,0,0,0,0,0,0,0,0,0,0,0,0.100325,1.609907,7.271499,7.450837,7.651753,8.590167,6.838985,3.749506,6.53729,9.896535,11.692824,10.272773,30.264156,28.860401,26.261429,2.951043,0,0,0,0,0,0,0,0,0,0,0,0,0,0,0,0,0,0,0,0,214
0,0,0,0,0,0,0,0,0,0,0,0,0,0,0,0,0,0.604144,1.313512,7.780343,0.844571,3.112506,10.977164,4.085626,4.132655,26.220764,56.526838,33.523127,0,0,0,0,0,0,0,0,0,0,0,0,0,0,0,0,0,0,0,0,0,0,0,46
0,0,0,0,0,0,0,0,0,0,0,0,0,0,0,0,0,1.974083,9.20124,11.514866,9.175026,9.832927,5.79947,4.812686,8.067664,7.27775,7.97439,10.453864,19.741113,20.993915,17.110697,1.809238,0,0,0,0,0,0,0,0,0,0,0,0,0,0,0,0,0,0,0,155.9
0,0,0,0,0,0,0,0,0,0,0,0,0,0,0,0,0.164726,3.376192,5.8966,5.522293,4.567763,6.14097,5.210794,7.074302,4.726569,7.677724,4.174203,1.218099,2.837134,11.671736,7.664984,12.611408,1.276934,0,0,0,0,0,0,0,0,0,0,0,0,0,0,0,0,0,0,42.4
0,0,0,0,0,0,0,0,0,0,0,0,0,0,0,0,0,0.698712,4.166231,3.989077,8.209591,9.007864,14.032333,9.026708,5.274186,10.434583,7.983922,2.31975,1.485024,9.457323,9.054969,11.820111,4.291386,0,0,0,0,0,0,0,0,0,0,0,0,0,0,0,0,0,0,72
0,0,0,0,0,0,0,0,0,0,0,0,0,0,0,0,0,0.439619,3.152862,3.468057,5.303907,12.846459,16.40961,14.451368,9.318401,11.192105,14.237253,4.076379,1.467984,9.67622,9.030042,11.532229,4.465333,0,0,0,0,0,0,0,0,0,0,0,0,0,0,0,0,0,0,102
0,0,0,0,0,0,0,0,0,0,0,0,0,0,0,0,0,0.10718,1.860275,2.588059,10.050021,13.799574,15.057154,13.26265,7.528452,14.297589,9.821568,3.498259,1.841121,5.866651,10.91951,9.186554,8.292194,0,0,0,0,0,0,0,0,0,0,0,0,0,0,0,0,0,0,89
0,0,0,0,0,0,0,0,0,0,0,0,0,0,0,0,0,1.831513,9.921926,11.995111,11.90215,6.944839,5.175449,8.724619,7.592515,4.548333,10.908285,13.659873,19.288397,22.743469,16.578479,2.194702,0,0,0,0,0,0,0,0,0,0,0,0,0,0,0,0,0,0,0,188.5
0,0,0,0,0,0,0,0,0,0,0,0,0,0,1.833808,3.956022,2.999203,3.803698,2.516643,5.640586,5.911643,1.91407,3.490545,12.456798,6.899575,1.622739,2.353912,17.298769,14.069016,23.236985,15.387847,0,0,0,0,0,0,0,0,0,0,0,0,0,0,0,0,0,0,0,0,182
0,0,0,0,0,0,0,0,0,0,0,0,0,0,0,0,0,0.450862,1.315639,4.924728,0.33715,4.005702,7.053834,2.277998,7.260697,31.249668,67.572044,13.500187,0,0,0,0,0,0,0,0,0,0,0,0,0,0,0,0,0,0,0,0,0,0,0,3
0,0,0,0,0,0,0,0,0,0,0,1.335066,2.232797,0.803102,1.894161,1.118338,0.32227,0.318956,0.218322,1.928397,4.325381,5.631336,1.533675,7.789083,6.009413,6.516265,28.726274,41.681662,21.866166,0.650214,0,0,0,0,0,0,0,0,0,0,0,0,0,0,0,0,0,0,0,0,0,27.8
0,0,0,0,0,0,0,0,0,0,0,0,1.777971,2.962706,0.901487,1.758323,0.514616,0.754287,0.343489,2.056055,2.991222,6.214669,1.2367,6.273351,6.241486,2.528369,10.000788,20.884149,28.778998,9.122705,0,0,0,0,0,0,0,0,0,0,0,0,0,0,0,0,0,0,0,0,0,8.9
0,0,0,0,0,0,0,0,0,0,0,0,0,0,0,0,0.055988,1.577082,11.248203,14.255439,12.730078,12.891272,7.919566,6.990879,8.708684,9.81633,10.50237,16.938449,30.288212,27.454233,16.848654,1.359742,0,0,0,0,0,0,0,0,0,0,0,0,0,0,0,0,0,0,0,280
0,0,0,0,0,0,0,0,0,0,0,0,0,0,0,0,0,0,1.339545,5.548945,4.794459,4.132595,4.33355,4.68747,9.646625,23.404636,38.104429,35.299165,2.877081,0,0,0,0,0,0,0,0,0,0,0,0,0,0,0,0,0,0,0,0,0,0,-30.2
0,0,0,0,0,0,0,0,0,0,0,0,0,0,0.317281,1.941856,3.134989,1.538487,2.613959,2.60555,4.193175,6.059653,5.84907,6.167728,5.917851,6.566679,7.727251,3.231978,1.376087,1.645418,0.532924,0.5938,1.583774,0.503922,0.287817,1.022179,0.777184,0.728081,0.311675,0.357466,1.017104,0.689444,0.788546,0.612478,0.554352,0.597277,0.838665,0.003138,0,0,0,-6.4
0,0,0,0,0,0,0,0,0,0,0,0,0,0,0.230289,1.351093,1.460908,0.588649,1.391102,0.631531,2.220651,7.799879,9.273175,14.003069,13.04205,11.567174,13.06982,3.359772,1.040369,1.103086,1.642511,0.712524,0.562095,0.273918,1.02457,0.916078,0.519299,0.411774,1.231976,0.31743,0.317096,0.333674,1.477132,0.559808,0.195075,0.511177,0.071628,0,0,0,0,7.3
0,0,0,0,0,0,0,0,0,0,0,0,0,0,0,0,0,0,0,0,2.56354,12.033298,12.109793,12.781617,17.586077,18.569607,18.589787,4.966809,1.308884,0.847792,1.314252,1.892077,0.529198,0.020548,0.176231,0.902369,0.190797,2.132653,0.458245,0.005975,0.455009,1.16692,0.311925,0.283107,0,0,0,0,0,0,0,2.8
0,0,0,0,0,0,0,0,0,0,0,0,0,0,0,1.034467,3.049651,1.658779,2.653052,3.055648,2.362351,5.924266,13.292077,11.175623,9.452326,8.629444,6.445971,8.538054,2.214171,0.896057,1.393993,0.439808,1.09768,0.695759,0.672101,1.074384,0.609913,0.250701,0.066024,1.063122,1.123523,0.378913,0.715806,0.758008,0.853722,0.589316,0.680996,0.127723,0,0,0,16.6
0,0,0,0,0,0,0,0,0,0,0,0,0,0,0,0.253914,0.989832,1.026906,1.565031,0.978088,1.120952,4.835963,20.039805,25.922757,32.27942,23.791019,21.855479,22.538838,4.110209,2.377739,1.698814,0.227014,0.492917,0.687192,0.561775,0.357154,0.466645,0.541382,0.163622,1.324458,1.049816,0.437177,0.595434,0.15578,0.424092,0.458804,0,0,0,0,0,107.5
0,0,0,0,0,0,0,0,0,0,0,0,0,0,0,0,0,0,0,0,1.841042,10.232115,16.936421,23.708931,30.129732,28.591849,25.930467,16.117866,4.594842,1.794545,1.118525,1.265091,0.904185,0.24101,0.089622,0.747685,0.390406,0.504958,1.08218,1.13688,0.229183,0.395361,0.801595,0.13187,0,0,0,0,0,0,0,92.2
0,0,0,0,0,0,0,0,0,0,0,0,0,0,0,0.202321,0.963238,1.081867,1.617581,0.851763,1.533247,7.739052,14.2267,19.324312,22.00127,17.542385,17.376012,14.212297,3.110682,2.228247,1.308785,0.103615,0.492736,0.683771,0.491253,0.352741,0.57015,0.547833,0.271929,1.578092,0.65757,0.275736,0.579934,0.28101,0.678022,0.285568,0,0,0,0,0,55.4
0,0,0,0,0,0,0,0,0,0,0,0,0,0,0.081501,1.282773,3.239725,1.348764,2.773373,2.691503,2.349896,3.861108,11.395031,15.586468,17.324157,12.338144,11.379808,11.196528,2.487461,1.902354,1.051375,0.420971,0.910801,0.662535,0.611811,0.959384,0.524579,0.273378,0.2346,0.885689,1.446073,0.315794,0.519344,0.478932,0.610108,0.745351,0.632733,0.177686,0,0,0,47.21
0,0,0,0,0,0,0,0,0,0,0,0,0,0,0.045283,1.078267,3.381925,1.42088,2.690522,2.479139,2.845947,3.612039,11.834751,19.486238,23.038774,15.883799,14.032441,12.379372,4.76397,1.508622,1.177297,0.658272,1.221559,0.842395,0.121686,0.849764,0.658609,0.264409,0.106599,0.997701,1.706653,0.32883,0.405025,0.422406,0.777543,0.606798,0.840304,0,0,0,0,77
0,0,0,0,0,0,0,0,0,0,0,0,0,0,0.072449,1.231285,3.255456,1.32682,2.759647,2.727068,2.320216,3.141632,12.331205,24.228885,27.375128,20.478837,16.680963,14.829643,6.199135,1.938818,1.222677,0.470007,0.883909,0.670348,0.57131,0.978907,0.518014,0.310762,0.234696,0.781991,1.495599,0.33222,0.557639,0.44133,0.649384,0.657969,0.705261,0.192541,0,0,0,104.7
0,0,0,0,0,0,0,0,0,0,0,0,0,0,0.124181,1.275617,2.696052,1.638085,2.145532,3.004512,2.80402,4.194755,13.144145,17.655374,20.934117,14.067533,11.675335,15.0214,5.571962,1.266876,0.882271,0.415372,1.003198,1.005939,0.611552,0.879449,0.597799,0.024165,0.263049,0.706801,1.440864,0.410713,0.447463,0.760447,0.367483,0.898819,0.462928,0.155133,0,0,0,68.8
0,0,0,0,0,0,0,0,0,0,0,0,0,0,0,0.122604,0.775397,1.126589,1.430914,0.886402,1.128513,3.382664,20.562033,30.431975,39.608734,25.729832,22.86035,28.600513,19.497905,3.334017,1.098008,1.232328,1.965852,0.719726,0.429803,0.22595,0.52129,0.502068,0.149235,0.086149,0,0,0,0,0,0,0,0,0,0,0,139.6
0,0,0,0,0,0,0,0,0,0,0,0,0,0,0,0.889566,3.046687,1.613591,2.540991,2.618405,3.571904,6.696105,9.769073,14.71724,15.065089,11.036028,8.608191,13.556241,3.887689,1.746716,1.289485,0.815771,0.80479,0.669247,0.227364,1.480553,0.414416,0.041917,0.165047,1.038207,1.628106,0.24122,0.354195,0.31631,0.741632,0.669859,0.713051,0.005334,0,0,0,31.8
0,0,0,0,0,0,0,0,0,0,0,0,0,0,0,0.96022,2.970938,1.761831,2.526503,2.94323,2.449348,3.542774,19.415167,54.215178,71.620046,56.916463,46.014457,29.341605,23.693175,1.012395,1.563293,0.421751,1.347784,0.736603,0.312077,1.095137,0.615377,0.293053,0.307813,0.892995,1.087306,0.338977,0.761074,0.879914,0.763528,0.54892,0.725885,0.164275,0,0,0,289
0,0,0,0,0,0,0,0,0,0.868703,2.286741,0.750466,1.422362,1.405814,0.736908,0.381825,0.598309,3.691221,4.858124,6.829488,5.468175,5.858114,4.590422,4.549642,6.333275,4.30094,4.41692,5.812427,4.404609,3.408186,5.003131,7.34752,3.722643,4.717752,6.189201,4.087146,1.887656,0,0,0,0,0,0,0,0,0,0,0,0,0,0,129.74
0,0,0,0,0,0,0,0,0,0.771237,2.048204,2.466978,1.198816,1.234388,1.756468,2.285008,1.621497,2.923027,1.954274,8.771796,9.646595,11.969532,11.011594,19.001711,17.788785,15.939593,6.183235,4.498148,5.426461,3.445029,3.075682,2.502072,1.643326,2.723899,2.07553,3.150336,4.14792,4.242183,5.428407,4.924144,2.607951,0.094254,0,0,0,0,0,0,0,0,0,245
0,0,0,0,0,0,0,0,0,0.334301,0.774705,1.573466,0.336623,0.766229,1.300437,3.740058,3.533383,2.851992,4.40058,4.383763,6.973462,6.844067,8.641841,8.098761,7.14193,5.56316,2.391405,2.355341,3.885966,1.609137,1.567596,2.644952,1.117454,1.143461,1.76757,2.150986,2.051281,1.766609,3.040382,3.865322,1.869314,0.451943,0.134783,0.966711,0.437657,0.973441,0.067584,0,0,0,0,170.3
0,0,0,0,0,0,0,0,0,0.719758,1.777114,2.810532,0.806919,1.591208,2.292365,3.730594,2.966396,3.071632,3.823483,6.165749,9.914663,12.49798,12.655101,13.865094,10.524851,9.756696,5.103252,4.634316,5.390294,3.181501,2.615568,2.814681,1.628856,2.630398,2.504314,3.534624,3.598519,3.030799,6.788,5.026059,2.776206,0.142447,0.322816,0.53354,0.053854,0,0,0,0,0,0,271.2
0,0,0,0,0,0,0,0,0.017666,1.091935,3.332955,3.602184,0.824026,2.239673,3.000467,3.748989,2.785832,2.336205,2.62648,5.180725,15.17096,19.372141,17.368387,15.300478,13.392853,13.726855,7.895373,4.571441,5.481595,3.980095,4.222765,3.70244,1.901541,3.17793,2.711116,7.934567,4.471132,3.531008,7.323702,7.110521,2.872937,0.001336,0,0,0,0,0,0,0,0,0,350
0,0,0,0,0,0,0,0,0,0,0,0,0,0,0,0.613796,2.554859,1.74758,2.53424,2.929515,3.005062,9.209955,16.708513,14.166238,13.682015,10.587269,9.405437,19.61895,6.586916,1.62275,1.347378,0.766482,0.716852,0.70011,0.453915,1.085954,0.66695,0.102084,0.123336,0.536256,2.057016,0.328432,0.364706,0.183472,0.625408,0.863873,0.685131,0,0,0,0,44.02
0,0,0,0,0,0,0,0,0,0,0,0,0,0,0,0.684623,2.495373,1.787958,2.257879,3.130948,2.229513,3.507026,13.603494,23.901821,26.26469,18.14994,17.231876,13.611611,3.880315,1.196385,1.374891,0.640315,1.044043,1.051545,0.225414,0.912818,0.675793,0.208364,0.090724,0.351182,2.270118,0.373574,0.499075,0.193473,0.90855,0.530518,0.926462,0.000367,0,0,0,133.6
0,0,0,0,0,0,0,0,0,0,0,0,0,0,0.153424,2.51551,6.517615,2.647381,5.537843,5.446326,4.593036,5.944224,14.984369,29.726994,31.216395,23.327336,14.887967,9.462889,3.549886,3.428757,2.424977,0.916113,1.756202,1.278168,1.198958,1.975054,0.95944,0.694157,0.469532,1.569279,2.986851,0.693787,1.078924,0.930169,1.266679,1.430325,1.316238,0.364977,0,0,0,197
0,0,0,0,0,0,0,0,0,0,0,0.832638,3.997286,3.890227,3.722867,4.179288,4.046047,5.516178,4.311552,4.51203,8.79116,10.614496,9.630554,7.549438,9.116196,6.966966,6.954198,6.282123,6.905246,7.355465,5.797654,5.837034,9.054469,13.933445,9.046884,5.720023,1.415568,0.072189,0,0,0,0,0,0,0,0,0,0,0,0,0,292
0,0,0,0,0,0,0,0,0,0,0,0,0,0,0.49725,2.09113,2.900765,1.693842,3.126171,8.332165,13.345049,15.849359,12.528852,10.895962,10.826953,7.354918,7.191722,5.638881,9.814749,7.064752,9.955048,8.740862,8.287961,2.055089,0.634738,0.641569,0.166423,0.398915,1.051256,1.104066,0.837282,0.168311,0.218591,0.718243,0.152206,0,0,0,0,0,0,185
0,0,0,0,0,0,0,0,0,0,0,0.081447,0.702403,2.205449,2.438368,1.942582,2.521479,3.189087,2.727779,5.321544,12.131662,12.242512,12.501666,9.292574,8.0578,9.702306,8.095401,7.434948,5.578444,7.417409,7.026585,9.178217,8.371408,5.911598,3.918356,0.545062,0.696,0.407442,0.827254,0.656313,0.795424,0.142339,0,0,0,0,0,0,0,0,0,200
0,0,0,0,0,0,0,0,0,0,0,0.98467,2.836944,1.683011,2.098389,2.496235,2.370752,2.891857,2.215755,4.42281,8.277342,12.644663,12.028265,10.63835,8.094798,8.408149,10.966167,8.136469,5.879022,6.414987,6.124508,9.213471,11.672952,7.631966,5.13577,1.200581,0.006976,0,0,0,0,0,0,0,0,0,0,0,0,0,0,203.3
0,0,0,0,0,0,0,0,0,0,0,0.87528,2.790472,1.729374,2.102425,2.403654,2.32719,2.98913,2.576121,4.476402,7.710401,12.410469,11.023873,11.829941,8.045691,7.496041,12.594408,9.499172,5.739103,6.170253,6.281626,9.666231,11.387359,8.204822,3.730737,1.20108,0.029686,0,0,0,0,0,0,0,0,0,0,0,0,0,0,201
0,0,0,0,0,0,0,0,0,0,0,0,0,0,0.66624,5.185273,8.683372,5.994422,8.195683,7.193001,8.962465,16.063641,23.427517,29.500486,21.265607,14.363254,14.292941,5.039887,6.705586,5.952265,2.111325,2.789739,3.083828,1.543211,2.15394,3.488818,2.346886,0.261752,1.897739,6.20652,2.704379,1.649996,1.257956,2.335345,1.936703,1.68225,0.827468,0.001229,0,0,0,266.5
0,0,0,0,0,0,0,0,0,0,0,0,0,0,0.373733,2.142413,2.974708,1.534499,2.192489,4.389519,8.295025,10.313649,11.20189,8.807439,8.793443,6.955371,4.269033,5.736847,5.553471,2.500547,3.843109,4.801955,2.509438,2.506442,1.284371,0.866872,0.068217,0.113473,1.234811,1.23507,0.267031,0.453477,0.34271,0.856547,0.62425,0.673898,0.257622,0,0,0,0,54
0,0,0,0,0,0,0,0,0,0,0,0,0,0,0.390191,3.798664,6.151064,2.832401,6.378247,5.029046,3.874395,6.866555,10.888181,12.236049,10.038927,5.347716,4.835549,2.087708,2.531441,3.465951,0.287803,1.305352,1.768418,0.820686,1.73234,1.881606,0.933567,0.262837,0.531013,3.470015,1.266517,0.741971,0.624426,1.772936,0.662239,2.152949,0.640591,0.060905,0,0,0,116.9
0,0,0,0,0,0,0,0,0,0,0,0,0,0.099097,1.1404,1.808575,0.633121,1.720428,1.863449,5.797519,8.396683,8.650432,6.064291,5.220385,6.70225,5.059023,4.245172,4.487746,2.685886,4.079252,2.120849,1.245232,0.847485,1.212685,0.612509,0.70002,1.159481,1.156086,1.443962,0.773701,1.131934,0.693502,1.225459,0.835448,0.282432,0,0,0,0,0,0,54
0,0,0,0,0,0,0,0,0,0,0,0,0,0,0,0,0.420192,0.906049,1.003481,1.249471,0.91286,6.68206,23.764634,25.414935,26.150607,18.040621,16.591488,22.516493,10.845545,1.703944,1.534151,1.255451,0.655072,0.397071,1.001445,0.896312,0.538274,0.11892,0.443014,0.305534,0.641053,0.525494,0.244795,0.882819,0.150669,0.051387,0,0,0,0,0,84
0,0,0,0,0,0,0,0,0,0,0,0,0,0,0,0.214406,1.047543,0.926943,1.525868,0.92322,1.088739,3.844524,21.451156,34.237859,43.668655,30.829498,26.800442,26.459815,7.713186,2.343358,1.890273,0.287059,0.441924,0.677461,0.592227,0.403143,0.377848,0.569015,0.224226,1.06429,1.265574,0.427732,0.568743,0.162563,0.396494,0.479708,0.066997,0,0,0,0,162
0,0,0,0,0,0,0,0,0,0,0,0,0,0,0.085122,0.711406,2.360738,0.082773,1.636577,0.566239,1.177596,4.190652,12.15075,18.149807,25.762196,23.220583,17.249393,9.462776,1.260601,2.022898,1.081775,0.840657,0.097638,0.44723,0.515367,0.45851,0.581782,0.56209,0.72038,0.393582,1.059492,0.002257,0.865989,0.753643,0.384211,0.28393,0.2381,0,0,0,0,106.19
0,0,0,0,0,0,0,0,0,0.024903,0.417343,2.295362,3.847315,2.226103,3.177084,3.379334,4.737984,6.517961,7.256931,12.550732,13.826026,15.104651,9.488972,9.107821,7.940317,10.037792,10.187883,7.941827,11.574326,18.013372,16.107251,21.091325,17.213101,11.670596,1.741451,1.216289,0.18524,0,0,0,0,0,0,0,0,0,0,0,0,0,0,354
0,0,0,0,0,0,0,0,0,0,0,0,0,0,0,0,0,1.866494,12.377365,15.257788,13.655732,10.056821,7.057799,7.700761,7.189995,8.033941,9.10845,16.593043,17.982481,14.97387,9.50263,2.204242,0.892271,1.236955,1.579302,1.071538,1.732766,1.079043,0.935004,0.689228,0.81561,0.929861,0.238139,0,0,0,0,0,0,0,0,237.1
0,0,0,0,0,0,0,0,0.388744,1.596526,1.09062,1.616905,1.325652,0.446825,1.135971,1.704588,1.921783,3.951425,6.341676,9.612945,9.781908,9.735358,8.357786,7.163462,6.574313,8.429349,5.879573,13.868726,9.442632,8.958999,10.783076,9.092518,2.976271,2.531863,1.054517,2.550659,2.838563,3.938831,2.054476,1.13972,0.199313,0,0,0,0,0,0,0,0,0,0,271
0,0,0,0,0,0,0,0,0,0,0,0,0,0,0.495918,3.316551,4.487419,2.726096,4.00318,3.352596,7.08874,15.840425,17.310856,20.800832,27.634215,20.031414,12.168985,3.166219,4.538093,4.670792,2.427713,1.697709,1.861667,1.130563,1.323306,1.731204,1.503467,1.002594,2.281937,3.297608,1.563515,1.27379,1.330117,0.863213,1.166837,1.225382,0.387889,0,0,0,0,225
0,0,0,0,0,0,0,0,0,0,0,0,0,0,0,0,0,0,0.132961,6.203173,15.990167,21.268674,22.231285,24.410559,18.753602,13.453043,16.977792,13.340349,5.493495,8.188351,7.634935,7.205747,8.545013,7.556844,4.297608,0.107112,0,0,0,0,0,0,0,0,0,0,0,0,0,0,0,216
0,0,0,0,0,0,0,0,0,0,0,0,0,0,0,0,0,1.531408,5.704209,12.595549,11.588279,10.175292,10.416361,11.06922,7.591879,5.538225,4.397213,4.865084,6.099377,3.016569,4.660192,6.418408,3.629536,4.523506,5.616412,3.983778,2.337041,0.011981,0,0,0,0,0,0,0,0,0,0,0,0,0,112.7
0,0,0,0,0,0,0,0,0,0,0,0,0,0,0,0,0.220812,8.605135,11.546396,7.409872,4.390183,4.254726,5.49638,4.729061,7.635933,13.721887,9.060103,5.046691,5.11888,1.947268,1.336788,4.24207,2.170525,1.518652,2.929793,3.050644,1.597912,1.310796,2.281012,2.072558,0.963582,0.158772,0,0,0,0,0,0,0,0,0,116.3
0,0,0,0,0,0,0,0,0,0.198324,0.74567,1.493731,0.782335,0.852944,0.777768,1.768072,2.692872,2.903704,5.777519,14.297169,18.038803,15.644737,11.548887,8.795879,11.853949,10.318793,9.558483,8.097702,20.804991,17.022872,14.922603,17.117154,15.198566,3.622553,0,0,0,0,0,0,0,0,0,0,0,0,0,0,0,0,0,305.1
0,0,0,0,0,0,0,0,0,0,0,0.084226,1.021745,2.246977,4.835115,4.537014,3.317358,4.740574,4.497627,6.639226,8.962313,9.555634,8.862158,6.485872,5.545004,6.680277,5.516506,5.065052,7.19453,8.812158,6.896629,12.258771,9.477601,8.532693,2.786297,1.560771,1.739388,1.526713,0.635019,0.169632,0,0,0,0,0,0,0,0,0,0,0,244
0,0,0,0,0,0,0,0,0,0,0,0,0,0,0,0,0,0.933923,8.435488,13.633115,15.90955,15.127704,11.373612,10.771667,11.140646,12.259947,10.882575,14.026864,17.683465,16.176677,10.987439,3.965651,0.736986,0.766238,1.658041,0.822081,1.480255,1.694902,1.033334,0.842798,0.443498,0.793969,0.102623,0,0,0,0,0,0,0,0,247.4
0,0,0,0,0,0,0,0,0,0,0,0,0,0,0.479298,2.791649,4.973108,7.580313,5.47037,5.649877,8.375358,3.697674,2.497101,1.308265,1.308581,1.362398,1.049695,2.790432,1.280079,1.858542,5.418463,8.636558,9.005283,5.229019,2.889136,2.677612,2.001358,0.148361,0,0,0,0,0,0,0,0,0,0,0,0,0,101.19
0,0,0,0,0,0,0,0,0,0,0,0,0,0,0,0.379742,4.446328,5.742655,4.505872,6.011038,10.81189,8.233933,6.732129,5.452519,5.45106,4.950885,2.966836,2.586898,1.614205,2.175406,3.645258,8.251188,9.071923,5.06171,3.399465,2.586657,2.415062,0.361749,0,0,0,0,0,0,0,0,0,0,0,0,0,114.1
0,0,0,0,0,0,0,0,0,0,0,0,0,0,0,0.088934,3.594025,5.100336,4.746527,4.007718,7.826525,14.000662,11.380658,9.861607,8.673431,6.799605,8.771104,3.937245,1.303858,2.240857,3.640649,8.347907,9.273611,4.820665,3.404067,2.488008,2.551318,0.304925,0,0,0,0,0,0,0,0,0,0,0,0,0,131.2
0,0,0,0,0,0,0,0,0,0,0,0,0,0,0,0.320974,2.72601,2.765623,2.000756,6.687353,12.062092,12.758803,10.847359,7.777871,10.54577,11.31217,4.322411,1.551532,3.369807,1.7288,3.946158,8.132372,9.973985,3.609083,2.522857,2.362715,2.676047,0.481711,0,0,0,0,0,0,0,0,0,0,0,0,0,120.2
0,0,0,0,0,0,0,0,0.554678,0.868483,1.859235,0.582325,0.389964,1.137936,1.8838,2.365436,5.338802,5.461425,8.278191,7.586021,7.600088,4.738545,4.293405,5.059249,2.661018,1.936212,2.456158,4.696349,2.496653,1.722665,2.857537,2.373519,2.875303,5.530305,5.224747,7.18922,5.626196,4.977201,2.468436,0.55194,0,0,0,0,0,0,0,0,0,0,0,218
0,0,0,0,0,0,0,0,0,0,0,0,0,0,0.526413,2.082211,0.677367,1.703416,0.790588,2.399226,9.299441,13.599078,15.553636,20.561889,13.20846,10.025541,2.926536,2.302763,4.190998,1.978635,1.393874,1.365014,1.666637,0.945485,1.82233,2.989704,0.992745,2.486502,3.235486,1.849911,0.140701,0.919927,0.779777,0.477427,0.215168,0.262954,0,0,0,0,0,128.2
0,0,0,0,0,0,0,0,0,0,0,0,0,0,0.163426,1.033072,1.643164,0.767712,1.290044,0.51571,1.398111,3.822764,12.440834,19.037553,24.242056,15.027895,13.928691,8.377535,1.461244,0.631763,0.390844,1.003857,0.914199,0.584431,1.291789,0.161804,0.500543,0.682513,0.456093,0.922159,0.166654,0.120496,1.406942,0.569983,0.738498,0.159632,0.271579,0,0,0,0,86.6
0,0,0,0,0,0,0,0,0,0,0,0,0,0,0,0,0,0,0,0,0.758003,7.624472,15.629791,19.454047,26.642444,23.115006,20.949091,9.411887,1.407551,0.871935,0.357588,2.03841,0.355319,0.729088,0.168645,0.861228,0.322675,0.732583,1.089342,0.396344,0.213961,0.596238,0.657161,0.367178,0.012983,0,0,0,0,0,0,206.1
0,0,0,0,0,0,0,0,0,0,0,0,0,0,0,0.114038,3.615972,5.092315,4.674468,3.971104,5.905359,12.768253,17.021956,14.842385,10.977784,10.2185,9.860855,8.720684,2.073561,2.343091,3.718223,8.212525,9.162735,5.013084,3.403151,2.593639,2.403438,0.36136,0,0,0,0,0,0,0,0,0,0,0,0,0,152.8
0,0,0,0,0,0,0,0,1.165331,3.156444,1.083263,1.024267,1.11156,0.216573,1.225911,2.434087,0.056482,0.128405,2.780326,3.123538,0.65739,0,3.096489,4.943811,0.04308,0.1975,4.52678,3.255899,0.462729,2.627163,1.805102,2.991002,5.23109,5.879104,4.315669,3.178309,1.181753,0,0,0,0,0,0,0,0,0,0,0,0,0,0,25.63
0,0,0,0,0,0,0,0,0,0,0,0,0,0,0,0.329897,6.379043,7.845126,5.074599,4.093707,9.129458,7.960264,1.718327,2.647921,3.015167,0.004522,0.850202,4.374314,2.01139,0.243504,2.146403,0.749276,2.609448,2.646789,4.717431,5.569261,4.536817,3.441811,0.977133,0,0,0,0,0,0,0,0,0,0,0,0,81.6
0,0,0,0,0,0,0,0,0,0,0,0,0,0,0,0,1.864266,5.822742,4.864109,5.024898,12.845707,11.843604,5.613331,6.363195,7.456306,5.185697,1.666994,3.928651,2.131989,0.576496,2.09928,0.872789,2.547711,2.718749,4.634017,5.517653,4.554684,3.452541,1.000469,0,0,0,0,0,0,0,0,0,0,0,0,97.3
0,0,0,0,0,0,0,0,0,0,0,0,0,0,0.087459,2.520052,5.317366,6.86544,5.062411,4.778309,3.166373,4.77869,5.770366,5.522278,5.412498,6.631792,6.172901,6.846965,2.242397,1.879948,1.040461,2.445513,2.480211,4.519902,4.488224,4.634462,3.932791,1.883639,0.038424,0,0,0,0,0,0,0,0,0,0,0,0,77.2
0,0,0,0,0,0,0,0,0,0,0,0,0,0,0,0,1.054719,3.951767,7.123894,8.810473,8.096433,6.80132,7.587804,10.330114,13.051149,7.352066,5.509004,6.843873,3.254128,1.831103,1.237034,2.246621,2.317964,4.390764,4.207836,4.925003,4.204489,2.09825,0.08241,0,0,0,0,0,0,0,0,0,0,0,0,90
0,0,0,0,0,0,0,0,0,0,0,0,0,0,7.471197,13.958641,8.548711,4.72447,5.408836,6.604062,3.263691,1.223142,7.416027,2.325656,0.4716,3.026344,6.642858,2.279071,1.787432,3.536293,2.372328,4.436829,5.805612,8.434601,10.317854,8.385782,6.950095,2.710768,0,0,0,0,0,0,0,0,0,0,0,0,0,266
0,0,0,0,0,0,0,0,0,0,0,0,0,0,0,0.079019,7.702217,10.581855,10.753408,22.28421,20.161434,7.948241,4.594538,8.707255,3.709438,2.118831,3.049505,7.145257,3.204006,1.040614,4.800701,1.93362,4.464925,6.87729,8.610146,11.6687,8.559404,6.283994,1.091523,0,0,0,0,0,0,0,0,0,0,0,0,295
0,0,0,0,0,0,0,0,0,0,0,0,0,0,0,0,0,3.148766,9.229688,11.67225,11.130622,11.467813,9.984073,9.848923,13.223351,15.070427,9.724128,10.329643,12.933647,7.48122,3.07359,6.860254,5.876493,4.393942,2.864659,1.762196,3.362839,0.932204,0,0,0,0,0,0,0,0,0,0,0,0,0,220.9
0,0,0,0,0,0,0,0,0,0,0,0,0,0,0,0,0,2.992711,7.746972,12.438188,11.55235,12.198121,11.044175,11.715099,13.306523,16.919295,8.360859,11.522633,11.881534,5.255496,2.546376,8.172894,7.330045,4.477495,2.649996,2.012385,3.30953,0.886834,0,0,0,0,0,0,0,0,0,0,0,0,0,238.66
0,0,0,0,0,0,0,0,0,0,0,0,0,0,0,0,0,2.616262,7.756027,11.649244,12.796521,10.655118,11.268643,13.056562,11.781443,17.530318,9.228963,12.480134,10.139268,6.777129,3.010444,9.203117,6.049279,4.366459,2.328019,2.348234,2.893005,0.55165,0,0,0,0,0,0,0,0,0,0,0,0,0,232.1
0,0,0,0,0,0,0,0,0,0,0,0,0,0,0,5.103947,15.002168,11.582231,14.296321,8.9959,7.102887,2.881028,4.968362,6.147511,2.199165,1.665628,4.824914,5.743468,2.168173,2.3545,3.267972,3.453204,4.210665,8.134508,8.130758,11.252996,8.479894,5.211263,0.322638,0,0,0,0,0,0,0,0,0,0,0,0,286
0,0,0,0,0,0,0,0,0,0,0,0,0,0,0,0,1.140224,4.816667,4.457705,4.315985,10.107733,16.382445,10.749782,10.10326,11.100159,6.232821,8.013663,4.911469,1.924741,0.862156,2.010215,0.913424,2.545386,2.695993,4.677914,5.501722,4.564404,3.465356,1.021465,0,0,0,0,0,0,0,0,0,0,0,0,117.6
0,0,0,0,0,0,0,0,0,0,0,0,0,0,0,0,1.14495,4.773181,4.494144,4.072008,8.125784,15.481725,16.180563,15.333464,13.368175,9.835705,9.017656,9.87786,2.513483,0.908192,1.965412,0.926546,2.554854,2.608066,4.755955,5.421535,4.604498,3.49528,1.064114,0,0,0,0,0,0,0,0,0,0,0,0,140
0,0,0,0,0,0,0,0,0,0,0,5.469663,7.026353,3.061423,3.656547,2.457049,4.183829,1.732775,0.75166,2.019563,5.785578,1.300645,1.083793,3.393814,6.605475,4.440219,0.844557,3.337624,2.306753,3.708305,3.596864,7.231766,7.065783,10.805337,7.441765,6.554031,2.711049,0,0,0,0,0,0,0,0,0,0,0,0,0,0,219
0,0,0,0,0,0,0,0,0,0,0,0,0,0,0,0,1.111705,4.724803,4.407061,4.130027,7.944157,13.80319,18.666108,19.388011,19.734489,11.537993,11.816817,12.917669,3.815932,0.904147,1.976977,0.947866,2.517867,2.66131,4.686422,5.446224,4.598498,3.504619,1.056997,0,0,0,0,0,0,0,0,0,0,0,0,163.5
0,0,0,0,0,0,0,0,0,0,0,0,0,0,0,0,0.217391,2.958154,2.474834,5.792059,16.839545,14.586686,9.611049,8.896104,11.017798,11.558188,3.572136,2.614933,1.831467,1.307679,2.10158,0.976058,2.500486,2.872575,4.58425,5.469372,4.504763,3.445953,0.993141,0,0,0,0,0,0,0,0,0,0,0,0,102
0,0,0,0,0,0,0,0,0,0,0,0,0,0,0,0.548236,2.391744,4.329641,4.299192,9.030486,9.502447,8.835685,7.866432,9.60813,12.588691,6.704846,5.874112,6.37714,3.288669,0.922017,1.967482,1.229458,2.204774,3.47855,4.074491,5.717613,4.342226,3.295042,0.701514,0,0,0,0,0,0,0,0,0,0,0,0,120
0,0,0,0,0,0,0,0,0,0,0,0,0,0,0,0,1.759281,7.589498,12.13533,10.961449,6.286194,5.759274,6.049652,9.226546,9.451534,11.070807,8.658427,12.045245,12.205716,7.647655,1.279594,2.03617,2.657317,4.209314,4.33437,4.766059,4.061534,1.974102,0.055883,0,0,0,0,0,0,0,0,0,0,0,0,191
0,0,0,0,0,0,0,0,0,0,0,0,0,0,0,0,0,1.369847,9.593043,12.777836,10.361038,7.050902,5.262723,5.159886,6.785313,4.278066,8.236591,7.017813,11.701736,12.401006,2.296468,1.3391,0.83015,1.808694,1.637938,0.59659,1.504425,1.34942,1.021818,0.679751,1.238822,0.94324,0.489156,0.033418,0,0,0,0,0,0,0,115.2
0,0,0,0,0,0,0,0,0,0,0.024919,1.177104,2.891931,1.86806,2.059055,2.299679,2.767051,2.928068,3.001595,5.872997,9.392099,9.509856,7.725948,7.370218,5.748574,4.682741,5.365117,6.334616,5.618042,6.71142,5.538524,12.144019,10.42183,8.395359,4.549127,0.73439,0.002879,0,0,0,0,0,0,0,0,0,0,0,0,0,0,184.1
0,0,0,0,0,0,0,0,0,0,0,0,0,0,0.048613,0.572806,1.922201,0.545583,1.088525,1.401095,1.080732,2.961407,9.807036,22.887697,27.647016,24.724688,22.803594,14.958799,4.081019,0.896851,0.937869,0.999178,0.344192,0.57567,0.613545,0.438452,0.097892,0.539369,0.765425,0.37822,0.518474,0.653535,0.480765,0.417392,0.236844,0.084643,0,0,0,0,0,136
0,0,0,0,0,0,0,0,0,0,0,0.263328,1.624666,0.780734,1.076724,0.916338,1.563014,1.330362,3.77053,5.689072,12.611145,15.128674,13.17106,12.517097,11.257438,6.297578,6.974527,7.449696,4.741021,7.401022,6.840732,11.294754,9.547514,6.691732,4.90064,0.350792,0,0,0,0,0,0,0,0,0,0,0,0,0,0,0,197
0,0,0,0,0,0,0,0,0,0,0,0,0,0,0,0,0,0,2.34676,7.818405,16.395891,17.404043,18.358627,16.414304,17.67788,9.701789,6.967984,7.119348,5.554056,7.536124,6.343477,9.600639,9.419479,7.349754,3.823245,0.084006,0,0,0,0,0,0,0,0,0,0,0,0,0,0,0,193
0,0,0,0,0,0,0,0,0,0,0,0,0,0,0,0,0,0.449253,6.176375,10.287972,13.567559,10.766985,9.043885,7.308896,10.788014,10.967643,9.631335,7.870136,9.438698,12.368913,4.877304,2.072539,0.649307,0.978314,2.081486,0.343148,1.198952,1.609062,1.038485,1.09099,0.167063,1.081746,0.636311,0.174848,0,0,0,0,0,0,0,129.4
0,0,0,0,0,0,0,0,0,0,0,0,0,0,0,0.39353,2.783628,4.360513,5.538072,7.778625,9.070372,7.857671,7.352468,10.102844,9.57383,7.822349,6.673235,5.306032,4.392018,0.836393,3.235925,1.399927,1.799327,3.847638,3.5103,5.361038,4.175709,3.105849,0.497597,0,0,0,0,0,0,0,0,0,0,0,0,106
0,0,0,0,0,0,0,0,0,0,0,0,0,0,0,0.057991,1.134852,1.934087,3.079667,5.656966,6.084889,6.796163,7.433788,5.213681,8.900345,4.138104,4.134577,3.318286,3.118137,3.68723,3.506524,2.708909,2.805779,2.317802,3.096373,1.971715,2.303701,0.141543,0,0,0,0,0,0,0,0,0,0,0,0,0,6
0,0,0,0,0,0,0,0,0,0,0,0,0,0,0,0,0.740746,1.453508,1.973817,4.875618,5.354104,9.887364,11.671804,9.740182,10.058201,7.092361,9.117561,5.597368,3.322762,3.757284,3.122085,1.950145,4.073375,2.081752,2.970514,1.538328,2.61118,0.276052,0,0,0,0,0,0,0,0,0,0,0,0,0,35
0,0,0,0,0,0,0,0,0,0,0,0,0,0,0,0,0.738354,1.410579,1.886491,4.194981,4.114785,9.246794,16.667625,14.435365,12.078132,11.530535,10.866384,9.612141,4.075461,3.729646,3.099552,1.993449,3.926087,2.147217,2.957929,1.617008,2.615295,0.254631,0,0,0,0,0,0,0,0,0,0,0,0,0,67.7
0,0,0,0,0,0,0,0,0,0,0,0,0,0,0,0,0.435991,1.318502,1.46278,1.244042,4.495031,16.738497,15.613704,16.052313,10.524674,12.016139,20.327097,8.867505,3.457657,4.437176,3.308783,1.832113,2.819944,2.999812,2.982901,1.308999,2.140265,0.710094,0,0,0,0,0,0,0,0,0,0,0,0,0,64.2
0,0,0,0,0,0,0,0,0,0,0,0,0,0,0,0,0.632068,1.590819,1.336075,3.826714,4.678662,8.675366,19.162968,15.669131,14.529167,12.143856,10.981359,17.51358,7.767227,2.887196,3.299081,2.344023,3.908466,2.557912,2.347873,1.367849,1.383677,0.129491,0,0,0,0,0,0,0,0,0,0,0,0,0,88.5
0,0,0,0,0,0,0,0,0,0,0,0,0,0,0,0,0.593588,1.653089,1.519072,3.853503,4.423027,7.049601,19.401178,27.664035,28.892907,21.234948,17.163801,18.688322,7.882194,3.849239,3.77493,2.543322,2.892406,2.051943,3.411097,1.503283,2.158738,0.684148,0,0,0,0,0,0,0,0,0,0,0,0,0,152.7
0,0,0,0,0,0,0,0,0,0,0,0,0,0,0,0,0.705471,1.412075,1.845769,4.093185,4.142057,6.177996,21.061168,38.113611,43.654493,34.672416,27.110324,23.03854,14.042591,4.071284,3.101059,1.993224,3.805652,2.257852,2.926554,1.662378,2.617217,0.294624,0,0,0,0,0,0,0,0,0,0,0,0,0,220
0,0,0,0,0,0,0,0,0,0,0,0,0,0,0,0,0.596028,1.651498,1.510414,3.851973,4.426088,6.992471,20.120797,34.525439,38.943673,29.935727,23.649236,21.799696,11.66728,3.910466,3.779297,2.53798,2.899407,2.046849,3.414162,1.505916,2.159377,0.684009,0,0,0,0,0,0,0,0,0,0,0,0,0,199
0,0,0,0,0,0,0,0,0,0,0,0,0,0,0,0,0.665606,1.400791,1.462762,1.574926,5.678519,13.773743,14.760996,13.791837,10.142367,10.591875,14.486429,5.797364,3.922876,3.462444,3.601457,2.695554,2.621686,2.642257,2.74462,1.840861,2.214207,0.733556,0,0,0,0,0,0,0,0,0,0,0,0,0,52.6
0,0,0,0,0,0,0,0,0,0,0,0,0,0,0,0,0.543739,1.466004,1.195471,1.922875,2.179065,6.929376,22.341595,26.258641,22.21351,18.529862,14.77696,10.930562,3.323966,3.472094,3.785053,2.240278,3.395107,2.256496,2.57548,2.481122,2.134729,0.653163,0,0,0,0,0,0,0,0,0,0,0,0,0,158.8
0,0,0,0,0,0,0,0,0,0,0,0,0,0,0,0.099108,0.986557,2.716423,5.081471,16.314334,14.114681,13.841124,10.73072,8.233755,9.61398,6.927607,9.237509,9.543543,9.315217,8.980169,11.688598,11.090955,8.585843,3.146329,1.783697,2.311454,0.700456,0,0,0,0,0,0,0,0,0,0,0,0,0,0,199
0,0,0,0,0,0,0,0,0,0,0,0,0,0,0,0,0,0,1.006071,2.257404,8.891723,14.347297,14.346098,11.543384,17.433727,12.375965,10.042484,2.584791,3.285563,3.426919,2.991607,3.583991,4.305328,1.661243,1.912841,2.149489,3.0984,0.945724,0.175561,0,0,0,0,0,0,0,0,0,0,0,0,66.6
0,0,0,0,0,0,0,0,0,0,0,0,0,0,0,0,0,0,0.973184,2.177435,7.268687,12.87899,18.958814,17.814867,18.709085,16.834877,11.754165,6.814854,4.125181,3.093513,3.197893,3.445991,4.410224,1.67888,1.855131,2.261718,3.025864,0.964809,0.159307,0,0,0,0,0,0,0,0,0,0,0,0,95.5
0,0,0,0,0,0,0,0,0,0,0,0,0,0,0,0,0,0,0.753535,2.508074,6.699987,15.845222,17.639427,20.077958,16.045981,13.314687,22.521378,10.187716,2.047027,3.256775,2.661644,2.883319,3.292166,2.829343,2.963447,0.977034,2.189391,1.878749,0.18909,0,0,0,0,0,0,0,0,0,0,0,0,98.9
0,0,0,0,0,0,0,0,0,0,0,0,0,0,0,0,0,0,0,0,3.59638,13.971147,29.58522,27.467531,24.824756,23.38969,18.112661,12.31419,3.734068,2.905898,3.690454,3.323942,4.939804,1.150967,1.681656,2.696855,2.553181,1.358194,0.401426,0,0,0,0,0,0,0,0,0,0,0,0,142.8
0,0,0,0,0,0,0,0,0,0,0,0,0,0,0,0,0,0,0,0.116446,6.855122,17.192709,20.001835,15.303653,21.790257,14.271581,15.908575,3.56038,2.226462,3.371521,3.358426,4.158936,4.344571,1.178342,1.809011,2.459945,2.829555,1.132122,0.345932,0,0,0,0,0,0,0,0,0,0,0,0,92.1
0,0,0,0,0,0,0,0,0,0,0,0,0,0,0,0,0,0,1.842897,4.774139,10.213619,11.871989,8.433075,8.447467,13.073067,10.612126,4.69083,2.075632,4.046286,2.588102,3.722727,3.444265,3.716563,1.56323,1.91752,2.970783,2.182765,1.20085,0.019159,0,0,0,0,0,0,0,0,0,0,0,0,37.32
0,0,0,0,0,0,0,0,0,0,0,0,0,0,0,0,2.099869,4.608913,6.014257,7.96913,5.71272,5.425339,7.947061,5.651299,5.498104,6.453783,8.711394,7.889558,7.272367,6.831059,8.781996,7.858877,7.503448,2.203446,0,0,0,0,0,0,0,0,0,0,0,0,0,0,0,0,0,84.1
0,0,0,0,0,0,0,0,0,0,0,0,0,0,0,0.426703,1.917626,3.725575,7.595497,11.6213,10.63779,10.984433,7.867765,7.797465,9.501078,7.052859,11.049765,10.019032,10.492248,16.946823,20.902231,11.076492,2.389376,0,0,0,0,0,0,0,0,0,0,0,0,0,0,0,0,0,0,220.9
0,0,0,0,0,0,0,0,0,0,0,0,0,0,0,0,0,0,0,2.289019,13.545642,17.856523,18.151521,19.479806,16.83865,16.651246,8.976134,7.475278,10.342233,8.100527,7.126625,7.991136,2.863677,6.796862,1.336544,0.485116,0,0,0,0,0,0,0,0,0,0,0,0,0,0,0,154
0,0,0,0,0,0,0,0,0,0,0,0,0,0,0,0,0.60464,1.651556,1.519422,3.888147,4.425568,6.898733,21.061384,44.447575,54.807819,42.420896,33.942703,26.198961,17.52889,3.960867,3.732349,2.523424,2.927893,2.057611,3.414742,1.493272,2.175277,0.672929,0,0,0,0,0,0,0,0,0,0,0,0,0,257.4
0,0,0,0,0,0,0,0,0,0,0,0,0,0,0,0,0.576013,1.656777,1.553676,3.873015,4.39038,6.935378,20.795241,41.138959,49.391204,38.287559,30.413083,24.881929,15.467763,3.900368,3.748488,2.623049,2.85933,2.036495,3.433188,1.499726,2.152295,0.692094,0,0,0,0,0,0,0,0,0,0,0,0,0,240
0,0,0,0,0,0,0,0,0,0,0,0,0,0,0,0,0.542843,1.700417,1.564844,3.822985,4.464546,7.142255,19.256798,23.551119,23.968056,16.800909,14.603321,16.667637,6.117982,3.872394,3.58616,2.471277,3.021626,2.041145,3.416521,1.468621,2.245941,0.630223,0,0,0,0,0,0,0,0,0,0,0,0,0,126.6
0,0,0,0,0,0,0,0,0,0,0,0,0,0,0,0,0.148546,3.103857,3.915317,10.492443,10.385405,9.615974,8.241962,15.667417,8.392932,7.017689,4.744371,6.794683,4.106852,6.281972,7.151577,3.149959,1.506261,6.187737,7.31196,2.932131,0.669086,0,0,0,0,0,0,0,0,0,0,0,0,0,0,109.72
0,0,0,0,0,0,0,0,0,0,0,0,0,0,0,0,0,0,0,1.061381,7.177233,21.360571,26.013607,32.001978,20.601132,21.32826,17.3069,12.984925,10.662689,9.811525,5.786969,7.741716,3.773498,6.455792,1.592166,0.586969,0,0,0,0,0,0,0,0,0,0,0,0,0,0,0,196
0,0,0,0,0,0,0,0,0,0,0,0,0,0,0,0,0.579977,1.658085,1.552109,3.836111,4.394671,7.008744,21.565191,47.417762,60.103197,46.471036,37.544559,27.835845,19.293291,3.935017,3.77091,2.562925,2.892842,2.031193,3.4375,1.491639,2.139488,0.701739,0,0,0,0,0,0,0,0,0,0,0,0,0,277
0,0,0,0,0,0,0,0,0,0,0,0,0,0,0,0,0.693329,1.457389,1.756047,4.136161,4.130379,6.276694,20.352268,31.373988,33.3751,25.998313,20.32995,20.118064,10.109774,4.032917,3.115517,1.98498,3.814641,2.226943,2.968129,1.650098,2.608775,0.310424,0,0,0,0,0,0,0,0,0,0,0,0,0,176.9
0,0,0,0,0,0,0,0,0,0,0,0,0,0,0,0,0.577723,1.660509,1.553854,3.890498,4.459097,7.912967,18.715592,18.811618,18.430348,13.27474,12.337624,14.234834,4.424003,3.721688,3.733679,2.656508,2.805932,2.057399,3.410816,1.492512,2.148489,0.686189,0,0,0,0,0,0,0,0,0,0,0,0,0,98.4
0,0,0,0,0,0,0,0,0,0,0,0,0,0,0.03907,0.949252,1.923442,1.069777,6.736129,10.772652,12.751306,7.71838,6.630212,8.697045,6.363913,10.010559,10.431217,10.563238,9.775299,13.930194,11.565477,10.10181,1.564896,1.101485,2.838152,0.429166,0,0,0,0,0,0,0,0,0,0,0,0,0,0,0,169.1
0,0,0,0,0,0,0,0,0,0,0,0,0,0,0,0,0,0,0,1.063067,6.904695,14.63395,19.424938,15.979775,15.010081,15.170714,6.633003,1.658187,1.903678,3.252385,3.615698,4.742083,3.681994,1.53357,1.34491,3.088197,2.882,0.985365,0.319939,0,0,0,0,0,0,0,0,0,0,0,0,121.1
0,0,0,0,0,0,0,0,0,0,0,0,0,0,0,0,0.416633,6.73531,10.141029,10.426365,8.768581,7.182327,9.008509,13.050807,8.000029,2.748157,2.413149,1.848881,2.791349,2.974101,2.338737,0.727567,0.472797,0.467234,1.185483,1.435785,1.76995,2.469825,2.693549,5.630354,5.177574,0.680617,0,0,0,0,0,0,0,0,0,191.9
0,0,0,0,0,0,0,0,0,0,0,0,0,0,0,0,0.244045,4.2678,8.536897,12.835283,18.559567,15.05082,17.404731,9.393681,6.052437,0.904488,0.675993,0.766917,1.191646,1.189563,1.391687,5.107479,2.483956,1.431766,5.822421,11.697843,9.640452,4.151887,0,0,0,0,0,0,0,0,0,0,0,0,0,286
0,0,0,0,0,0,0,0,0,0,0,0,0,0,0,0,0.258675,3.75969,7.947024,10.108135,17.425343,19.884523,21.275559,11.202894,8.278769,6.189329,5.433794,1.469794,1.238391,1.201432,1.308712,5.009464,2.624733,1.535474,5.731859,11.71516,9.601255,4.172122,0,0,0,0,0,0,0,0,0,0,0,0,0,277
0,0,0,0,0,0,0,0,0,0,0,0,0,0,0,0,0.849337,7.343444,6.591121,6.302765,6.486772,17.314878,36.416423,30.270625,21.59606,25.296789,18.803089,14.96444,1.74628,0.56413,1.25264,3.550902,1.095658,5.293862,4.508804,9.201937,10.497807,4.506421,0.452886,0,0,0,0,0,0,0,0,0,0,0,0,291
0,0,0,0,0,0,0,0,0,0,0,0,0,0,0.066079,1.15432,1.842315,1.88284,1.514552,1.940336,2.245483,2.111851,2.924271,3.372618,7.488279,16.801512,13.805244,3.001736,2.031733,2.932513,4.433687,5.806574,2.042947,0,0,0,0,0,0,0,0,0,0,0,0,0,0,0,0,0,0,-84.5
0,0,0,0,0,0,0,0,0,0,0,0,0,0,0,0,2.218816,4.975864,6.314439,6.46256,5.13619,7.629532,7.027258,4.091588,3.24668,4.085984,5.422513,4.345003,6.830376,12.388507,4.531681,5.883268,5.487768,4.535649,1.610791,0.080824,0,0,0,0,0,0,0,0,0,0,0,0,0,0,0,51
0,0,0,0,0,0,0.708245,1.117135,0.308731,1.300448,1.629475,0.502104,0.124734,0.315457,2.180215,5.861432,4.249652,2.473199,4.901171,3.579219,1.898159,2.853703,4.263575,5.814357,3.359733,3.175981,6.219048,4.692325,4.264308,10.843737,6.390665,6.582887,6.786598,2.068657,4.153868,5.387439,2.896664,1.002087,0,0,0,0,0,0,0,0,0,0,0,0,0,189.11
0,0,0,0,0,0,0,0,0,0,0,0,0,2.640252,4.505797,3.441102,3.295284,3.896163,2.298924,1.395427,2.832776,2.427073,6.493225,5.656844,6.028826,9.071632,6.097327,10.571578,16.118536,10.602975,10.32207,6.187756,5.773827,2.123032,0.032323,0,0,0,0,0,0,0,0,0,0,0,0,0,0,0,0,106
0,0,0,0,0,0,0,0,0,0,0,0.150154,2.19506,1.123554,1.445849,1.993447,0.742954,1.073401,0.895958,1.935458,5.837177,7.357395,3.3112,13.970574,7.643286,7.600231,23.7937,23.863702,17.451394,3.526061,5.619734,5.636301,2.655711,0.075637,0,0,0,0,0,0,0,0,0,0,0,0,0,0,0,0,0,108
0,0,0,0,0,0,0,0,0,0,0,0,0,0,0,0,0,0.363685,1.266225,8.849086,5.706746,4.031326,15.354607,9.973578,4.949983,23.97486,28.339334,29.098864,7.534305,3.690291,4.004892,5.190235,0.945803,0,0,0,0,0,0,0,0,0,0,0,0,0,0,0,0,0,0,118.2
0,0,0,0,0,0,0,0,0,0,0,0,0,0,0,0,0,3.880048,10.937603,10.454237,7.271897,6.558974,9.014225,9.33521,8.874444,16.765741,12.918399,15.019047,19.07956,12.122785,4.538681,3.469749,4.977562,4.436536,2.250725,0.426216,0,0,0,0,0,0,0,0,0,0,0,0,0,0,0,201
0,0,0,0,0,0,0,0,0,0,0,0,0,0,0,0,3.25012,9.089778,5.867546,6.108815,4.992039,5.168072,5.918827,3.214664,10.61332,15.073228,21.58057,36.35499,40.00231,11.64922,0.04179,0,0,0,0,0,0,0,0,0,0,0,0,0,0,0,0,0,0,0,0,138.5
0,0,0,0,0,0,0,0,0,0,0.439195,1.489584,1.57497,1.985527,1.871816,2.557241,1.985626,2.005544,4.902966,8.004486,7.341611,7.727297,6.851816,7.909134,4.69482,8.095191,7.65477,8.318962,14.737275,19.731337,13.348392,9.823521,7.063672,1.83507,0.280615,0,0,0,0,0,0,0,0,0,0,0,0,0,0,0,0,209
0,0,0,0,0,0,0,0,0,0,0,0,0,0,0,0,0.073464,2.30608,8.240589,10.542082,9.030923,7.7789,5.381065,5.969758,4.281377,5.954726,8.67393,11.529895,11.172349,14.664521,18.054045,5.444223,0.013485,0,0,0,0,0,0,0,0,0,0,0,0,0,0,0,0,0,0,84.7
0,0,0,0,0,0,0,0,0,0,0,0,0,0,0,0,0,2.572604,7.224515,8.356212,11.794098,8.350445,6.828112,9.477918,4.033187,3.354602,6.385703,3.652619,1.637324,7.969055,7.590931,7.610755,3.685211,2.405795,1.143146,2.223377,2.516588,1.429812,0,0,0,0,0,0,0,0,0,0,0,0,0,59
0,0,0,0,0,0,0,0,0.249166,0.956902,1.647164,0.37008,0.79881,1.40512,1.533555,1.609295,1.697872,3.615627,6.226899,11.390041,12.121264,8.73056,6.113949,5.416191,6.107633,2.180462,4.812599,7.164187,3.941634,3.423241,11.953493,8.211166,4.631226,3.548636,3.113174,1.830022,2.930151,2.538036,4.228063,1.157645,0.088728,0,0,0,0,0,0,0,0,0,0,221
0,0,0,0,0,0,0,0,0,0,0,0,0,0,0,0,0,0,0,0,9.710902,25.745078,8.068998,4.693508,6.008536,9.208765,24.903011,54.996848,20.003055,0,0,0,0,0,0,0,0,0,0,0,0,0,0,0,0,0,0,0,0,0,0,80.2
0,0,0,0,0,0,0,0,0,0,0,0.261199,0.65809,0.354886,0.952213,1.432548,5.863527,10.111795,7.358972,9.678512,6.622297,4.903569,4.426018,4.999849,7.351112,3.157208,9.342461,11.178106,3.800175,8.963009,15.558934,11.115634,3.993917,1.741551,0.885284,1.314233,1.64567,2.407887,2.14842,0.581455,0,0,0,0,0,0,0,0,0,0,0,176
0,0,0,0,0,0,0,0,0,0,0,0,0,0,0,0,0.09335,4.496889,8.896648,9.873976,17.654261,12.45457,13.350305,10.204037,9.169023,3.347843,8.039064,11.224128,5.929057,7.145231,21.338659,16.000481,6.215249,2.016691,0.539457,1.830576,0.567407,0,0,0,0,0,0,0,0,0,0,0,0,0,0,178
0,0,0,0,0.253927,1.482591,0.475303,1.4124,1.889654,0.354805,0.044966,0.548397,1.736187,0.257298,0.454538,0.671392,0.176293,0.352019,0.930363,3.271059,4.134904,2.459717,1.339896,3.38574,4.701011,7.976979,25.478771,22.864473,3.8774,4.94944,4.852691,1.750852,3.445937,5.873703,2.42506,0.056715,0,0,0,0,0,0,0,0,0,0,0,0,0,0,0,72
0,0,0,0,0,0,0.035911,1.028362,0.682597,0.428354,1.49916,1.066223,0.610848,0.194616,0.354748,0.766456,1.132136,5.481395,9.631317,7.540366,5.77014,5.449624,8.003278,8.257173,9.418168,12.892734,14.778456,15.965586,19.152907,12.734444,4.849853,3.363611,4.433683,1.976795,1.165059,3.788843,5.742883,0.445034,0,0,0,0,0,0,0,0,0,0,0,0,0,274
0,0,0,0,0,0,0,0,0,0,0,0,0,0,0,0,0,0.506339,4.695763,8.45507,14.104167,12.715565,10.392642,17.147884,11.023876,3.813128,4.079344,2.70556,2.900031,2.250046,0.084318,0.259916,1.160676,0.859856,1.173903,1.684586,1.947622,1.63211,5.417066,4.98201,1.630085,0.414327,0,0,0,0,0,0,0,0,0,152.8
0,0,0,0,0,0,0,0,0,0.229317,2.109079,2.598868,2.304916,2.401647,2.585353,2.468059,1.88409,2.850183,3.790345,5.609727,5.467608,4.857476,3.61383,4.900317,5.435054,4.507145,6.460198,6.11558,6.381214,4.926253,7.414407,1.527596,1.302639,1.579615,1.04768,1.120512,2.835838,1.539988,4.562018,5.42101,1.560716,0,0,0,0,0,0,0,0,0,0,192.6
0,0,0,0,0,0,0,0,0,0,0,0.413119,1.287381,0.298208,1.809066,0.661765,1.074789,1.199246,1.508778,3.838601,7.446212,15.161841,21.319576,22.751539,16.597217,13.002769,9.31339,3.976629,2.138959,2.5891,0.885297,0.844666,0.527256,1.265603,1.515061,1.453977,0.609019,2.334794,2.309478,5.713947,3.857463,2.387194,0,0,0,0,0,0,0,0,0,270.8
0,0,0,0,0,0,0,0.432864,0.854604,0.959136,0.726746,0.424877,1.743329,0.542914,0.623346,0.506158,0.908836,0.960182,4.626699,10.534773,11.775043,9.103436,6.990648,8.880755,14.415783,5.895499,2.999339,2.28404,3.128573,3.578455,1.82281,2.863789,4.285482,6.450001,6.63461,5.114515,5.589535,3.539597,0.017228,0,0,0,0,0,0,0,0,0,0,0,0,180
0,0,0,0,0,0,0,0,0,0,0,0,0,0,0,0,0,0,0,0.020523,5.601499,21.753065,35.259262,31.197364,34.981309,37.923796,11.823071,3.802764,5.319368,2.809683,1.996185,0.950731,0.949651,1.030128,0.210949,0.541912,1.302145,3.206976,2.991972,0.392844,2.767514,4.333222,1.223288,0,0,0,0,0,0,0,0,235
0,0,0,0,0,0,0,0,0,0,0,0,0,0,0,0,0.114363,6.913142,11.049314,10.676464,8.056583,7.48116,8.273881,7.630627,7.610044,14.622441,5.715951,14.154891,11.600109,5.427648,3.525938,9.508765,5.460768,3.944394,2.371496,2.549618,2.577732,0.385193,0,0,0,0,0,0,0,0,0,0,0,0,0,210.7
0,0,0,0,0,0.041211,1.120252,0.691938,0.64921,1.386618,1.488741,0.331311,0.084232,0.633452,2.210316,1.130078,0.913626,5.545953,5.501646,4.489457,6.060452,5.08755,4.446934,4.464786,3.312621,2.069306,3.597276,4.935683,5.472165,2.525977,1.470137,4.009064,6.49903,3.495856,4.91271,4.230001,3.579072,1.956592,2.103605,0.750312,0,0,0,0,0,0,0,0,0,0,0,100
0,0,0,0,0,0,0,0,0,0,0,0,0,0,0.969076,3.419264,4.996838,6.585774,7.977707,7.352516,5.829771,4.709075,6.864567,6.716911,6.199227,8.05379,10.993547,8.365077,6.410664,4.499055,2.225366,2.143992,2.111564,2.936323,2.580479,3.246407,5.516513,3.942169,2.442631,0.493818,0,0,0,0,0,0,0,0,0,0,0,161.5
0,0,0,0,0,0,0.986961,0.799159,0.563023,1.423433,1.512346,0.32991,0.072708,0.408181,1.441821,1.354501,1.109486,0.905116,0.944833,1.851874,9.92178,11.376622,12.705294,10.443616,9.055776,14.254551,8.177984,5.091917,5.053035,2.76762,3.573844,4.582736,3.925648,4.13293,4.888117,3.261677,2.054175,2.005271,1.621534,2.071917,0.103071,0,0,0,0,0,0,0,0,0,0,212
0,0,0,0,0,0,0,0,0,0,0,0,0,0,0,0.009887,0.844825,5.772076,15.413057,14.329233,10.6141,11.061765,10.742113,10.634848,9.283369,10.807252,10.750213,9.090773,11.094627,8.346333,2.500428,4.34026,7.873694,7.999081,7.09044,3.058374,2.548927,2.24594,0.408075,0,0,0,0,0,0,0,0,0,0,0,0,272
0,0,0,0,0,0,0,0,0,0,0,0,0,0,0,0,0,0,0.416793,2.382588,1.102049,2.664218,13.372803,7.33049,8.041848,8.927843,8.196977,16.867178,1.963591,10.018691,1.687291,0,0,0,0,0,0,0,0,0,0,0,0,0,0,0,0,0,0,0,0,-50.2
0,0,0,0,0,0,0,0,0,0,0,0,0,0,0,0,0,0,1.48201,6.294711,3.65723,4.98761,9.405854,4.389442,10.064092,14.989819,16.606714,12.470142,2.72068,3.484336,5.645735,5.628101,1.118793,0,0,0,0,0,0,0,0,0,0,0,0,0,0,0,0,0,0,7.5
0,0,0,0,0,0,0,0,0,0,0,0,0,0,0,0,0,0,1.064753,6.466488,16.882475,25.239465,21.254636,22.156542,21.836835,12.009172,9.098268,5.577994,2.44666,2.890626,2.98254,3.157726,2.698954,4.163371,5.282785,4.72854,7.106005,3.577348,1.521757,0,0,0,0,0,0,0,0,0,0,0,0,146
0,0,0,0,0,0,0,0,0,0,0,0,0,0,0,0,0,0.182249,1.98824,8.5447,16.989375,18.599335,17.793762,14.916102,13.012051,10.661716,4.387242,4.639421,5.947077,4.032387,4.554095,4.305709,3.8169,4.226314,3.01852,1.981292,3.361648,3.151713,2.881884,0.284088,0,0,0,0,0,0,0,0,0,0,0,127
0,0,0,0,0,0,0,0,0,0,0,0,0,0,0,0,0,0,0,1.024772,6.112846,1.725148,9.434506,2.185208,7.856695,16.157832,27.028839,28.0679,0.008895,0,0,0,0,0,0,0,0,0,0,0,0,0,0,0,0,0,0,0,0,0,0,46.2
0,0,0,0,0,0,0,0,0,0,0,0,0,0,0,0,0,0.01955,5.877644,22.007809,25.003355,14.826225,13.200445,7.504659,2.816943,6.008807,4.163767,1.788018,1.677858,0.909715,2.606012,2.511566,3.46395,3.447123,7.909403,9.023065,6.20723,5.676901,1.615005,0,0,0,0,0,0,0,0,0,0,0,0,176
0,0,0,0,0,0,0,0,0,0,0,0,0,0,0,0,0,0,0,0,0,0.928063,16.725314,33.636797,50.508677,33.864056,36.864151,31.152243,19.868758,1.540092,0,0,0,0,0,0,0,0,0,0,0,0,0,0,0,0,0,0,0,0,0,164
0,0,0,0,0,0,0,0,0,0,0,0,0,0,0,0,0,0,0,0,0,0.906967,17.999073,35.366382,49.27819,32.795348,33.116844,32.385347,21.461267,2.034763,0,0,0,0,0,0,0,0,0,0,0,0,0,0,0,0,0,0,0,0,0,154
0,0,0,0,0,0,0,0,0,0,0,0,0,0,0,0,0,0,0,0,0,0.751866,17.137347,35.348976,50.733915,32.725648,34.242967,33.184304,20.337822,1.837114,0,0,0,0,0,0,0,0,0,0,0,0,0,0,0,0,0,0,0,0,0,157
0,0,0,0,0,0,0,0,0,0,0,0,0,0,0,0,0,0,0,0,0,1.031818,17.982169,34.243431,49.881595,33.701041,34.152709,33.381354,20.205382,1.864861,0,0,0,0,0,0,0,0,0,0,0,0,0,0,0,0,0,0,0,0,0,158
0,0,0,0,0,0,0,0,0,0,0,0,0,0,0,0,0,0,0,0,0,0.77011,16.354845,36.792461,52.114703,34.139374,33.432977,30.117294,23.026687,1.913828,0,0,0,0,0,0,0,0,0,0,0,0,0,0,0,0,0,0,0,0,0,160
0,0,0,0,0,0,0,0.466099,1.44627,0.582225,0.703147,1.04705,1.172393,0.709208,0.853098,0.896539,0.749831,1.40827,1.687421,4.28546,8.031687,14.499046,14.702743,15.334898,12.492996,13.019936,11.079234,8.485992,7.710261,7.600202,9.634259,11.082704,7.389758,4.191139,0.978884,2.544434,2.526402,0.247817,0,0,0,0,0,0,0,0,0,0,0,0,0,218.4
0,0,0,0,0,0,0,0,0,0,0.049196,0.491061,0.414601,0.626508,0.260939,0.577303,0.334728,1.009377,0.805201,1.110375,2.121747,19.984272,32.363483,34.602233,30.475733,29.232278,36.684549,29.809544,15.09659,9.455764,12.436258,7.194495,5.864713,1.420872,0,0,0,0,0,0,0,0,0,0,0,0,0,0,0,0,0,265
0,0,0,0,0,0,0,0,0,0.192602,0.753519,1.434955,0.493665,0.691185,1.170631,1.054866,0.640743,1.439368,1.418395,7.887368,15.14765,18.184783,14.787465,12.418262,10.945973,7.276467,8.10481,6.608596,10.872024,6.705323,9.356582,8.772965,8.785659,4.076859,1.055235,1.111624,0.967453,1.018967,1.639007,1.35194,0.790852,0.159845,0,0,0,0,0,0,0,0,0,220
0,0,0,0,0,0,0,0,0,0,0,0,0,0.182378,0.520463,0.392017,0.858406,1.165117,0.749798,0.880299,2.110974,6.831713,27.108849,36.697772,33.90437,23.757489,20.955502,24.350099,14.708657,5.254507,1.709304,0.671608,0.639683,0.92065,2.193858,1.053913,0.97078,1.473087,1.326758,0.3211,0.987742,0.385087,0,0,0,0,0,0,0,0,0,193
0,0,0,0,0,0,0,0,0,0.143051,0.288545,1.529776,0.413567,0.000031,1.205908,1.077795,0.939739,0.710088,1.089866,8.735225,12.834148,16.25903,15.756447,16.320162,13.835235,13.729262,15.180124,11.989511,11.319683,5.471425,11.421214,7.934167,6.439718,1.346279,2.030963,1.610209,0.548497,0.830732,2.149682,1.176028,0.093042,0,0,0,0,0,0,0,0,0,0,219
0,0,0,0,0,0,0,0,0,0.227694,0.606096,1.623383,0.187469,0.933847,0.614755,1.470277,0.601919,0.748357,1.604998,7.475776,14.743223,25.547131,19.918293,16.89786,11.376673,8.747451,10.026074,6.636856,8.72129,7.370544,8.822212,9.848434,8.744414,3.312148,0.846855,1.490239,1.632409,1.273078,2.218683,2.337579,1.676523,0.19444,0,0,0,0,0,0,0,0,0,241
0,0,0,0,0,0,0,0,0,0.245808,0.542911,1.484255,0.239365,0.327632,1.219526,1.030773,0.682173,0.498804,1.573155,8.982862,14.330993,16.153585,15.484802,11.341409,10.752888,9.057896,14.235177,9.30946,8.27299,6.061979,10.407478,9.421622,5.042936,1.189397,0.899621,2.104243,1.114495,0.821811,2.472958,1.794884,0.57344,0,0,0,0,0,0,0,0,0,0,205
0,0,0,0,0,0,0,0,0,0.193468,0.480257,1.507051,0.174534,0.275101,1.457799,0.996758,0.427778,1.202042,0.508682,6.879283,15.943629,17.350489,16.183627,11.85573,11.002675,13.453236,11.92873,6.846116,9.685456,6.176789,10.373217,8.183467,4.981241,0.936129,1.353586,1.946172,1.118194,1.200784,2.677014,1.898378,0.630029,0,0,0,0,0,0,0,0,0,0,217
0,0,0,0,0,0,0,0,0,0.298518,0.918266,1.716094,0.477886,0.572846,0.746095,1.081397,0.874227,1.299973,1.081357,8.600589,17.551755,15.066888,13.137944,10.289276,10.353607,9.291278,12.036826,7.535848,9.161496,6.464419,9.228989,8.37649,7.830423,2.343878,1.329961,1.250394,1.131795,1.863348,1.47498,1.364549,0.989908,0.22321,0,0,0,0,0,0,0,0,0,224
0,0,0,0,0,0,0,0,0.128432,0.539334,1.871022,0.660522,0.391072,0.863206,1.012692,1.08794,0.954746,1.013286,0.75135,5.782456,15.457486,18.884682,15.733653,9.77836,8.929942,11.102525,12.696743,6.171127,9.275871,5.867496,9.610838,10.981661,6.919936,3.309892,1.405803,1.792577,2.020072,1.65968,1.215852,0.825817,0.097299,0,0,0,0,0,0,0,0,0,0,215.5
0,0,0,0,0,0,0,0.46082,1.429382,0.602552,0.677222,0.964702,1.218711,0.703807,0.855164,0.836743,0.685437,1.325786,1.858285,4.831395,7.322739,11.898002,24.622802,30.150748,28.401586,19.344728,20.64289,27.702805,22.080545,9.807095,9.449742,7.875773,4.618625,3.837573,0.865939,2.644255,2.631475,0.411133,0,0,0,0,0,0,0,0,0,0,0,0,0,279
0,0,0,0,0,0,0,0.51049,1.436097,0.561324,0.715531,0.980394,1.206716,0.689562,0.898698,0.810834,0.713199,1.44792,1.999847,5.53003,6.656739,11.902547,21.672859,19.302225,18.817862,16.765925,20.420886,22.069122,12.837962,7.915831,9.363085,10.734927,5.192379,2.969979,0.91579,2.595304,2.590225,0.357503,0,0,0,0,0,0,0,0,0,0,0,0,0,262
0,0,0,0,0,0,0.02733,0.66779,1.3803,0.618824,0.635028,1.110462,1.121591,0.761018,0.844549,0.812453,0.72946,2.71949,7.60048,13.859617,17.234293,19.546848,17.498806,16.225703,14.255836,16.587962,18.952925,8.531545,16.801381,12.601316,15.961932,16.335621,17.144425,4.59769,1.439894,2.504941,2.307708,0.07295,0,0,0,0,0,0,0,0,0,0,0,0,0,341.2
0,0,0,0,0,0,0,0,0,0.281263,0.818809,2.68399,1.559363,0.749662,0.981628,2.661821,2.116954,1.426723,1.426938,3.397359,8.093225,15.618204,16.131065,14.11455,13.04208,10.083402,14.021993,8.253492,2.848017,2.04352,1.968431,2.194212,1.515501,0.878568,1.816704,3.242793,3.71721,2.579333,3.309984,3.857099,4.079232,0.272727,0,0,0,0,0,0,0,0,0,218
0,0,0,0,0,0,0,0,0,0,0,0,0,0,0,0,0,0,0,0.247351,2.022971,10.366239,17.525606,21.612027,17.151284,17.3762,22.465907,17.562532,7.747777,2.667606,3.249785,2.95677,2.495273,2.015075,0.355074,0,0,0,0,0,0,0,0,0,0,0,0,0,0,0,0,67.67
0,0,0,0,0,0,0,0,0,0,0,0,0,0,0,0,0,0,0,0.413293,3.814278,8.414171,22.411914,25.322944,25.133515,19.003435,17.637115,17.662288,12.225441,3.864575,2.29794,4.038526,2.932665,2.164952,1.750228,0,0,0,0,0,0,0,0,0,0,0,0,0,0,0,0,85
0,0,0,0,0,0,0,0,0,0.230032,0.957886,2.817486,1.285507,0.87383,1.757276,1.333771,2.389155,1.74139,1.440222,1.656696,2.636842,8.420121,24.057413,32.893577,31.242008,14.262192,12.264729,8.516003,4.897241,3.385482,2.687997,2.294721,0.921992,1.445373,1.92913,2.456218,4.217748,3.306635,3.98051,3.720061,2.722999,0.509605,0,0,0,0,0,0,0,0,0,283
0,0,0,0,0,0,0,0,0,0,0,0,0,0,0,0,0,0,0,0,2.026335,10.430272,21.746613,33.739531,33.430913,29.590398,27.667869,21.718544,10.777796,3.936526,4.964591,2.113791,2.769511,2.609327,1.438366,0.263648,0,0,0,0,0,0,0,0,0,0,0,0,0,0,0,144
0,0,0,0,0,0,0,0,0,0,0,0,0,0,0,0,0,0,0,0,2.083675,10.471383,21.052674,30.405228,28.482967,25.412058,24.583444,19.98845,9.829887,3.651925,4.085152,2.525285,3.103117,2.370579,1.543565,0.114149,0,0,0,0,0,0,0,0,0,0,0,0,0,0,0,119
0,0,0,0,0,0,0,0.154756,1.186437,0.405677,0.739593,1.409063,1.088638,0.511596,0.210146,0.355414,0.809784,0.908647,0.66902,0.819207,2.078251,13.338244,43.323885,49.721699,44.719724,42.578685,35.800244,26.642352,9.590072,8.033734,7.276918,9.083626,7.656968,3.767788,1.650316,3.255973,5.250328,1.198458,0,0,0,0,0,0,0,0,0,0,0,0,0,439.5
0,0,0,0,0,0,0,0.37833,2.552607,0.602042,1.534609,2.965965,2.407182,0.783487,0.392468,0.715934,1.910842,1.815838,2.258828,9.499847,8.580425,10.74742,25.227025,37.292101,29.519187,18.211874,12.302095,7.739798,7.37268,5.502179,7.164929,3.645349,3.986097,10.298896,4.97479,9.282185,10.855981,3.855978,0.152132,0,0,0,0,0,0,0,0,0,0,0,0,357.1
0,0,0,0,0,0,0,0.292841,1.348149,0.12551,0.844566,1.61726,1.064078,0.281857,0.219284,0.364021,1.018353,0.820863,0.518232,0.4828,3.739918,14.283393,16.044049,15.030007,12.54188,14.021907,18.540319,7.514193,3.957515,2.643371,2.297586,3.214397,2.866818,3.522432,1.354971,2.560773,5.718737,2.889792,0.379269,0,0,0,0,0,0,0,0,0,0,0,0,164.2
0,0,0,0,0,0.096257,0.699336,1.299482,0.265369,0.597675,1.519123,1.191646,0.449641,0.339354,1.067063,1.357626,0.891435,2.602478,4.375714,3.37107,4.511365,4.894981,20.461788,54.003018,67.639967,52.577338,42.147338,27.560088,22.754792,2.153947,2.390351,2.673501,0.708991,3.338118,3.967901,6.686968,6.574614,3.162013,1.925888,0.421517,0,0,0,0,0,0,0,0,0,0,0,339
0,0,0,0,0,0,0,0.179778,1.282225,0.304486,0.80859,1.576717,1.019536,0.442177,0.227879,0.369455,0.923821,0.925555,0.557965,0.533409,1.467814,8.234619,21.237143,31.509348,33.362601,25.009652,21.590305,18.124851,5.057643,2.26393,4.03506,1.606814,2.891715,4.608057,2.359772,3.671213,5.36226,1.960539,0.00276,0,0,0,0,0,0,0,0,0,0,0,0,227.5
0,0,0,0,0,0,0,0.184515,1.27475,0.307225,0.75573,1.481955,1.211723,0.392314,0.197401,0.35778,0.948521,0.905704,1.111855,4.70379,4.300301,5.352335,15.964779,29.702687,30.221086,21.609281,16.96103,15.755831,7.131066,2.736962,3.572991,1.865765,1.950926,5.165696,2.493553,4.612303,5.457586,1.951457,0.084844,0,0,0,0,0,0,0,0,0,0,0,0,222
0,0,0,0,0,0,0,0.250774,1.345631,0.170094,0.713902,1.661171,1.131649,0.301038,0.202721,0.360196,0.978144,0.842124,0.532127,0.47904,3.003291,11.66947,18.810335,18.481982,16.949064,19.285253,18.483423,10.580453,4.000689,3.248909,2.131541,3.218152,3.075144,3.511958,0.816704,3.128839,5.571815,2.677523,0.269823,0,0,0,0,0,0,0,0,0,0,0,0,187.87
0,0,0,0,0,0.120397,0.696417,1.283356,0.287207,0.672143,1.399069,1.280845,0.426198,0.28792,1.111338,1.491822,0.784617,2.531061,4.365882,3.410026,4.487646,4.827783,21.04801,60.954131,77.720345,60.741556,49.364889,30.944324,26.292269,2.11653,2.346818,2.708886,0.748146,3.20275,3.884203,6.697496,6.61578,3.174527,1.974817,0.435967,0,0,0,0,0,0,0,0,0,0,0,362
0,0,0,0,0,0.102067,0.718301,1.279802,0.296854,0.558758,1.5468,1.251134,0.36265,0.34166,1.143295,1.342645,0.919146,2.579491,4.347955,3.410135,4.53846,4.736866,22.115073,70.619959,93.270562,73.927072,59.594184,35.297086,31.719919,1.81021,2.68799,2.802836,0.682062,3.230661,3.914912,6.641692,6.606891,3.166954,2.010213,0.460916,0,0,0,0,0,0,0,0,0,0,0,400
0,0,0,0,0,0,0,0.432646,2.559306,0.541028,1.679679,2.924297,2.365089,0.724975,0.412976,0.717719,1.984017,1.797715,2.565369,10.095979,9.165859,12.561989,25.901022,24.166878,17.352453,8.929739,8.365238,2.620445,7.590244,5.44438,7.090966,3.392697,4.388166,10.074759,5.070858,9.23741,10.711715,3.68326,0.121688,0,0,0,0,0,0,0,0,0,0,0,0,342
0,0,0,0,0,0,0,0.387738,2.553045,0.592197,1.557305,2.965995,2.390331,0.780409,0.394734,0.716454,1.923764,1.813948,2.390209,9.729473,8.654772,11.143004,26.500459,31.226135,24.074507,12.344493,10.954596,4.349299,7.473457,5.43828,7.126467,3.615013,4.102962,10.26525,4.93781,9.469991,10.688645,3.808884,0.153444,0,0,0,0,0,0,0,0,0,0,0,0,345.5
0,0,0,0,0,0,0,0.45326,1.225737,0.087493,1.081564,1.44946,0.966486,0.32988,0.255747,0.33898,2.382113,4.950922,10.84104,13.352329,11.016686,7.516329,7.59859,9.043459,9.985286,12.000563,13.318006,13.87435,14.898984,14.346052,12.422054,3.351063,2.56391,3.628102,2.431204,1.426328,6.376538,3.765096,1.30637,0,0,0,0,0,0,0,0,0,0,0,0,300
0,0,0,0,0,0,0,0.358069,2.549699,0.625212,1.474383,2.992557,2.422983,0.793212,0.39311,0.715269,1.888412,1.823653,2.294844,9.477977,8.42331,10.677672,25.036671,41.138237,34.914856,23.488533,14.503787,10.735044,7.825423,5.465031,7.17305,3.674838,3.953316,10.368166,4.869063,9.525068,10.722997,3.884385,0.179545,0,0,0,0,0,0,0,0,0,0,0,0,374
0,0,0,0,0,0,0,0.379592,1.311373,0.075525,1.235763,1.37704,0.973216,0.261001,0.259701,0.394311,1.137546,0.774559,0.475499,0.560844,2.566679,12.808616,18.52839,23.656696,19.248976,17.062882,16.549913,12.102425,3.833848,2.160799,3.700952,1.557894,2.545504,4.233012,3.367262,2.510928,5.450939,3.079659,0.337187,0,0,0,0,0,0,0,0,0,0,0,0,193
0,0,0,0,0,0,0,0.663855,2.592669,0.276457,2.29903,2.794599,2.070023,0.530388,0.516323,0.730911,2.337303,1.714744,7.259548,12.762947,9.413819,13.210993,11.990571,8.482209,8.116431,5.516922,3.759885,2.582577,7.624234,6.200264,6.689656,2.300426,6.161098,9.202712,5.570908,9.364274,9.791437,2.64224,0.000279,0,0,0,0,0,0,0,0,0,0,0,0,273
0,0,0,0,0,0,0,0,0,0,0,0,0,0,0,0,0,0,0,0.423651,4.010059,15.009648,27.098257,27.358906,21.765692,17.879136,18.881284,10.971509,8.36451,6.351427,5.285872,5.973357,5.19253,3.85326,1.785218,0.038251,0,0,0,0,0,0,0,0,0,0,0,0,0,0,0,152
0,0,0,0,0,0,0,0,0,0,0,0,0,0,0.807662,2.674868,1.676263,2.719331,10.152866,11.77143,9.012325,9.63611,12.326886,12.204856,4.996407,2.132746,2.345286,2.737358,3.003879,4.114877,5.192549,6.986993,8.528477,10.792213,8.213751,3.926099,0.407719,0,0,0,0,0,0,0,0,0,0,0,0,0,0,213.5
0,0,0,0,0,0,0,0,0,0,0,0,0,0,0,0.007,2.289567,2.814134,1.650568,3.789171,5.773564,11.045677,23.107804,30.19715,26.508584,20.692994,16.00676,14.667994,6.140407,2.250632,2.203701,3.40689,2.296286,3.498207,2.202514,4.598116,5.109784,2.196276,0.51412,0,0,0,0,0,0,0,0,0,0,0,0,154
0,0,0,0,0,0,0,0,0,0,0,0,0,0,0,0.008776,2.301984,2.799863,1.656331,3.697155,5.965042,10.72047,23.226611,34.326202,31.312157,25.394835,19.079916,16.111405,8.015628,2.399887,2.129615,3.464317,2.272113,3.494283,2.250182,4.517354,5.107059,2.214343,0.511234,0,0,0,0,0,0,0,0,0,0,0,0,184
0,0,0,0,0,0,0,0,0,0,0,0,0,0,0,0,0,0.043003,2.203613,4.92244,4.82892,9.216854,16.345011,19.319545,16.178406,14.56693,13.791257,14.59042,5.846701,6.914936,8.09698,7.590314,3.854682,0.845798,0,0,0,0,0,0,0,0,0,0,0,0,0,0,0,0,0,76
0,0,0,0,0,0,0,0,0,0,0,0,0,0,0,0.259478,3.162903,3.603814,2.546944,3.125462,4.496355,13.045532,25.350495,24.273995,19.434319,18.474405,12.482484,4.634614,1.912711,1.300668,2.446221,3.281173,1.777137,3.033889,4.150778,7.144089,4.744917,3.151036,0.921321,0,0,0,0,0,0,0,0,0,0,0,0,162
0,0,0,0,0,0,0,0,0,0,0,0,0,0,0,0,0,0.021155,1.649636,3.98774,10.598504,17.499633,18.603977,16.652417,20.284172,15.704585,22.437702,7.804929,2.897697,2.574408,2.077133,1.261375,3.91147,3.197789,2.41473,2.266974,2.513497,2.609858,1.950024,0.643781,0,0,0,0,0,0,0,0,0,0,0,97.9
0,0,0,0,0,0,0,0,0,0,0,0,0,0,0,0,0,0.033748,1.766422,7.218121,8.29194,14.230293,19.262978,20.098484,14.529021,10.863882,14.56242,8.59446,2.957398,3.364328,1.873723,3.949566,2.46778,1.759024,2.286607,1.575843,3.79188,4.970877,0.730376,0,0,0,0,0,0,0,0,0,0,0,0,92
0,0,0,0,0,0,0,0,0,0,0,0,0,0,0,0,0,0,0.334765,3.291992,9.720641,17.850156,23.889973,20.749862,17.738979,17.069971,18.506424,10.196203,3.903356,3.767916,2.229267,2.123158,2.35267,1.536734,1.903378,1.896814,3.003506,5.763645,1.018009,0,0,0,0,0,0,0,0,0,0,0,0,111
0,0,0,0,0,0,0,0,0,0,0,0,0,0,0.04876,1.969102,3.564908,4.313835,7.991686,14.757224,14.975845,14.375086,10.228772,8.335229,7.889826,8.632042,8.09966,9.521894,10.304355,12.820604,10.980584,2.684332,3.574126,3.165828,5.181942,6.306088,4.19926,2.376079,0.233784,0,0,0,0,0,0,0,0,0,0,0,0,203
0,0,0,0,0,0,0,0,0,0,0,0,0,0,0,0,0,0,0.667908,4.964355,6.0436,8.673193,26.747082,33.415653,29.758676,23.610853,15.639441,7.971213,1.540285,1.820721,2.194411,2.760907,2.39566,2.791638,4.27638,1.512618,5.031093,3.280345,1.132456,0,0,0,0,0,0,0,0,0,0,0,0,174
0,0,0,0,0,0,0,0,0,0,0,0,0,0,0,0,0.701173,5.923125,12.240164,12.928528,11.510514,10.660465,6.745923,6.434365,6.901044,4.776184,2.432102,3.675405,3.780318,1.975775,3.301782,4.308778,3.733797,7.973364,3.499911,7.673551,5.081609,2.466238,0.046925,0,0,0,0,0,0,0,0,0,0,0,0,241.6
0,0,0,0,0,0,0,0,0,0,0,0,0,0,0,0,0.00852,5.727249,15.774174,22.299507,24.611758,21.068819,20.195008,31.212619,19.184351,9.515908,8.259935,4.935109,7.073452,6.79807,5.95296,5.481991,6.584986,9.444863,5.651125,12.434748,12.596514,5.712045,0.485329,0,0,0,0,0,0,0,0,0,0,0,0,259
0,0,0,0,0,0,0,0,0,0,0,0,0,0,0,0,0,2.712678,9.20177,12.800517,21.760183,26.151695,25.147021,22.394714,16.369465,21.686876,11.398321,14.09221,16.653262,10.323383,5.18581,6.47917,5.084227,3.789733,4.097083,5.877082,9.536565,3.635561,0.382633,0,0,0,0,0,0,0,0,0,0,0,0,298
0,0,0,0,0,0,0,0,0,0,0,0,0,0,0,0,0,0.305413,5.101602,10.707924,14.067671,23.2494,48.380738,46.868654,36.95894,31.989664,28.68249,32.0782,19.565508,3.176645,3.505249,4.917536,4.014272,6.728445,4.349985,8.422024,10.04807,0.9296,0,0,0,0,0,0,0,0,0,0,0,0,0,338
0,0,0,0,0,0,0,0,0,0,0,0,0,0,0,0,0,3.701324,14.030036,19.308553,15.525793,16.654454,20.049515,17.721237,11.206679,9.738871,8.096179,15.709073,15.740527,10.344107,4.846542,6.63025,3.20119,4.587457,3.61442,6.652626,8.84725,3.485816,0.260992,0,0,0,0,0,0,0,0,0,0,0,0,282.7
0,0,0,0,0,0,0,0,0,0,0,0,0,0,0,0,0,0.199634,5.27578,11.170091,23.711985,25.85945,26.126486,23.482109,18.436337,20.291851,10.949251,5.121304,3.85277,5.909822,3.639932,5.88099,5.156961,5.653599,7.073441,3.417593,8.793121,6.878926,0.299607,0,0,0,0,0,0,0,0,0,0,0,0,217
0,0,0,0,0,0,0,0,0,0,0,0,0,0,0,0,0,0,1.043634,8.179347,14.784639,28.305791,58.482309,71.463436,63.205386,44.590051,35.486856,31.159831,13.663919,5.241597,4.420011,5.150793,6.252695,4.772074,6.336287,4.810716,8.008868,9.115582,1.75169,0,0,0,0,0,0,0,0,0,0,0,0,344
0,0,0,0,0,0,0,0,0,0,0,0,0,0,0,0,0,2.280083,8.120242,14.827425,17.044243,16.457134,17.275318,25.417118,16.403297,6.843862,4.067028,4.585632,3.415998,4.662318,4.906115,5.646035,7.571961,6.546278,4.52116,8.253915,6.191925,2.858399,0.185734,0,0,0,0,0,0,0,0,0,0,0,0,168
0,0,0,0,0,0,0,0,0,0,0,0,0,0,0,0,0,0.297844,2.751763,5.256119,9.717822,21.384672,47.944627,48.791639,38.693101,31.348967,24.367558,16.878338,6.666033,5.129646,4.35307,6.43404,6.130876,6.251333,2.94281,8.661341,8.729291,0.508689,0,0,0,0,0,0,0,0,0,0,0,0,0,280
0,0,0,0,0,0,0,0,0,0,0,0,0,0,0,0,0,1.527007,4.502587,5.818278,8.076506,15.048658,21.264313,21.788806,19.126311,18.72907,16.547914,15.92653,7.685866,6.466284,3.350597,1.751429,2.202627,1.647872,3.31874,1.460984,4.145096,4.699768,0.21444,0,0,0,0,0,0,0,0,0,0,0,0,137
0,0,0,0,0,0,0,0,0,0,0,0,0,0,0,0,0,0.058326,1.865189,7.800516,9.48546,10.177165,24.442348,52.07201,57.294883,43.673697,35.145162,24.087631,17.619827,3.233322,1.89143,3.013235,2.785576,2.372006,3.543041,2.152239,4.008228,4.337808,0.934222,0,0,0,0,0,0,0,0,0,0,0,0,268
0,0,0,0,0,0,0,0,0,0,0,0,0,0,0,0.295506,3.472108,4.486117,3.784922,7.381279,19.006364,24.711366,24.143348,20.345176,14.523383,17.263042,9.569449,8.577477,8.140134,4.081191,4.532401,4.970425,5.543437,5.111534,3.475551,7.021027,10.737429,3.097056,0.287876,0,0,0,0,0,0,0,0,0,0,0,0,222
0,0,0,0,0,0,0,0,0,0,0,0,0,0,0,0.323233,3.792492,5.541841,9.085933,13.855185,12.990569,14.170303,20.25097,11.980193,9.455879,6.169657,4.942175,10.906825,7.325828,4.067451,4.470642,5.110178,4.713058,5.560833,2.814943,8.500695,9.542959,2.566293,0.155355,0,0,0,0,0,0,0,0,0,0,0,0,202
0,0,0,0,0,0,0,0,0,0,0,0,0,0,0,0,0,0.829194,5.940711,13.328315,11.010134,11.964984,17.063958,10.025192,6.212312,3.913866,3.041422,3.948532,3.607135,3.504001,2.48768,3.680725,1.806784,2.6783,3.8259,3.344259,6.834754,3.252577,1.533432,0.127622,0,0,0,0,0,0,0,0,0,0,0,90.11
0,0,0,0,0,0,0,0,0,0,0,0,0,0,0,0,0,0.184067,5.363038,10.56923,14.090951,18.933633,19.715487,21.340385,17.799789,17.798253,18.626455,15.200382,13.405184,11.940512,11.547739,1.871776,1.555164,1.970889,2.69699,1.395863,4.959645,3.23808,0.0609,0,0,0,0,0,0,0,0,0,0,0,0,231
0,0,0,0,0,0,0,0,0,0,0,0,0,0,0,0,0,0,0,0,0,4.717978,29.846097,38.692577,31.356066,24.106346,20.420677,28.593636,12.856674,3.461202,1.844075,1.505082,1.023259,1.59446,0.991571,1.785293,1.309068,0.020189,0,0,0,0,0,0,0,0,0,0,0,0,0,122.7
0,0,0,0,0,0,0,0,0,0,0,0,0,0.491918,0.696723,2.040301,1.684348,0.067481,1.406663,3.111109,5.510228,5.573567,19.300139,25.769007,22.874626,14.046963,14.686543,16.547801,6.297395,3.554367,2.310097,6.658181,5.111192,9.382136,1.625796,0,0,0,0,0,0,0,0,0,0,0,0,0,0,0,0,99.8
0,0,0,0,0,0,0,0,0,0,0,0,0,0,0,0,0,0,0,0,1.323629,13.268864,22.496923,25.722588,18.347625,15.601406,17.610858,14.372838,4.592347,1.713614,0.623098,0.640445,1.408212,0.821569,0.565174,0.957722,2.562634,1.642132,0.97748,1.448238,0.583733,0,0,0,0,0,0,0,0,0,0,54
0,0,0,0,0,0,0,0,0,0,0,0,0,0,0,0,0,0,0,0,0.774163,6.546536,27.400281,41.162496,38.114022,29.742037,22.703712,20.691983,8.525481,1.249692,0.538938,1.253983,1.305793,0.333644,0.777841,1.38904,2.624984,1.791085,0.899594,1.869004,0.119302,0,0,0,0,0,0,0,0,0,0,142
0,0,0,0,0,0,0,0,0,0,0,0,0,0,0,0,0,0.150065,1.687512,5.631086,12.291326,20.027215,17.761632,12.665017,8.766422,5.108574,2.835394,2.873991,1.58079,2.642591,2.533429,1.404713,1.750702,1.584108,2.984583,3.541999,4.055676,4.291475,3.064268,0.326462,0,0,0,0,0,0,0,0,0,0,0,105
0,0,0,0,0,0,0,0,0,0,0,0,0,0,0,0,0,0,0,0.055615,6.083929,29.988022,28.945392,22.067051,15.937441,9.731702,16.750214,5.596165,1.337734,1.554481,1.790899,1.143063,1.489217,1.347801,2.539916,3.461996,1.402738,1.713762,4.836732,4.493551,0.003748,0,0,0,0,0,0,0,0,0,0,86
0,0,0,0,0,0,0,0,0,0,0,0,0,0,0,0,0,0,0,0,3.281665,22.583801,33.543038,28.397617,22.324913,15.026076,20.667177,8.354086,2.815006,1.884503,2.102184,1.955512,1.077252,1.357743,2.832488,5.963776,2.762677,2.164795,3.55957,0.1533,0,0,0,0,0,0,0,0,0,0,0,120.6
0,0,0,0,0,0,0,0,0,0,0,0,0,0,0,0,0.177157,1.151551,3.080799,3.961692,9.967981,12.625869,11.425314,9.811655,9.830722,6.994153,4.27399,3.875183,4.326339,2.66581,4.187341,5.353357,2.827398,3.526514,2.621554,2.08193,1.916207,1.300353,0,0,0,0,0,0,0,0,0,0,0,0,0,54.5
0,0,0,0,0,0,0,0,0,0,0,0,0,0,0,0,0,0,0,2.48498,8.222758,19.364516,25.964682,28.195916,20.685569,20.587211,19.084129,20.293219,8.009424,7.682735,4.529048,9.453584,5.692211,5.547326,0.70934,0,0,0,0,0,0,0,0,0,0,0,0,0,0,0,0,193
0,0,0,0,0,0,0,0,0,0,0,0,0,0,0.229569,1.416484,2.05828,1.098368,2.047107,3.991671,7.835219,8.971043,10.495041,13.7589,8.731967,9.981417,13.319387,4.60187,8.227612,16.307577,13.715903,7.364227,0,0,0,0,0,0,0,0,0,0,0,0,0,0,0,0,0,0,0,88.4
0,0,0,0,0,0,0,0,0,0,0,0,0,0,0,0,0,5.228745,12.623601,9.600032,11.721637,7.673081,5.826971,5.041861,6.953878,4.038543,3.96627,10.794157,7.373955,2.954937,18.866373,16.737509,8.595611,0,0,0,0,0,0,0,0,0,0,0,0,0,0,0,0,0,0,120.8
0,0,0,0,0,0,0,0,0,0,0,0,0,0,0,0.728729,3.881171,4.611319,5.059551,5.997651,4.66019,4.773482,6.55741,7.12778,4.827942,9.806445,11.767314,9.885366,13.971446,22.525408,9.27013,3.998547,0,0,0,0,0,0,0,0,0,0,0,0,0,0,0,0,0,0,0,93
0,0,0,0,0,0,0,0,0,0,0,0,0,0,0,0,0,0,0,2.766876,9.16711,13.117352,21.079041,61.961068,86.145063,71.037895,55.740929,38.533721,27.769827,8.073005,10.455233,8.963202,3.388763,0.100325,0,0,0,0,0,0,0,0,0,0,0,0,0,0,0,0,0,373
0,0,0,0,0,0,0,0,0,0,0,0,0,0,0,0,0,0,0.144212,5.381208,9.253887,14.659151,26.595236,66.551147,86.056378,68.924709,57.715517,33.936572,34.459557,5.695106,7.915311,8.71355,8.063135,3.15075,0.048663,0,0,0,0,0,0,0,0,0,0,0,0,0,0,0,0,385
0,0,0,0,0,0,0,0,0,0,0,0,0,0,0,0,0,0,0.152026,5.386264,9.244847,14.578681,26.909664,70.661346,90.375794,72.996007,61.797754,35.573099,35.99371,5.780966,7.93488,8.716163,8.080041,3.133331,0.043998,0,0,0,0,0,0,0,0,0,0,0,0,0,0,0,0,402
0,0,0,0,0,0,0,0,0,0,0,0,0,0,0,0,0,0,0,2.788386,8.987815,13.292232,21.79063,70.872326,102.350502,85.674807,65.27897,44.154311,32.321057,8.073622,10.52024,8.984578,3.361218,0.101085,0,0,0,0,0,0,0,0,0,0,0,0,0,0,0,0,0,400
0,0,0,0,0,0,0,0,0,0,0,0,0,0,0,0,1.842784,7.52819,5.526701,4.844136,4.860149,10.254794,4.53121,3.800706,14.076218,21.845064,17.03071,26.84278,30.321005,18.688596,1.841156,0,0,0,0,0,0,0,0,0,0,0,0,0,0,0,0,0,0,0,0,219
0,0,0,0,0,0,0,0,0,0,0,0,0,0,0,1.375912,5.053255,3.733626,2.545,5.456659,3.672925,6.416969,7.443612,0.627204,20.430061,18.093512,37.160383,20.913677,35.004148,11.233436,0,0,0,0,0,0,0,0,0,0,0,0,0,0,0,0,0,0,0,0,0,209
0,0,0,0,0,0,0,0,0,0,0,0,0,0,0,0,0,0.409479,1.279348,4.883901,0.455653,3.447989,6.638313,2.330491,8.188259,54.998391,73.35518,9.632567,0,0,0,0,0,0,0,0,0,0,0,0,0,0,0,0,0,0,0,0,0,0,0,35.7
0,0,0,0,0,0,0,0,0,0,0,0,0,0,0,0,0.00977,0.577714,1.757499,5.003162,1.97228,4.957069,10.584482,4.69351,11.048485,30.853733,71.197603,30.660104,0.157398,0,0,0,0,0,0,0,0,0,0,0,0,0,0,0,0,0,0,0,0,0,0,59.5
0,0,0,0,0,0,0,0,0,0,0,0,0,0,0,0.090681,2.102633,5.677343,5.506306,4.875065,4.14213,3.938426,4.537155,3.125971,4.117208,5.041394,5.732407,15.94143,31.754881,15.183918,0.214002,0,0,0,0,0,0,0,0,0,0,0,0,0,0,0,0,0,0,0,0,-27
0,0,0,0,0,0,0,0,0,0,0,0,0,0,0.472804,3.955567,6.723346,5.806295,4.261094,4.555021,3.614895,2.2618,2.193473,1.80306,2.271608,3.426509,3.380926,3.249116,8.247125,16.309626,19.289039,7.860028,0.866237,0,0,0,0,0,0,0,0,0,0,0,0,0,0,0,0,0,0,3.5
0,0,0,0,0,0,0,0,0,0,0,0,0,0,0,0,0.442546,4.420442,5.246142,5.173757,4.697816,4.699802,5.716481,2.608758,6.823165,6.909465,23.149006,32.25699,18.308486,9.135831,0.084541,0,0,0,0,0,0,0,0,0,0,0,0,0,0,0,0,0,0,0,0,-18
0,0,0,0,0,0,0,0,0,0,0.299507,2.690377,1.123713,2.003138,1.10033,0.543438,0.272492,0.258077,0.723018,1.118781,2.470535,1.312172,1.723763,3.217582,4.605689,18.863296,55.743095,37.102032,6.795615,0.256752,0,0,0,0,0,0,0,0,0,0,0,0,0,0,0,0,0,0,0,0,0,-16.34
0,0,0,0,0,0,0,0,0,0,0,0,2.114425,4.508279,4.109371,3.184277,1.992755,1.583339,0.711187,1.612521,1.634527,1.524963,2.337729,3.665749,2.603387,5.189335,18.993433,38.134165,27.153572,14.772916,0.285539,0,0,0,0,0,0,0,0,0,0,0,0,0,0,0,0,0,0,0,0,6.2
0,0,0,0,0,0,0,0,0,0,0,0,0,0,0,0,0.17129,2.943825,9.633681,11.087427,8.946976,6.088064,6.285863,3.831559,6.252642,8.718715,12.115974,21.179227,38.742524,17.573617,4.060223,0,0,0,0,0,0,0,0,0,0,0,0,0,0,0,0,0,0,0,0,102
0,0,0,0,0,0,0,0,0,0,0,0,0,0.07527,2.244742,5.361899,1.669683,3.313498,2.337659,3.724615,3.116879,5.953768,1.991544,3.177321,10.981416,6.004799,0.344127,6.686754,18.471073,13.57656,19.837269,0.072273,0,0,0,0,0,0,0,0,0,0,0,0,0,0,0,0,0,0,0,97
0,0,0,0,0,0,0,0,0,0,0,0,0,0,2.205694,5.411306,2.016869,3.288314,2.695841,3.014514,2.090528,4.266142,4.265061,2.893586,7.028556,8.369476,2.06721,3.166111,18.140876,13.319896,18.917213,0.511847,0,0,0,0,0,0,0,0,0,0,0,0,0,0,0,0,0,0,0,67.9
0,0,0,0,0,0,0,0,0,0,0,1.187838,2.331245,0.670462,2.063377,0.967898,0.293689,0.812672,0.936506,3.523747,3.513123,4.107267,5.28728,6.808045,3.45311,6.987901,29.050258,40.739782,24.102939,2.536842,0,0,0,0,0,0,0,0,0,0,0,0,0,0,0,0,0,0,0,0,0,50
0,0,0,0,0,0,0,0,0,0,0,0,0,0,0,0,0.270072,0.640189,3.835101,7.283475,2.415162,3.121383,13.809278,6.340179,0.131057,16.482576,26.082908,43.717604,14.581916,0,0,0,0,0,0,0,0,0,0,0,0,0,0,0,0,0,0,0,0,0,0,103
0,0,0,0,0,0,0,0,0,0,0,0,0,0,0,0,0,2.106278,11.703153,9.243693,5.426543,7.906878,5.368022,1.988401,3.110111,2.243795,1.245045,2.64379,4.750746,2.25089,7.064446,14.528054,11.819679,0.157647,0,0,0,0,0,0,0,0,0,0,0,0,0,0,0,0,0,26
0,0,0,0,0,0,0,0,0,0,0,0,0.801208,3.106419,1.562711,1.417053,0.948051,0.60898,1.714361,3.2655,4.218406,1.79378,7.696707,6.872173,1.506406,10.478991,20.949745,37.153521,25.844602,4.681386,0,0,0,0,0,0,0,0,0,0,0,0,0,0,0,0,0,0,0,0,0,30.2
0,0,0,0,0,0,0,0,0,0,0,0,0,0,0,0,0,0.23027,2.45418,9.486337,5.351353,1.473088,16.13423,9.783839,1.190607,23.027775,27.43545,61.81142,8.940232,0,0,0,0,0,0,0,0,0,0,0,0,0,0,0,0,0,0,0,0,0,0,138
0,0,0,0,0,0,0,0,0,0,0,0.271683,2.774092,1.38431,1.510393,1.201863,0.627423,0.221728,0.919052,1.961691,4.722227,3.843132,4.424794,6.80127,3.639568,8.738589,27.828508,40.020545,21.233428,2.537755,0,0,0,0,0,0,0,0,0,0,0,0,0,0,0,0,0,0,0,0,0,30
0,0,0,0,0,0,0,0,0,0,0,0.404147,3.284717,1.218827,1.942983,0.941675,0.447929,0.369704,0.674924,1.673675,3.1357,3.068058,1.704707,5.004454,4.036146,8.101865,31.841731,38.534197,16.641593,1.441919,0,0,0,0,0,0,0,0,0,0,0,0,0,0,0,0,0,0,0,0,0,-11.96
0,0,0,0,0,0,0,0,0,0,0,0,0,0,0,0,0.245243,3.593406,5.010683,5.094923,5.765526,8.283298,8.399334,3.002504,9.613969,7.193638,3.808222,15.90823,23.316385,22.240255,1.215464,0,0,0,0,0,0,0,0,0,0,0,0,0,0,0,0,0,0,0,0,32.05
0,0,0,0,0,0,0,0,0,0,0,0,0,0,0.138725,4.233556,4.959237,4.38365,4.334074,2.648257,1.380801,1.600947,2.998575,2.529795,3.037466,3.488735,10.168714,22.16481,20.908351,6.828429,7.767128,3.13392,0,0,0,0,0,0,0,0,0,0,0,0,0,0,0,0,0,0,0,-26.1
0,0,0,0,0,0,0,0,0,0,0,0,0,0.017988,0.628272,0.978926,2.240555,0.784058,1.199241,1.387199,1.575125,4.147942,3.867573,4.755851,12.247529,39.18718,48.187896,5.833377,4.335998,3.492541,4.122329,2.447324,0.037866,0,0,0,0,0,0,0,0,0,0,0,0,0,0,0,0,0,0,-27.4
0,0,0,0,0,0,0,0,0,0,0,0,0,0,0,0,0,0,0,0,0.181708,1.257857,2.301126,3.435571,19.012501,79.751184,41.168919,0.008754,0,0,0,0,0,0,0,0,0,0,0,0,0,0,0,0,0,0,0,0,0,0,0,-36.8
0,0,0,0,0,0,0,0,0,0,0,0,0,0,0,0,0,0.262329,3.960799,5.051883,4.100213,3.063995,3.224588,5.569425,8.447859,30.065192,77.016484,24.878112,0,0,0,0,0,0,0,0,0,0,0,0,0,0,0,0,0,0,0,0,0,0,0,-5.9
0,0,0,0,0,0,0,0,0,0,0,0,0,0,0,0,1.229721,1.754464,1.981756,2.508523,1.291995,3.519354,5.023235,3.897229,11.607909,26.652013,75.836009,20.191671,0,0,0,0,0,0,0,0,0,0,0,0,0,0,0,0,0,0,0,0,0,0,0,-5.91
0,0,0,0,0,0,0,0,0,0,0,0,0,0,0,0,0,0.547762,1.728415,7.104161,1.113423,3.654907,10.31405,3.240046,3.808946,27.993432,57.65663,31.943009,0,0,0,0,0,0,0,0,0,0,0,0,0,0,0,0,0,0,0,0,0,0,0,47.6
0,0,0,0,0,0,0,0,0,0,0,0,0,0,0,0,0,0.302298,1.922986,8.512376,3.3191,1.784408,14.584459,6.30216,1.991819,26.131645,39.866233,53.553908,0.952559,0,0,0,0,0,0,0,0,0,0,0,0,0,0,0,0,0,0,0,0,0,0,92.83
0,0,0,0,0,0,0,0,0,0,0,0,0,0,0,0,0,0.459647,1.705076,9.30365,2.588388,2.150947,14.10033,6.067857,1.732485,25.323139,40.548799,53.263615,0.942178,0,0,0,0,0,0,0,0,0,0,0,0,0,0,0,0,0,0,0,0,0,0,96
0,0,0,0,0,0,0,0,0,0,0,0,0,0,0.297824,3.741474,3.586426,3.119814,2.98102,4.14653,7.262817,3.999385,1.78341,12.360319,10.332578,1.814007,16.538039,18.774828,25.649656,9.152965,8.156786,4.808322,0,0,0,0,0,0,0,0,0,0,0,0,0,0,0,0,0,0,0,86.5
0,0,0,0,0,0,0,0,0,0,0,0,0,0,0,0,0,0.446681,3.122825,3.401111,4.51396,7.959935,23.862752,28.629716,23.939363,20.011985,20.162698,14.578348,4.839879,9.481329,9.202582,11.512683,4.805493,0,0,0,0,0,0,0,0,0,0,0,0,0,0,0,0,0,0,182
0,0,0,0,0,0,0,0,0,0,0,0,0,0,0,0,0,0.457335,3.163239,3.451033,4.579982,9.964704,22.209664,18.998132,12.871358,13.661472,15.750615,9.107043,2.079147,9.370913,9.246425,11.67884,4.515549,0,0,0,0,0,0,0,0,0,0,0,0,0,0,0,0,0,0,130
0,0,0,0,0,0,0,0,0,0,0,0,0,0,0,0,0.395646,0.752605,3.207885,2.777485,0.43699,4.901019,5.847247,2.361153,3.979947,25.954685,37.490033,24.881363,3.353302,0,0,0,0,0,0,0,0,0,0,0,0,0,0,0,0,0,0,0,0,0,0,-3.9
0,0,0,0,0,0,0,0,0,0,0,0,0,0,0,0,0.542361,0.970893,2.388175,0,0.817419,4.091016,3.609808,2.59417,7.025463,27.371521,39.017548,16.322307,0.735119,0,0,0,0,0,0,0,0,0,0,0,0,0,0,0,0,0,0,0,0,0,0,-57.8
0,0,0,0,0,0,0,0,0,0,0,0,0,0,0,0,0.82721,1.195524,5.39542,0.384706,0.605733,7.289578,4.695804,1.79109,4.182911,26.570092,32.991766,31.280266,5.306889,0,0,0,0,0,0,0,0,0,0,0,0,0,0,0,0,0,0,0,0,0,0,22.79
0,0,0,0,0,0,0,0,0,0,0,0,0,0,0,0,0.564054,0.98263,2.354746,0,2.061064,7.213772,6.576557,7.690835,6.988537,17.325784,29.63595,34.036647,4.436083,0,0,0,0,0,0,0,0,0,0,0,0,0,0,0,0,0,0,0,0,0,0,-2.5
0,0,0,0,0,0,0,0,0,0,0,0,0,0,0,0,0,0.110445,0.480522,2.208769,2.011041,5.042136,10.073011,8.202871,6.009519,15.620237,32.832739,28.493232,3.642189,0,0,0,0,0,0,0,0,0,0,0,0,0,0,0,0,0,0,0,0,0,0,-28.3
0,0,0,0,0,0,0,0,0,0,0,0,0,0,0,0,0,0.304731,0.870496,2.317922,0.033809,2.857535,3.575438,1.491788,10.534597,49.462377,55.864383,2.217494,0,0,0,0,0,0,0,0,0,0,0,0,0,0,0,0,0,0,0,0,0,0,0,-39.2
0,0,0,0,0,0,0,0,0,0,0,0,0,0,0,0,0.099049,1.01386,1.142018,1.57404,0.908666,1.229905,3.890938,3.718986,12.040874,27.847854,60.608485,5.691136,0,0,0,0,0,0,0,0,0,0,0,0,0,0,0,0,0,0,0,0,0,0,0,-78.1
0,0,0,0,0,0,0,0,0,0,0,0,0,0,0,0.515032,2.011799,3.773532,5.003995,5.405695,3.266834,6.257291,3.983915,3.684906,7.788543,6.572469,3.426305,4.384476,14.395747,11.340211,14.426383,2.501201,0.143336,0,0,0,0,0,0,0,0,0,0,0,0,0,0,0,0,0,0,16
0,0,0,0,0,0,0,0,0,0,0,0,0,0,0,0,0.387058,4.611903,4.971944,5.33657,5.223979,5.239281,8.165349,2.371837,6.636721,6.261772,3.192563,12.834978,24.389529,21.107311,0.965307,0,0,0,0,0,0,0,0,0,0,0,0,0,0,0,0,0,0,0,0,-9.12
0,0,0,0,0,0,0,0,0,0,0,0,0,0,0,0.048763,1.875296,3.973453,4.939215,5.572522,3.137658,3.375652,3.610319,3.732441,4.232002,3.821191,3.997304,3.526172,6.268027,10.664173,12.029241,5.211198,0.581193,0,0,0,0,0,0,0,0,0,0,0,0,0,0,0,0,0,0,-72
0,0,0,0,0,0,0,0,0,0,0,0,0,0,0,0.932161,2.897365,1.874023,2.563799,2.994423,2.44374,3.472524,16.298505,28.224407,29.945903,23.098207,18.538153,17.012557,8.615569,0.913161,1.525111,0.455225,1.134993,0.688663,0.606352,1.139149,0.602985,0.248362,0.112304,1.002682,1.150163,0.38725,0.723761,0.699262,0.928332,0.552042,0.708194,0.139954,0,0,0,132
0,0,0,0,0,0,0,0,0,0,0,0,0,0,0.07455,1.242858,3.258837,1.331769,2.75113,2.735449,2.293466,3.092167,13.058378,30.80578,37.629098,29.431687,23.10832,17.362873,10.369544,1.812192,1.25867,0.439782,0.867083,0.594741,0.626952,1.004219,0.421338,0.416977,0.235238,0.736402,1.478502,0.390494,0.53993,0.445664,0.670871,0.657132,0.707137,0.191501,0,0,0,153
0,0,0,0,0,0,0,0,0,0,0,0,0,0,0,0.98568,3.016237,1.650467,2.576241,2.925544,2.454841,3.55012,16.946803,35.05835,40.421842,31.462248,25.032544,19.288376,12.706348,1.653931,1.868755,0.419982,0.32914,0.502473,0.949099,1.117134,0.375464,0.210805,1.242505,0.824126,0.141163,0.797556,0.677739,1.006327,0.461395,0.495704,0.977117,0.141752,0,0,0,178.6
0,0,0,0,0,0,0,0,0,0,0,0,0,0,0.073513,1.247341,3.210685,1.327055,2.813778,2.684035,2.285951,3.132339,13.920562,37.368049,48.281858,37.264237,30.07117,20.756471,13.933207,1.992266,1.233385,0.460654,0.880338,0.659186,0.628936,0.936985,0.48378,0.336929,0.238735,0.843455,1.444147,0.324497,0.480718,0.589434,0.609343,0.767268,0.569045,0.219467,0,0,0,198
0,0,0,0,0,0,0,0,0,0,0,0,0,0,0,0.982889,2.989589,1.727047,2.526527,2.958489,2.492746,3.445656,17.855906,41.157877,50.846261,39.812728,32.359854,22.956923,16.257707,0.966239,1.603516,0.414928,1.133747,0.68837,0.617236,1.132804,0.632967,0.233255,0.0906,0.983493,1.201056,0.376389,0.70127,0.702897,0.926325,0.558261,0.701094,0.140835,0,0,0,217
0,0,0,0,0,0,0,0,0,0,0,0,0,0,0.074977,1.281391,3.222599,1.33153,2.773646,2.704623,2.268743,3.156778,14.938267,46.804455,63.9208,50.080344,40.62671,24.876659,19.758008,1.874266,1.281819,0.437903,0.874259,0.59858,0.616415,1.01522,0.423441,0.416428,0.232198,0.736062,1.483341,0.388264,0.541938,0.449209,0.662967,0.666737,0.696458,0.192575,0,0,0,255
0,0,0,0,0,0,0,0,0,0,0,0,0,0,0,0.183503,1.030871,1.088493,0.968083,1.069766,4.978621,14.960241,21.809285,23.242658,18.568735,17.841477,18.697397,10.425929,5.722816,4.900664,3.709096,2.03431,3.057936,3.498636,2.236453,0.751286,0.661912,0.551264,0.437927,0.889643,0.6275,0.35572,0.441559,0.375221,0,0,0,0,0,0,0,104.7
0,0,0,0,0,0,0,0,0,0,0,0,0,0,0,0,0,0,0.040253,7.17562,15.204468,19.609787,24.883872,21.55253,20.724624,19.758709,13.171957,16.498437,12.129003,6.418279,8.145887,8.405597,3.369961,5.242404,1.184352,0.839612,1.15268,1.5483,0.333332,0.029319,0.684381,0.180747,0,0,0,0,0,0,0,0,0,150
0,0,0,0,0,0,0,0,0,0,0,0,0,0,0.486547,4.571719,7.086446,4.966934,7.050788,6.707719,8.050995,14.766991,14.896395,18.06966,13.724573,10.339527,9.610979,4.364891,3.313082,4.933315,1.856079,1.780321,2.404339,1.874358,2.353756,2.137697,1.596701,0.280749,1.078062,4.316202,2.292241,1.373826,1.044207,2.573289,1.150493,1.769466,0.871652,0.054673,0,0,0,206.5
0,0,0,0,0,0,0,0,0,0,0,0,0,0,0.770421,6.325326,9.444185,8.054543,9.070365,9.458642,13.776104,25.36561,24.284113,33.830315,25.532119,20.420726,19.824073,6.372243,6.0816,9.01788,3.863708,2.716873,4.104051,2.33844,2.876187,3.286539,3.122747,0.280896,2.396256,7.127151,3.826687,2.659256,1.227404,3.389404,2.036113,1.898598,0.859103,0.033474,0,0,0,341.5
0,0,0,0,0,0,0,0,0,0,0,0,0,0,0,0,0,0,0,0,0.466004,7.71583,24.330329,30.430748,42.008587,36.499531,32.574727,33.745089,8.037282,2.420742,2.009603,0.912633,0.195675,0.109428,0.055455,1.325307,0.266009,0,0,0.694396,1.454884,0.037,0.07968,0,0,0,0,0,0,0,0,153
0,0,0,0,0,0,0,0,0,0,0,0,0,0,0,2.75792,4.943017,3.639615,6.270608,10.782569,10.141792,4.886598,4.991061,8.16636,4.73823,6.389668,5.787307,5.224344,2.927855,5.260036,3.931645,3.658127,3.461264,4.013238,4.009605,5.614288,4.210099,2.641449,0.170236,0,0,0,0,0,0,0,0,0,0,0,0,117
0,0,0,0,0,0,0,0,0,0,0,0,0,0,0,0,0,0,0.285035,4.054453,6.220849,10.990015,21.431952,20.364873,18.878664,17.23479,11.509398,12.356111,3.437096,4.150373,2.88615,5.972959,7.500488,7.130742,0,0,0,0,0,0,0,0,0,0,0,0,0,0,0,0,0,125
0,0,0,0,0,0,0,0,0,0,0,0,0,0,0,0,0,0,0,0.661081,3.880288,10.835978,25.368311,27.686919,22.430309,23.124397,14.76113,7.676233,2.234664,4.150533,2.420281,5.784229,6.008619,8.944576,0.294352,0,0,0,0,0,0,0,0,0,0,0,0,0,0,0,0,172
0,0,0,0,0,0,0,0,0,0,0,0.424835,1.210203,1.389272,1.954924,1.285151,2.331134,2.20817,2.468361,4.147264,10.164257,14.416937,16.962932,14.846053,13.857171,10.642951,9.87797,7.62776,4.603178,6.963477,6.95372,8.398031,10.00342,7.92316,5.868833,1.390266,0.021271,0,0,0,0,0,0,0,0,0,0,0,0,0,0,213
0,0,0,0,0,0,0,0,0,0,0,0,0.212342,1.993492,4.224943,5.306791,4.562294,5.239376,5.633818,5.192248,7.001435,9.883698,7.651252,7.364142,6.00325,6.122319,5.114269,5.789933,8.226334,8.691276,9.846152,10.927268,8.07073,6.002536,1.745864,1.732362,1.247744,1.273846,1.003004,1.872107,0.002628,0,0,0,0,0,0,0,0,0,0,257
0,0,0,0,0,0,0,0,0,0,0,0,0,0.051117,0.71961,2.015663,0.519344,1.234278,2.035556,3.238146,7.695316,9.718883,10.314015,10.628315,8.648897,8.687352,9.881981,6.742073,4.118901,2.615096,1.769575,1.305348,0.60861,1.603584,0.861572,0.167108,0.202181,2.376082,1.304868,0.928427,0.693193,0.183422,1.511891,0.499698,0.781286,0.018553,0,0,0,0,0,67
0,0,0,0,0,0,0,0,0,0,0,1.374831,5.698003,3.135716,4.038914,4.127666,4.831678,6.094656,3.959115,6.12337,7.751076,6.633843,6.054866,5.14203,6.919652,3.606006,3.542833,4.540507,5.657243,7.478058,4.603739,5.00273,10.760486,16.160021,8.977517,5.880839,0.930323,0,0,0,0,0,0,0,0,0,0,0,0,0,0,282
0,0,0,0,0,0,0,0,0,0,0,0,0,0,0,0.383399,1.416225,2.65923,2.256285,2.213953,4.610297,16.398569,32.70157,32.197186,33.418275,23.968013,23.020314,37.837204,13.406917,2.856432,5.02376,2.008713,0.197117,0.916179,0.623525,0.716833,0.540603,0.916982,0.391946,1.005202,3.772399,0.518473,0.52333,0.775765,0.611277,0.112138,0,0,0,0,0,189
0,0,0,0,0,0,0,0,0,0,0,0,0,0,0.072171,0.793923,3.704955,0.911231,2.214919,3.431094,2.570235,2.386374,10.296596,19.706497,24.887499,19.845409,11.024743,13.867215,5.482406,1.538384,0.908549,1.123082,0.601538,0.433745,0.737337,0.601549,0.892604,0.407866,0,0.505429,1.488734,0.668766,0.339942,0.223237,0.749113,0.902592,0.458708,0,0,0,0,108.5
0,0,0,0,0,0,0,0,0,0,0,0,0,0,0,0.002352,0.319205,1.105925,0.868435,1.157194,1.380928,1.933444,19.23666,42.25779,48.724335,36.81969,34.019253,27.854644,9.538835,2.231954,1.848731,1.332633,0.862239,0.72897,1.251364,0.518547,0.465788,0.327507,0.640481,0.136533,0.589514,0.349752,0.730677,0.092235,0.024445,0,0,0,0,0,0,251
0,0,0,0,0,0,0,0,0,0,0,0,0,0,0,0.320135,1.303199,0.970656,1.025,1.129196,1.378778,6.46106,12.559624,24.429226,33.90445,28.316168,24.511533,13.862742,3.73041,1.073943,1.39767,1.076094,0.453509,0.319458,0.826803,0.682647,0.652896,0.407738,0.595447,0.632121,0.662631,0.274097,0.722012,0.772338,0.350911,0.245388,0.126311,0,0,0,0,147
0,0,0,0,0,0,0,0,0,0.171811,0.504561,2.058893,0.464046,0.550719,0.74512,2.915997,5.76032,4.075922,4.624073,4.768214,7.330185,14.380787,17.48578,19.313829,15.133431,9.309704,6.894631,2.673073,3.265344,4.220398,2.325744,1.569283,1.680686,2.121221,2.125712,2.673739,1.633187,2.004369,2.947273,4.375793,2.848053,2.359359,1.379162,0.6413,2.08534,0.139381,0,0,0,0,0,242
0,0,0,0,0,0,0,0,0,0,0,0,0,0,0.116035,0.312223,1.712259,0.58153,0.285543,4.700899,13.729494,16.990734,20.196932,15.957473,14.090317,13.025949,7.849355,12.252626,7.977905,5.897721,7.71339,6.826404,3.954908,4.54736,0.554701,0.368894,0.251429,1.202408,1.386943,0.20034,0.530635,0.318897,0.342657,0.466556,0.000174,0,0,0,0,0,0,112
0,0,0,0,0,0,0,0,0,0,0,0,0,0,0,0.261785,4.70666,7.830498,9.873028,7.237368,9.780391,12.131113,20.641617,14.695273,8.106353,5.673474,4.228384,5.704583,6.262513,6.746626,16.340402,14.112635,6.659331,5.718275,5.894569,4.237245,0.231307,0,0,0,0,0,0,0,0,0,0,0,0,0,0,296
0,0,0,0,0,0,0,0,0,0,0,0,0,0,0.197638,3.990503,10.281594,10.881952,6.983253,5.844605,4.975339,5.167149,7.542672,10.806411,9.924116,12.813232,11.114781,4.573537,8.528306,11.384451,19.622544,11.907235,5.626421,5.834999,5.501422,0.953808,0,0,0,0,0,0,0,0,0,0,0,0,0,0,0,319
0,0,0,0,0,0,0,0,0,0,0,0,0,0,0,1.989841,7.837683,7.634511,8.024653,4.992803,9.650321,11.115979,11.464469,18.841015,11.699767,8.073138,4.053056,7.205629,5.043132,7.505305,16.651959,12.174807,6.903294,5.32831,5.371816,5.046818,0.453834,0,0,0,0,0,0,0,0,0,0,0,0,0,0,297
0,0,0,0,0,0,0,0,0,0,0,0,0,0,0,1.201615,7.380542,9.240004,10.074935,9.33632,8.542245,10.08858,9.568722,17.201633,13.700053,10.601259,10.482984,4.515214,4.235287,8.189105,13.708455,16.538644,8.303055,5.449677,5.10738,5.229181,0.573031,0,0,0,0,0,0,0,0,0,0,0,0,0,0,285
0,0,0,0,0,0,0,0,0,0,0,0,0,0,0,0.431601,6.109805,8.947218,10.534339,22.492104,25.72348,8.698884,2.446619,2.170984,3.762591,6.293917,11.108846,6.092924,9.464552,18.242398,24.254585,12.031835,8.170785,9.258033,7.348677,0.550193,0,0,0,0,0,0,0,0,0,0,0,0,0,0,0,315
0,0,0,0,0,0,0,0,0,0,0,0,0,0,0.042814,2.623183,7.460746,7.153943,9.453992,15.153758,19.54919,18.244387,12.2161,7.313441,5.217238,6.341433,6.35788,7.201291,10.525882,15.616678,27.165733,13.813499,8.308913,8.768432,7.57119,0.891006,0,0,0,0,0,0,0,0,0,0,0,0,0,0,0,350
0,0,0,0,0,0,0,0,0,0,0,0,0,0,0,0.041015,1.727487,4.453054,9.46185,10.244056,14.106873,15.861993,17.535435,23.733274,16.176822,5.12652,4.945401,6.674008,5.309562,6.179613,15.605137,13.255642,8.542739,4.906037,5.051732,5.870169,0.933132,0,0,0,0,0,0,0,0,0,0,0,0,0,0,325
0,0,0,0,0,0,0,0,0,0,0,0.59416,2.770496,5.960209,3.18895,3.784887,4.280498,5.344859,7.137743,7.607101,7.685246,6.255177,7.050604,4.907272,5.867342,4.618382,4.095852,4.456332,5.201053,6.288046,7.731345,4.891885,12.93131,12.43708,8.677799,3.048986,2.319122,1.070692,0,0,0,0,0,0,0,0,0,0,0,0,0,267
0,0,0,0,0,0,0,0,0,0,0,0,0,0,0,0,0.285364,2.113396,7.248228,10.492064,11.753414,9.265586,9.227302,12.972064,8.017704,8.7678,9.227625,13.747475,10.998619,14.131431,11.267979,12.995617,4.091041,0,0,0,0,0,0,0,0,0,0,0,0,0,0,0,0,0,0,166.3
0,0,0,0,0,0,0,0,0,0,0,0,0,0,0.458693,2.965287,2.704406,1.830337,2.404386,1.512526,3.812486,11.854627,12.842448,14.538819,21.359783,15.182688,9.691342,1.768109,1.596632,3.736694,1.977871,1.064467,0.73778,1.268661,0.957151,0.540901,1.077061,1.346588,1.247349,0.905741,1.603499,0.256879,1.806095,1.386232,0.781854,0.517024,0.347077,0,0,0,0,148.63
0,0,0,0,0,0,0,0,0,0,0,0,0,0,0,0.000132,4.817773,12.624158,9.65651,5.251084,4.468514,5.211201,4.302842,5.759677,6.060229,8.67116,12.295292,3.768954,2.414809,1.645232,1.711708,2.667391,2.123291,1.569669,1.948821,3.038735,1.68325,2.264804,3.328176,2.564468,2.689178,1.085943,0,0,0,0,0,0,0,0,0,208
0,0,0,0,0,0,0,0,0,0,0,0,0,0,0,0,1.276796,9.622302,10.953573,6.460632,4.103839,4.654882,5.370993,4.501207,7.356309,12.506845,11.795068,3.824555,4.366903,2.301042,0.881481,3.409598,3.237648,0.917957,2.236604,3.527339,1.657721,1.662493,1.844615,2.298018,1.376705,0.472927,0,0,0,0,0,0,0,0,0,123.8
0,0,0,0,0,0,0,0,0.857457,2.173419,0.977105,1.763526,1.211828,0.289529,0.839966,1.905768,2.806421,3.915506,4.319397,6.0008,3.485113,3.876464,5.214754,4.564901,2.668565,5.38686,3.31362,4.366151,5.629917,3.634002,5.464979,5.589409,6.481982,2.158732,2.373143,1.77377,1.279972,1.51857,2.131168,0.87949,1.474245,1.01749,0,0,0,0,0,0,0,0,0,187
0,0,0,0,0,0,0,0,0,0,0,0,3.68715,5.839235,3.664462,2.384657,1.995042,2.824163,3.076546,3.061484,8.448027,8.617789,9.373719,3.108764,5.908151,5.814686,1.833667,3.464325,2.091001,4.675789,4.061364,8.036982,5.75242,11.526076,7.037495,5.97126,1.930244,0,0,0,0,0,0,0,0,0,0,0,0,0,0,186
0,0,0,0,0,0,0,0,0.022605,0.740486,1.529579,1.288398,1.055308,1.866079,1.656983,2.076257,2.555722,3.493104,7.445956,9.819469,6.249388,7.117301,5.900772,7.630228,9.19505,8.516154,11.838073,10.618309,11.474194,12.96232,7.54454,2.777758,6.119241,4.855572,3.933518,2.512173,2.093274,2.674315,1.434063,0,0,0,0,0,0,0,0,0,0,0,0,285
0,0,0,0,0,0,0,0,0,0,0.409553,2.873103,2.725568,2.667952,3.661837,2.596886,2.749874,4.216523,6.699334,7.425315,6.536681,5.075503,6.951086,6.138967,8.23209,11.527501,13.829796,13.290031,9.989804,3.482445,5.138955,3.220743,9.25255,8.924547,4.845294,4.049705,1.901958,3.485169,0.85556,0,0,0,0,0,0,0,0,0,0,0,0,328
0,0,0,0,0,0,0,0,0,0,1.104823,3.012713,2.266115,2.436021,2.178064,3.408531,3.75237,3.321776,6.397579,7.78311,5.63952,7.449466,5.269942,6.90322,7.368959,6.78482,8.953593,11.154674,14.821564,12.840018,7.863938,9.347035,8.774104,5.210559,3.001326,1.620095,3.466098,1.029767,0,0,0,0,0,0,0,0,0,0,0,0,0,312
0,0,0,0,0,0,0,0,0.076456,1.200293,1.996671,0.426368,1.702676,1.883903,0.278046,0.711832,2.216191,2.798351,5.286288,7.117575,10.968007,10.694711,8.750072,8.892322,5.984845,7.921708,6.096628,6.250492,6.695013,11.935697,8.87561,12.718208,12.285301,9.385114,1.026302,0,0,0,0,0,0,0,0,0,0,0,0,0,0,0,0,254
0,0,0,0,0,0,0,0,0,0,0,0,0,0,0,0,0,1.256245,14.09195,15.577204,13.283392,8.105099,8.088947,6.754202,7.250644,8.447846,10.34777,15.261034,19.286434,15.940963,7.42387,1.338711,0.501203,2.405491,1.126955,0.768943,1.567594,1.13999,1.056951,0.740459,1.235343,0.878,0.469349,0,0,0,0,0,0,0,0,243.2
0,0,0,0,0,0,0,0,0,0,0.329313,2.014815,2.574237,1.96028,2.567664,2.242997,3.033334,5.162062,6.275701,14.806186,13.850312,13.88195,10.335351,9.245357,6.245032,9.018413,10.80966,8.533623,11.702775,11.856569,21.291992,22.003588,17.522514,4.756473,0.774374,0.07573,0,0,0,0,0,0,0,0,0,0,0,0,0,0,0,302
0,0,0,0,0,0,0,0,0.260658,1.327349,1.199123,0.449725,1.909843,1.761921,0.409111,0.870632,0.627288,1.271277,6.497539,13.730559,16.123906,14.270627,11.563167,9.100617,9.18913,9.404464,7.823803,7.535907,20.833778,15.595392,17.137013,16.615214,13.019791,3.114277,0,0,0,0,0,0,0,0,0,0,0,0,0,0,0,0,0,354.6
0,0,0,0,0,0,0,0,0,0,0,0,0,0,0,2.113736,6.724322,10.554213,7.529261,4.746301,4.088863,6.867363,9.844417,10.349828,10.961121,11.292158,11.049658,4.003275,3.341926,2.493206,2.338946,4.291423,4.758325,4.225048,7.109922,5.01841,4.114208,1.475367,1.111841,0.895824,0.488293,0.044285,0,0,0,0,0,0,0,0,0,203
0,0,0,0,0,0,0,0,0,0,0,0,0.094913,1.243501,2.489161,2.047357,1.794584,2.574345,2.15281,3.146441,5.726965,18.221785,22.993358,24.352486,18.331124,17.213206,16.408436,12.532127,6.381695,6.212235,8.04198,6.080361,7.296194,6.303097,5.312296,1.343268,0.921489,0.233736,0.676032,0.738422,0.73883,0.084918,0,0,0,0,0,0,0,0,0,251
0,0,0,0,0,0,0,0,0,0,0,0,0,0,0,0,0,0,3.207886,7.615611,8.224268,8.286153,9.898954,6.439323,6.547248,8.148102,2.688783,3.955357,2.239408,4.064699,3.076578,5.975882,7.031064,6.978464,0,0,0,0,0,0,0,0,0,0,0,0,0,0,0,0,0,38.3
0,0,0,0,0,0,0,0,0,0,0,0,0,0,0,0,0,0,0.448667,4.384023,16.637435,17.024084,20.019193,14.552711,14.131099,23.457845,15.407749,9.194635,8.375807,10.515068,8.276294,1.12441,1.623603,0.656835,1.167885,1.12785,0.95116,1.432651,0.746829,1.805173,0.465634,0.531145,0.585875,0.333052,0,0,0,0,0,0,0,170
0,0,0,0,0,0,0,0,0,0,0,0,0,0,0,0,0,0.08394,3.362125,7.336541,14.210106,13.512724,16.027519,11.130565,11.222923,17.947348,12.24382,8.362131,9.257612,10.918754,8.251816,1.24758,1.555563,0.552794,1.259991,1.043014,1.091165,1.26278,1.058252,1.328017,0.53183,0.472019,0.645245,0.035325,0,0,0,0,0,0,0,144
0,0,0,0,0,0,0,0,0,0,0,0,0,0,0,0,0,0.282935,4.938095,10.023185,15.206292,11.58058,8.816363,8.192713,12.43312,10.847072,8.26693,7.372816,9.2991,10.933768,3.953228,2.002659,0.979408,0.930269,2.66982,0.438425,1.140658,1.674966,1.037287,0.831617,1.026182,1.110148,0.575487,0.135367,0,0,0,0,0,0,0,144.1
0,0,0,0,0,0,0,0,0,0,0,0,0,0,0,0.826313,9.863972,9.320982,12.467806,13.176689,13.462334,9.079255,7.605986,9.447677,7.808941,3.372722,5.824135,4.227281,2.567992,3.165936,2.586296,4.455849,5.0018,9.478035,9.887071,9.057846,7.435885,3.692461,0.086948,0,0,0,0,0,0,0,0,0,0,0,0,270
0,0,0,0,0,0,0,0,0,0,0,0,0,0,0,0,0,0.13845,4.159414,10.751524,15.479281,12.597192,8.209711,9.075603,12.057315,9.664266,9.434846,5.889171,10.036495,12.101228,3.006056,2.035393,0.86338,1.029574,2.580637,0.412609,1.099772,2.137708,0.725302,0.871004,1.103714,1.087995,0.624054,0.157356,0,0,0,0,0,0,0,145.3
0,0,0,0,0,0,0,0,0,0,0,0,0,0,0,0,0,1.24197,6.645933,8.650522,6.57131,4.841817,6.259566,7.044499,4.660118,6.804543,7.111333,5.377324,4.188839,6.276515,5.296414,1.348656,1.644202,3.113644,3.910355,1.902935,1.130562,0.399742,0,0,0,0,0,0,0,0,0,0,0,0,0,54.9
0,0,0,0,0,0,0,0,0,0,0,0,0,0,0,0,0,0,0.779479,2.436493,6.816185,11.491338,21.368755,21.997207,24.855758,19.213286,13.400648,11.274011,4.884408,3.153851,3.277633,3.189313,4.662919,1.615947,1.791506,2.069233,3.243259,0.978977,0.185644,0,0,0,0,0,0,0,0,0,0,0,0,123.4
0,0,0,0,0,0,0,0,0,0,0,0,0,0,0,0,0,0,0,0.154256,5.190711,18.170023,22.909045,23.938971,19.412944,16.047038,27.679903,11.428139,1.847409,1.933811,2.94927,3.337365,4.083102,2.414152,2.572343,1.530246,1.740066,1.785212,0.592392,0,0,0,0,0,0,0,0,0,0,0,0,120.4
0,0,0,0,0,0,0,0,0,0,0,0,0,0,0,0,0,0,0,0.945284,9.007292,14.195414,14.377267,10.577792,17.734172,10.814609,2.325456,3.660986,2.888473,3.387492,4.325923,3.673749,2.85863,1.334146,2.342145,4.001884,0.99703,0.908357,0,0,0,0,0,0,0,0,0,0,0,0,0,95
0,0,0,0,0,0,0,0,0,0,0,0,0,0,0,0,0.099573,4.184197,10.980099,15.906852,14.691552,12.893906,8.889121,11.00119,10.911765,9.700369,12.178743,17.089037,19.224305,27.70516,20.084146,12.194883,0.171152,0,0,0,0,0,0,0,0,0,0,0,0,0,0,0,0,0,0,331.6
0,0,0,0,0,0,0,0,0,0,0,0,0,0,0,0,0.553183,1.562164,3.846659,7.405346,10.401843,10.499007,10.126676,8.95982,11.825291,10.234525,8.677481,8.508771,7.415407,7.071093,7.959126,8.167881,5.845432,4.078904,0.210071,0,0,0,0,0,0,0,0,0,0,0,0,0,0,0,0,112.5
0,0,0,0,0,0,0,0,0,0,0,0,0,0,0,0,1.000458,3.20166,5.245578,4.814388,8.593761,9.231268,11.807866,8.1888,9.028031,12.447663,11.206542,10.007482,6.098354,6.958707,8.031135,7.968349,7.707493,2.463717,0.009329,0,0,0,0,0,0,0,0,0,0,0,0,0,0,0,0,115.4
0,0,0,0,0,0,0,0,0,0.217507,2.395978,2.985036,2.105152,3.242987,2.778183,1.134213,2.534932,1.416412,4.255838,3.901018,3.017446,1.964979,1.361221,2.766776,1.666975,3.45567,1.786532,2.037078,3.578785,3.10268,1.632234,1.449027,2.252459,0.815331,1.048909,1.122387,2.048344,3.293206,6.458921,3.668835,1.43056,0.063828,0,0,0,0,0,0,0,0,0,217
0,0,0,0,0,0,0,0,0,0,0.525092,1.501369,0.604219,1.500803,1.205214,0.797532,0.244689,0.850117,6.284481,8.257274,10.203536,8.321467,6.196712,10.080315,5.314865,3.050333,1.796097,2.644589,3.349622,1.899387,0.689057,0.446059,1.983048,1.168195,1.203841,0.693626,2.133514,1.705639,6.738244,4.284314,2.506558,0.267152,0,0,0,0,0,0,0,0,0,186
0,0,0,0,0,0,0,0,0,0.063939,0.842123,2.711813,2.17498,2.374367,2.31721,2.68375,1.342767,1.794006,2.796966,4.802205,6.544951,6.870629,4.933406,4.641584,7.043819,6.252228,3.267307,2.151718,2.402882,2.30592,2.681788,2.026588,1.262599,1.027174,1.49237,1.133523,1.594719,2.295735,4.44919,4.728651,3.515211,0.658739,0,0,0,0,0,0,0,0,0,222
0,0,0,0,0,0,0,0,0,0,0,0,0,0,0,0,0,0.099911,4.735466,11.113991,13.180986,16.42725,16.384369,18.273393,15.696277,10.549477,13.411368,7.1206,4.163072,1.458092,2.78271,2.115353,2.808358,2.240866,4.08244,2.814738,2.78267,3.427922,1.646595,2.209082,2.10512,0.186414,0,0,0,0,0,0,0,0,0,167.9
0,0,0,0,0,0,0,0,0,0.365703,1.054505,1.143414,0.289961,0.558699,1.020323,1.236556,2.310381,3.800064,5.89541,9.016409,9.439172,7.39231,7.901123,6.600836,7.158653,5.71075,4.979829,7.103111,6.923148,8.482153,8.544222,6.854834,5.718959,2.541913,1.945637,1.108248,1.37549,1.908435,2.118897,1.566334,0.164242,0,0,0,0,0,0,0,0,0,0,168
0,0,0,0,0,0,0,0,0,0,0,0,0,0,0,0,0,0,1.35711,8.480501,14.610425,17.426577,13.237165,17.101023,15.075673,10.886426,4.001181,4.728715,2.596641,2.207913,1.601378,0.197994,0.77504,0.587951,0.277946,1.757406,2.311907,1.985332,1.63035,5.727688,3.05706,1.484527,0,0,0,0,0,0,0,0,0,165.9
0,0,0,0,0,0,0,0,0,0,0,0,0,4.5574,6.305088,2.423794,2.703789,1.955278,1.659895,2.279734,2.992791,1.388367,2.16746,3.357061,2.651626,2.515027,4.556923,15.36804,24.121443,32.221227,2.903241,0.003216,0,0,0,0,0,0,0,0,0,0,0,0,0,0,0,0,0,0,0,5.5
0,0,0,0,0,0,0,0.48362,1.401772,0.669303,0.710172,0.827665,1.226322,0.753845,1.091547,0.707527,0.848491,1.980273,4.975944,12.939212,14.503207,9.680258,9.780609,8.798538,6.527213,6.45673,5.993389,4.75547,9.387061,9.874378,13.556331,11.221341,7.142933,3.75358,2.304321,4.656067,3.23112,0.501118,0,0,0,0,0,0,0,0,0,0,0,0,0,253
0,0,0,0,0,0,0,0,0.042438,0.482533,1.335326,0.691293,0.78732,0.644401,1.180577,1.138214,0.698994,0.563084,1.483946,2.917254,8.36481,16.673252,13.716235,10.529825,12.627157,7.665314,4.062577,2.825406,2.960107,2.558135,2.485156,1.389159,1.384597,2.298533,3.366852,3.510352,2.206528,3.745909,3.87159,2.150542,0.473083,0,0,0,0,0,0,0,0,0,0,124.3
0,0,0,0,0,0,0,0,0,0.523237,1.222532,1.041351,0.497022,0.682818,1.015044,1.184055,0.763246,1.002677,1.045378,1.966802,5.744792,16.053219,20.014666,15.845728,14.673196,9.517187,10.868265,5.67341,2.877687,1.888548,2.274623,1.636981,1.433272,1.873856,2.856907,4.469855,2.603992,3.205929,3.744022,2.106199,0.624406,0,0,0,0,0,0,0,0,0,0,134.7
0,0,0,0,0,0,0,0,0,0.487888,1.209625,1.089607,0.487155,0.686292,1.005706,1.204505,0.741416,1.012776,1.028917,2.066931,4.551606,12.347908,25.643723,25.267983,24.698535,16.771489,13.238523,13.56996,4.916044,2.058831,2.268924,1.699968,1.241833,1.835432,2.660047,4.511135,2.847874,2.880657,3.87335,2.18882,0.629211,0,0,0,0,0,0,0,0,0,0,171
0,0,0,0,0,0,0,0,0.060721,0.483148,1.424518,0.583202,0.883986,0.518443,1.618341,0.679589,0.818882,0.564418,1.553586,3.196096,11.521558,27.459407,22.092645,16.081739,17.41865,11.412164,6.702743,4.041442,3.628068,4.275441,2.614762,1.663263,2.239533,3.571531,7.192442,4.387624,3.082039,5.549738,3.80803,2.082193,0.354455,0,0,0,0,0,0,0,0,0,0,194
0,0,0,0,0,0,0,0,0.040694,0.47273,1.408317,0.629849,0.871768,0.501299,1.661697,0.663526,0.804627,0.592261,1.586592,2.111931,9.462613,26.381772,28.039999,21.447843,19.208149,13.647573,14.023977,6.416879,4.069841,3.712479,2.407698,1.70558,1.911068,3.411942,6.839778,5.369043,3.653445,4.61249,3.880704,2.097896,0.386511,0,0,0,0,0,0,0,0,0,0,202
0,0,0,0,0,0,0,0,0,0.412284,1.382329,0.835486,0.531518,0.854284,1.495493,4.65712,2.645387,3.007444,4.361755,4.357504,9.670848,16.89289,17.651123,12.588554,12.626087,9.299093,5.629851,4.613323,4.1418,2.130885,3.213035,2.494391,1.75486,2.802287,4.725924,4.705699,2.333427,3.426388,3.910431,3.716862,0.677675,0.348872,0.620346,0.664342,0.755626,0.5129,0.209464,0,0,0,0,223.1
0,0,0,0,0,0,0,0,0,0,0,0,0,0,0.211234,3.256013,4.329709,2.765243,2.764575,8.384847,11.317318,13.585476,12.543086,12.071909,8.953876,10.276279,8.818786,4.099144,3.864106,8.801886,9.147685,7.19364,4.553173,3.310656,2.585976,3.881314,4.72733,1.644123,0.288827,0,0,0,0,0,0,0,0,0,0,0,0,144
0,0,0,0,0,0,0,0.054462,0.543085,1.401526,0.749138,0.671124,0.801799,1.020709,0.965334,0.457279,0.666831,0.896958,2.559236,7.156183,7.286464,8.129546,6.93977,6.220791,8.071491,6.012338,4.268642,1.959484,2.743536,1.666008,2.122097,2.481288,3.263499,5.740391,4.046659,3.742971,3.396271,1.843282,1.420223,0.282264,0,0,0,0,0,0,0,0,0,0,0,115.24
0,0,0,0,0,0,0,0,0,0,0,0,0,0.75249,4.049579,4.541058,4.113774,4.154096,4.603039,2.744815,3.189104,2.483303,2.892072,3.549096,3.351868,6.094836,13.435928,32.730209,27.839158,15.184585,7.173283,1.103706,0,0,0,0,0,0,0,0,0,0,0,0,0,0,0,0,0,0,0,29.2
0,0,0,0,0,0,0,0,0.009005,0.499327,1.653256,1.037722,0.445734,0.695083,0.784936,1.421879,0.981986,0.788433,0.475919,1.966571,13.858495,39.591455,32.28675,22.408911,20.235657,17.300705,9.671639,4.560082,4.183363,5.713373,2.613439,2.585756,2.434079,4.299599,12.447478,4.7877,4.075505,6.783714,3.858025,1.816426,0.306717,0,0,0,0,0,0,0,0,0,0,243
0,0,0,0,0,0,0,0.043245,0.854736,1.190571,1.240603,1.859017,0.307578,0.277259,0.398856,0.779662,2.155378,5.233885,14.589511,10.939059,6.828219,6.342695,10.149815,7.514262,3.177121,1.883045,1.72701,1.248043,2.384119,2.50169,1.983177,3.68402,1.015965,2.648059,4.507863,4.882656,11.033802,8.106672,3.345723,0.203174,0,0,0,0,0,0,0,0,0,0,0,296
0,0,0,0,0,0,0,0,0,0,0,0,0,0.316679,0.522752,0.729644,0.670724,0.194041,0.951394,3.710897,10.105023,19.380789,18.068421,14.264134,14.371598,10.367256,9.715436,3.355827,2.192934,3.525343,1.778009,1.901765,1.11089,1.711675,1.977849,3.456219,1.643536,1.915111,3.862302,2.29012,1.386243,0.074618,0,0,0,0,0,0,0,0,0,130
0,0,0,0,0,0,0,0,0,0,0,0,0,0,0,0.266369,4.58515,7.848496,6.638766,7.287016,5.770296,7.974385,8.513533,7.403391,16.980074,15.73452,16.983218,11.893613,15.890613,5.791527,5.974308,8.301985,5.364827,2.27214,2.588916,2.996067,1.359263,0.004468,0,0,0,0,0,0,0,0,0,0,0,0,0,236.5
0,0,0,0,0,0,0,0,0,0,0,0,0,0,0,0,0.053775,2.659345,11.944234,13.393535,12.576207,10.140895,7.83923,13.39709,11.595433,8.589874,10.693344,11.957421,9.014769,11.406885,9.506937,3.185016,3.886452,2.927805,4.164554,4.040595,2.801783,1.358946,0.035904,0,0,0,0,0,0,0,0,0,0,0,0,218
0,0,0,0,0,0,0,0,0,0,0,0.659399,2.564261,1.938413,2.061659,2.285199,2.042131,3.259381,4.27928,6.452048,12.556412,17.980273,14.772225,13.386119,9.379126,10.418417,10.617186,6.962235,5.374592,8.212553,6.362607,12.955202,11.601861,10.515222,3.52417,2.682816,2.19706,0.282693,0,0,0,0,0,0,0,0,0,0,0,0,0,254
0,0,0,0,0,0,0,0,0,0,0,0,0,0,0,0.425438,0.931863,3.502065,12.148727,11.583042,9.422218,8.583577,7.547707,7.588064,5.284841,3.333353,2.171606,2.316283,3.733538,2.212678,0.948139,2.287996,3.291945,4.072321,3.937828,3.6795,3.46034,4.48341,2.046557,1.868984,0.106808,0,0,0,0,0,0,0,0,0,0,145.5
0,0,0,0,0,0,0,0,0,0.038276,0.308493,0.681109,0.628023,0.67389,0.813671,0.501612,0.310598,1.036034,4.707915,8.371596,9.768292,7.75602,7.802604,7.542244,9.555255,8.319034,12.75663,19.913328,15.979617,12.929206,8.127375,2.490486,0.698798,2.334877,2.519582,1.367204,0,0,0,0,0,0,0,0,0,0,0,0,0,0,0,173.4
0,0,0,0,0,0,0.301458,1.304466,0.857519,0.748947,0.725768,1.427661,0.837938,0.811484,0.796866,0.693603,1.782435,2.893185,8.04087,6.878728,5.395166,5.995469,5.394179,5.898916,4.707187,6.757088,8.657463,12.708373,18.539178,23.418482,13.988389,3.203001,1.501681,1.211454,2.169576,2.686542,0.224917,0,0,0,0,0,0,0,0,0,0,0,0,0,0,210
0,0,0,0,0,0,0.278042,1.167977,1.012123,0.730075,0.628903,1.393662,0.924515,0.974618,0.734002,0.7285,1.771756,3.753427,8.520631,7.062232,5.321282,5.273606,5.251589,5.57613,5.389138,4.819378,12.256389,8.802339,17.431697,23.092623,17.592012,2.073032,1.899903,0.817269,2.22506,2.703862,0.669429,0,0,0,0,0,0,0,0,0,0,0,0,0,0,219
0,0,0,0,0,0,0,0,0.212537,0.938009,1.49555,1.051055,0.290846,0.708613,1.806966,1.364497,1.257324,2.6159,5.412476,6.927904,6.781087,5.908841,5.767869,4.912186,5.589084,2.92636,2.792264,6.787255,5.354524,2.810272,10.12736,9.453801,4.486161,1.152992,1.705859,1.251113,1.383674,2.112252,2.343562,0.946175,0,0,0,0,0,0,0,0,0,0,0,126
0,0,0,0,0,0,0,0,0,0,0,0,0,0,0,0.039975,3.844067,7.123863,4.99189,3.687995,6.701702,11.368646,15.745094,21.024227,19.955001,23.619794,11.180471,15.959525,14.61634,9.71181,6.454836,8.248071,9.060935,5.982532,2.394636,0.038649,0,0,0,0,0,0,0,0,0,0,0,0,0,0,0,276
0,0,0,0,0,0,0,0,0,0,0,0,0,0,0,0,0,2.21091,7.568868,12.515573,21.001383,19.11966,14.593564,9.947848,7.365002,5.010378,4.260446,2.845162,3.564119,2.467632,1.463748,1.529601,2.396108,1.886942,2.610478,2.906865,4.061119,3.0659,8.728563,3.316705,1.315731,0.266785,0,0,0,0,0,0,0,0,0,238
0,0,0,0,0,0,0,0,0,0,0,0,0,0,0,0,0,0,0,0.386814,3.797493,7.492697,22.690791,34.518997,35.578221,26.238706,23.696011,21.66612,15.247427,4.242583,2.309191,3.756999,3.200192,1.972944,1.867053,0,0,0,0,0,0,0,0,0,0,0,0,0,0,0,0,139
0,0,0,0,0,0,0,0,0,0,0,0,0,0,0,0,0,0,0,0,2.119946,10.262141,21.881285,37.294601,38.622709,34.057434,30.899996,22.997649,13.608161,3.355425,4.332264,2.665874,2.828872,2.589814,1.560209,0.11222,0,0,0,0,0,0,0,0,0,0,0,0,0,0,0,167
0,0,0,0,0,0,0,0,0,0,0,0,0,0,0,0,0,0,0,0,0.831554,8.510852,19.785725,40.731537,41.935324,35.612255,30.741676,23.469069,13.212155,3.232405,3.153645,1.931951,3.204483,2.375726,1.586684,0.218618,0,0,0,0,0,0,0,0,0,0,0,0,0,0,0,174.2
0,0,0,0,0,0,0,0,0,0,0,0,0,0,0,0,0,0,0,0,0.70076,8.173977,19.245615,40.183712,42.989311,36.78834,31.646257,23.638251,13.381592,4.695779,3.269384,2.638805,2.288137,2.431119,0.694859,0,0,0,0,0,0,0,0,0,0,0,0,0,0,0,0,173.4
0,0,0,0,0,0,0,0,0,0,0,0,0,0,0,0,0,0,0,0.080384,2.023809,18.699399,32.01055,35.01714,28.876351,28.383879,21.551743,22.011594,8.383989,5.606693,4.79279,6.977734,7.617522,4.077102,1.320679,0,0,0,0,0,0,0,0,0,0,0,0,0,0,0,0,215.8
0,0,0,0,0,0,0,0,0,0,0,0,0,0,0,0,0,0,1.727126,11.890124,15.383779,17.277819,24.202304,29.82357,28.13931,23.287552,20.398267,21.422115,14.575315,11.854954,21.026909,15.738594,4.375582,0,0,0,0,0,0,0,0,0,0,0,0,0,0,0,0,0,0,305
0,0,0,0,0,0,0,0,0,0,0,0,0,0,0,0.227947,1.031689,0.925242,1.569882,0.905229,1.06413,3.593098,21.850108,42.449819,53.035569,39.663255,32.167358,30.7936,11.252836,2.323181,1.99161,0.302661,0.459195,0.643333,0.58844,0.406496,0.396088,0.572309,0.201176,1.100704,1.255488,0.431199,0.610638,0.145502,0.406995,0.501915,0,0,0,0,0,204
0,0,0,0,0,0,0,0,0,0,0,0,0,0,0.073119,1.265243,3.213279,1.314955,2.774804,2.707696,2.308321,3.101866,14.643468,43.717607,58.817197,45.571763,37.206643,23.737194,17.685652,1.990351,1.201925,0.504271,0.88938,0.675208,0.543478,1.007543,0.5166,0.315098,0.233796,0.755227,1.513913,0.348656,0.551429,0.444628,0.644412,0.672817,0.694494,0.188459,0,0,0,229
0,0,0,0,0,0,0,0,0,0,0,0,0,0,0,0.26131,1.074402,0.922974,1.551679,0.811314,0.971238,3.611254,24.054114,62.84144,83.765779,65.139607,52.189427,39.666939,22.958257,2.349686,2.066016,0.363652,0.436284,0.681261,0.532042,0.463856,0.403924,0.608923,0.159683,1.024064,1.328576,0.50394,0.613854,0.135873,0.447823,0.436001,0,0,0,0,0,307.7
0,0,0,0,0,0,0,0,0,0,0,0,0,0,0,0,0,0,0,0,2.733113,15.835756,16.043305,21.596492,29.339937,28.689201,29.400948,11.576933,4.981105,3.588895,1.861078,1.85692,1.915968,0.75755,0.713443,0.397915,0.439021,0.538456,0.580708,1.280042,0.341454,0.461951,0.348518,0.219622,0,0,0,0,0,0,0,121
0,0,0,0,0,0,0,0,0,0,0,0,0,0,0,0,0.109355,2.548952,14.883135,17.436299,16.838203,12.864959,9.298123,9.208898,8.023616,10.93502,15.297579,23.569464,20.876749,20.587331,17.19129,1.614411,0.536455,1.114235,1.535603,1.088168,2.322387,0.985691,1.048026,0.294583,1.066734,0.367633,0,0,0,0,0,0,0,0,0,346.9
0,0,0,0,0,0,0,0,0,0,0,0,0,0,0.108837,2.6983,6.295708,2.952721,5.772076,5.472853,4.67007,9.04523,16.004669,15.978262,13.236686,8.299101,5.452389,3.335725,1.872807,2.921182,2.056008,0.974589,2.138154,1.324656,0.973769,2.03639,1.12002,0.511897,0.582538,2.057384,2.207147,0.811318,1.130808,1.622495,1.093286,1.383908,1.327531,0.236317,0,0,0,139.2
0,0,0,0,0,0,0,0,0,0,0.212461,2.503931,5.991517,3.472071,4.303511,4.459228,5.668035,6.234789,9.778228,11.174284,13.595603,9.812375,8.611962,9.978938,6.735367,4.650834,10.633739,9.198826,9.097059,12.156569,11.847222,23.8959,23.16218,15.144936,3.90549,1.234608,0.00997,0,0,0,0,0,0,0,0,0,0,0,0,0,0,401
0,0,0,0,0,0,0,0,0,0,0,0,0.463872,0.953849,1.118381,0.761331,1.258945,1.179858,1.909694,5.691356,13.436492,16.965987,18.491098,16.733349,13.477058,11.293342,12.069767,5.864157,5.667006,8.924006,4.66124,10.20798,9.185712,8.727867,2.533365,0.523159,0.602684,0.733219,0.093484,0,0,0,0,0,0,0,0,0,0,0,0,204
0,0,0,0,0,0.41874,1.397634,0.18226,1.66206,1.666646,0.411757,0.069967,0.810976,3.828131,1.873401,1.126742,2.129779,1.704572,0.997883,1.705155,3.24418,7.29649,4.114476,4.956766,9.155421,4.456386,7.838673,17.995808,16.056524,10.90306,5.228048,4.504762,2.037706,3.477516,5.635752,3.037648,0.399761,0,0,0,0,0,0,0,0,0,0,0,0,0,0,193
0,0,0,0,0,0,0,0,0,0,0,0,0.087111,0.292233,0.346876,0.99056,0.890345,0.062235,0.412177,1.808141,7.821913,20.052994,19.352889,16.91101,14.556724,8.392792,9.398283,6.144913,3.311987,3.914103,2.194187,2.602314,1.487305,1.856693,2.806216,2.765329,1.48159,2.012177,2.031511,2.287526,0.979906,0,0,0,0,0,0,0,0,0,0,120
0,0,0,0,0,0,0,0,0,0.252903,0.826312,0.994276,0.644389,0.729052,0.436806,1.013193,1.265972,0.838161,0.73418,2.703351,11.166563,26.121432,25.923554,23.651007,19.699706,15.041143,18.390486,10.673738,5.034285,3.444706,2.609131,2.968243,3.044492,3.248763,4.410027,5.1517,2.872378,3.093485,4.255134,2.50675,0.401969,0,0,0,0,0,0,0,0,0,0,203
0,0,0,0,0,0,0,0,0,0,0.296078,1.892037,2.665689,2.199279,2.352594,2.15257,3.342188,3.563856,7.002766,7.287482,6.93261,5.505771,5.749236,6.319557,4.892838,4.165859,7.449567,10.62694,8.201656,15.484441,25.07393,15.630971,3.486256,1.2447,0.888524,0.183985,0,0,0,0,0,0,0,0,0,0,0,0,0,0,0,231
0,0,0,0,0,0,0,0,0.02678,0.499781,1.369493,0.671331,1.040573,0.380403,1.502726,0.664124,0.981489,1.056241,1.248965,2.142646,11.56109,33.709346,42.012823,36.397684,33.502904,25.482005,18.947733,14.811394,6.316488,5.460854,2.822366,2.902775,2.234038,4.798506,10.292505,5.818322,5.225615,5.605678,4.150389,2.100019,0.377927,0,0,0,0,0,0,0,0,0,0,278
0,0,0,0,0,0,0,0,0.014748,0.562194,1.338316,0.905255,0.685963,0.537382,1.052797,1.168464,0.783362,1.183538,0.916959,2.399528,12.621129,37.614833,36.728998,26.943141,22.912747,18.509632,16.777008,6.480392,4.087994,5.258254,3.015971,3.197318,2.314497,4.580964,10.314904,5.674754,5.164554,5.828205,4.03561,2.064164,0.490205,0,0,0,0,0,0,0,0,0,0,256
0,0,0,0,0,0,0,0,0,0.521148,1.227086,1.038886,0.537612,0.649332,1.007909,1.199214,0.742542,0.964536,1.047953,1.976922,4.565957,11.470619,26.412794,33.992396,34.87606,24.939234,18.626809,17.728823,7.647679,2.679125,1.978939,2.411666,1.05201,1.930329,2.415152,4.210798,2.981679,2.724227,4.182358,2.180997,0.610212,0,0,0,0,0,0,0,0,0,0,208
0,0,0,0,0,0,0,0,0.04338,0.476366,1.397564,0.634281,0.861251,0.516947,1.59831,0.726292,0.798158,0.588907,1.539282,2.141681,8.276229,22.292253,33.871279,39.612789,39.439164,28.911581,21.365176,19.201446,9.212759,4.100582,2.407762,1.820507,1.78132,3.08603,6.562686,5.557649,3.590784,4.360642,4.23778,2.148373,0.411011,0,0,0,0,0,0,0,0,0,0,259
0,0,0,0,0,0,0,0,0,0,0,0,0,0,0.268497,0.794424,0.614585,0.390501,0.557469,1.320529,2.891915,15.940926,31.21707,27.282752,23.276572,18.162043,17.932282,10.077794,3.413884,2.186955,1.688469,2.264776,1.137755,1.442834,2.714992,2.963447,2.118197,2.027341,2.34923,2.406365,0.919478,0,0,0,0,0,0,0,0,0,0,150.2
0,0,0,0,0,0,0,0,0,0,0,0,0,0,0,0,0,0.547851,3.569118,8.08649,18.102704,27.618048,36.148569,40.47163,34.684694,21.443375,16.066683,15.278754,6.44847,5.03144,3.187343,4.639891,3.629525,5.938953,6.41766,5.325929,8.438277,4.655894,2.875237,0.056915,0,0,0,0,0,0,0,0,0,0,0,248
0,0,0,0,0,0,0,0,0,0,0,0,0,0,0.124931,3.877166,4.588557,3.888189,8.62767,13.933002,12.582635,8.166211,8.200484,10.662522,5.40324,7.391073,7.693214,10.210924,6.151336,10.046062,10.882977,9.229439,2.878763,4.100865,3.98468,4.479859,4.138805,2.17455,0.106797,0,0,0,0,0,0,0,0,0,0,0,0,232
0,0,0,0,0,0,0,0,0,0.288552,0.571784,0.454715,0.903083,1.014646,0.701075,0.728939,0.401147,0.184602,1.012665,1.526141,5.184864,8.466987,12.026766,18.354483,19.694307,17.108207,14.087873,15.344905,4.256573,1.525421,2.189766,1.86143,0.624793,1.36947,1.142281,1.851534,3.57104,1.44568,2.213623,0.445688,0.534972,0,0,0,0,0,0,0,0,0,0,131
0,0,0,0,0,0,0,0,0,0,0,0,0,0,0,2.542125,9.279459,12.345382,9.525985,7.558781,6.940956,4.324695,3.469294,4.418287,5.233424,3.927399,5.810634,9.906584,13.154038,22.418973,18.31355,16.636741,7.321766,0.088046,0,0,0,0,0,0,0,0,0,0,0,0,0,0,0,0,0,199
0,0,0,0,0,0,0,0,0,0,0,0,0,0,0,0,0,0,1.034172,8.633734,16.290222,23.212674,22.084478,17.388411,16.461288,18.08196,6.110736,2.36033,2.76827,1.724277,2.068171,5.500167,4.958692,5.405479,9.713388,9.021832,2.160466,0.135974,0,0,0,0,0,0,0,0,0,0,0,0,0,158
0,0,0,0,0,0,0,0,0,0,0,0,0,0.69214,4.323361,5.447086,4.422193,4.746607,3.922355,6.144621,4.406042,2.714319,2.700139,2.829482,7.144599,3.887181,4.799495,10.362516,9.386181,7.010572,3.954714,12.146691,13.818981,4.353772,0.124022,0,0,0,0,0,0,0,0,0,0,0,0,0,0,0,0,159
0,0,0,0,0,0,0,0,0,0.017429,0.617613,0.695588,0.593157,0.765203,0.128472,0.760353,1.048814,0.905976,5.561455,17.290129,16.952859,14.609015,13.737499,10.726071,14.312071,14.105535,14.526334,12.660246,14.525731,12.395702,4.381159,2.250429,1.842993,4.318962,5.482706,2.523652,3.528213,4.821841,1.557711,1.236639,0.007181,0,0,0,0,0,0,0,0,0,0,297
0,0,0,0,0,0,0,0,0,0.135638,0.588598,0.851636,0.634767,0.49798,0.318117,0.702061,1.390895,2.057823,8.041293,16.469422,12.964573,11.899989,11.337348,9.456323,10.610987,10.638222,14.792593,14.4783,15.491595,7.162252,3.604837,2.501426,2.399498,4.317564,5.11225,2.748067,5.149826,3.568437,1.811197,0.586687,0,0,0,0,0,0,0,0,0,0,0,285
0,0,0,0,0,0,0.334954,2.732738,0.504568,2.154245,3.159269,1.923991,0.456535,0.522554,0.921313,2.32266,2.233938,12.988668,10.134137,7.188262,7.815771,6.787953,7.75307,6.982153,2.495829,2.703483,3.714722,6.169986,3.747388,5.476366,4.627816,3.067914,8.05138,5.147694,7.84379,16.069331,9.241256,3.246515,0.226852,0,0,0,0,0,0,0,0,0,0,0,0,269
0,0,0,0,0,0,0,0.266475,0.678508,1.672638,0.320719,0.390814,1.224778,0.310604,1.779594,0.82267,0.735848,1.155175,3.091427,9.879812,13.77275,12.336513,10.960636,9.463178,9.236653,6.161828,7.890852,5.643576,10.508884,10.924728,8.871527,9.654935,8.726366,4.500259,2.750878,2.196728,1.803242,1.100371,0.021374,0,0,0,0,0,0,0,0,0,0,0,0,204
0,0,0,0,0,0,0,0,0.004443,0.427367,1.428272,0.711138,0.656272,0.695388,1.401172,0.757758,0.702789,1.060205,1.410859,1.420114,5.142674,14.017284,23.112529,20.890803,18.163092,15.021817,12.321692,9.42807,4.069549,2.308047,1.893216,1.536852,1.023071,1.793127,3.110615,4.528841,2.685358,2.419348,4.249711,2.271186,0.505401,0,0,0,0,0,0,0,0,0,0,152
0,0,0,0,0,0,0,0,0.011064,0.469566,1.386629,0.684331,0.9269,0.488929,1.531583,0.652378,0.744901,1.236191,1.326273,1.920085,8.123554,22.772352,33.681744,30.739659,29.61004,20.642867,16.385483,14.689502,5.902844,3.974336,2.384667,1.729158,1.758186,3.205244,6.482529,5.617628,3.487358,4.389801,4.253172,2.15776,0.390335,0,0,0,0,0,0,0,0,0,0,232
0,0,0,0,0,0,0,0,0,0,0.388229,2.352922,2.425978,2.212195,2.333807,2.532769,3.384867,3.01794,4.944819,7.201253,7.135408,5.995387,6.754601,6.229809,4.256451,5.792898,8.018323,6.125492,13.161298,18.862123,24.183495,9.851556,5.710789,1.300216,0.776924,0.034978,0,0,0,0,0,0,0,0,0,0,0,0,0,0,0,230
0,0,0,0,0,0,0,0,0,0,0,0,0,0,0.263812,3.430308,4.571906,4.512138,5.795562,5.849636,6.8473,7.112278,10.403693,20.937123,16.142,12.154609,20.561232,32.756644,17.618805,5.772629,5.703867,8.190194,4.395354,2.492251,2.533351,2.838557,0.388352,0,0,0,0,0,0,0,0,0,0,0,0,0,0,222
0,0,0,0,0,0,0,0,0,0,0,0,0,0,0,0.089962,2.719156,7.522802,8.797028,6.651875,6.768041,7.574139,8.46121,17.114167,17.537247,13.29792,15.680908,22.868084,21.304932,2.920817,6.721306,8.23826,4.611026,2.509412,2.683113,2.901572,0.409791,0,0,0,0,0,0,0,0,0,0,0,0,0,0,202.8
0,0,0,0,0,0,0,0,0,0,0,0,0,0,0.482513,2.924237,1.350632,2.034063,1.951565,3.687864,8.782833,1.943717,9.714519,14.696217,4.542713,12.922109,23.430493,24.264137,7.035954,1.664242,2.359739,2.723474,4.645446,3.858695,2.337564,0.253045,0,0,0,0,0,0,0,0,0,0,0,0,0,0,0,98
0,0,0,0,0,0,0,0.313714,0.784971,0.81755,0.578043,0.645693,0.345472,0.291479,0.516601,0.820897,0.8248,1.069329,2.985824,9.412173,5.341987,4.580666,12.441568,7.033515,4.17295,17.657354,22.487525,18.857715,3.435244,3.682497,5.579996,4.381887,3.302401,6.140259,4.561206,1.351101,0.033462,0,0,0,0,0,0,0,0,0,0,0,0,0,0,198.2
0,0,0,0,0,0,0,0,0,0,0,0,0,0,0.187064,2.807476,4.194848,6.535384,6.873949,4.86055,4.586242,3.79428,4.320991,5.76367,3.457704,5.229019,5.435754,2.219784,6.947015,10.04083,8.601002,1.969301,2.105135,3.242451,4.593582,3.132984,1.978247,0.338489,0,0,0,0,0,0,0,0,0,0,0,0,0,87
0,0,0,0,0,0,0,0,0,0,0,0.202481,2.453047,3.14923,2.015973,3.215962,4.899586,1.800086,2.110824,1.856293,2.243159,5.621348,5.955902,3.606489,9.217031,6.826069,3.377247,14.500381,14.329906,13.684867,2.011437,3.252839,4.159963,3.92361,3.510584,2.691586,0.20217,0,0,0,0,0,0,0,0,0,0,0,0,0,0,90.5
0,0,0,0,0,0,0,0,0,0,0,0,0,0,0.057903,2.567621,6.55877,5.950293,6.340943,7.589951,10.235317,12.58196,20.921832,14.134629,8.854702,8.896608,11.956153,9.527124,5.577642,8.45307,17.970335,14.425015,6.358233,5.866609,5.699161,2.476412,0.113876,0,0,0,0,0,0,0,0,0,0,0,0,0,0,315
0,0,0,0,0,0,0,0,0,0,0,0,0,0,0,0,0,0.419581,4.989869,6.897885,12.092299,14.048652,11.112775,8.005204,10.373505,8.971323,5.576935,9.76905,9.405471,8.313559,5.821606,3.850516,3.866597,6.494853,3.265479,0.88025,0,0,0,0,0,0,0,0,0,0,0,0,0,0,0,91
0,0,0,0,0,0,0.002631,1.047061,0.736428,0.464771,1.465435,1.435536,0.430141,0.149171,0.372313,1.027894,0.965096,1.459059,5.982668,6.499377,10.37755,12.360454,9.629816,11.530483,6.678435,3.183447,2.064138,3.757557,4.656856,3.757251,2.216096,1.60334,5.203815,4.282777,3.299326,6.505762,4.426496,2.71968,2.672876,1.628923,0,0,0,0,0,0,0,0,0,0,0,204
0,0,0,0,0,0,0,0,0,0,0,0,0,0,0,0,0.305053,3.874094,7.409389,5.506933,8.496277,11.558944,6.418178,5.161188,5.5343,4.032639,6.444895,9.849407,8.894414,7.725905,5.450751,3.692996,3.495275,6.52741,2.978112,0.58831,0,0,0,0,0,0,0,0,0,0,0,0,0,0,0,70.5
0,0,0,0,0,0,0,0,0,0,0,0,0,0,0,0,0,0,0.662028,2.458661,9.711056,7.504545,8.696197,16.499165,17.82837,33.82219,31.758187,31.16303,24.451435,2.291957,0,0,0,0,0,0,0,0,0,0,0,0,0,0,0,0,0,0,0,0,0,233.4
0,0,0,0,0,0,0,0,0,0,0.786907,2.951271,2.151016,2.393679,2.200682,3.172521,4.002441,4.287196,5.403762,5.329959,4.099645,5.378801,7.189246,4.844218,3.202193,9.925799,9.712345,11.487302,23.742396,30.69017,20.922119,4.813402,1.133162,0.993027,0.400571,0,0,0,0,0,0,0,0,0,0,0,0,0,0,0,0,273
0,0,0,0,0,0,0,0,0,0,0,0,0,0,0,1.599688,5.469444,4.174349,5.141629,5.021957,6.388146,10.366157,5.340533,20.495657,24.418762,13.934436,12.343053,22.056688,14.727042,5.216062,6.349153,7.634514,5.287611,2.27626,2.532717,3.066777,1.177726,0,0,0,0,0,0,0,0,0,0,0,0,0,0,255.5
0,0,0,0,0,0,0,0,0,0,0,0,0,0,0,0.014466,2.41926,9.47099,8.747484,8.086047,6.399473,8.011732,8.217928,7.269825,15.144826,12.773067,13.773152,17.742151,11.112351,4.392698,5.77745,7.553115,7.08747,3.645363,2.233383,2.895493,2.006478,0.147209,0,0,0,0,0,0,0,0,0,0,0,0,0,246.2
0,0,0,0,0,0,0,0,0,0,0,0,0,0,0,0.407057,6.240889,8.339185,5.058841,6.735347,4.838304,8.26276,8.746915,6.3199,17.846629,17.350735,18.138912,13.290187,13.229705,3.390009,4.59177,8.963047,5.209168,3.482152,2.517167,2.640481,2.334405,0.217147,0,0,0,0,0,0,0,0,0,0,0,0,0,238
0,0,0,0,0,0,0,0,0,0,0,0,0,0,0,0,0,0,0.181156,5.655689,21.600315,28.534364,30.232542,22.741557,20.106023,24.763576,12.760249,4.7901,4.030312,3.549141,4.05209,6.443279,4.784923,3.316328,5.676472,3.334421,0.779592,3.375944,5.834192,2.290432,0.086354,0,0,0,0,0,0,0,0,0,0,216
0,0,0,0,0,0,0,0,0,0,0,0,0,0,0,0,0,0.649885,6.84283,16.420366,15.731857,16.13359,24.06208,11.466206,7.717341,5.873189,3.946216,5.745118,1.950615,4.087841,3.603796,3.872273,4.579495,4.645655,9.845381,3.460907,0.202208,3.878443,5.548078,0.32039,0,0,0,0,0,0,0,0,0,0,0,197.2
0,0,0,0,0,0,0,0,0.336814,0.907187,1.106652,0.789776,0.649475,0.709841,1.268672,0.591429,0.357458,0.812043,0.251598,0.788641,3.962054,11.47829,22.600643,21.570926,18.290431,16.774714,11.166108,6.456072,1.834989,2.68092,1.920201,1.362268,2.589022,4.816241,5.534964,3.667079,2.788478,2.010494,0.829056,1.48336,0.276413,0,0,0,0,0,0,0,0,0,0,208
0,0,0,0,0,0,0,0,0,0,0,0,0,0,0,2.118962,6.530392,5.520712,5.313913,6.995634,6.048418,2.925262,2.198235,5.282514,7.404922,4.905431,10.133701,9.502953,6.289035,18.596833,15.471769,8.675053,1.313581,1.36629,0,0,0,0,0,0,0,0,0,0,0,0,0,0,0,0,0,104
0,0,0,0,0,0,0,0,0,0.195273,0.545732,1.670364,0.182253,0.819027,0.876539,3.268267,3.742388,2.377079,3.822989,3.882523,5.648221,12.263263,13.026676,14.174307,10.891833,6.309768,3.969053,2.627331,2.720843,3.816998,1.237079,1.966536,1.120204,1.388943,1.833319,2.378134,2.117354,1.549729,2.4075,4.03899,2.455231,0.529994,0.431624,0.831841,0.412542,0.921715,0.424089,0.092998,0,0,0,185
0,0,0,0,0,0,0,0,0,0,0,0,0,0,0.287167,3.255444,4.174069,3.378606,6.42696,11.098193,8.12784,9.082679,10.280443,7.390325,4.923778,4.171206,5.975809,4.978083,2.239714,8.820923,9.074389,8.658182,4.271899,4.383171,1.843836,4.826634,4.191091,0.831389,0,0,0,0,0,0,0,0,0,0,0,0,0,130
0,0,0,0,0,0,0,0,0,0,0,0,0,0,0,0,0,0.555269,3.599921,6.838784,12.544517,12.702275,14.405477,17.447488,12.938248,11.376024,9.977665,6.180258,5.549089,4.521123,4.305083,3.945775,2.827674,1.784438,2.580464,3.021223,5.101993,2.112063,0.331868,0,0,0,0,0,0,0,0,0,0,0,0,114
0,0,0,0,0,0,0,0,0,0,0,0,0,0.036968,2.062151,4.900803,4.502913,4.313481,3.993402,3.154785,4.049219,3.246893,3.87748,4.533425,5.172313,5.564595,6.529196,7.432272,6.708047,8.007719,3.03922,3.304671,2.596322,1.118022,1.528066,2.059459,1.000546,1.292021,1.508173,0.964795,1.274392,0.177339,0,0,0,0,0,0,0,0,0,69.5
0,0,0,0,0,0,0,0,0.211189,0.7845,1.20013,1.395738,0.876024,0.382843,1.383916,1.613335,1.405181,2.427099,4.400036,13.287228,12.32005,13.174077,11.873836,12.033564,11.531627,9.227558,6.834883,10.097156,10.209326,8.630261,12.157942,9.10609,4.095283,2.267918,2.565292,0.952019,2.460442,3.11775,2.822115,1.892335,0.79238,0.032998,0,0,0,0,0,0,0,0,0,292
0,0,0,0,0,0,0,0,0,0,0,0,0,0.277732,0.744355,0.397587,1.023309,3.594266,12.01956,14.928335,10.968565,8.167584,6.473729,7.1881,7.298136,7.698317,12.800988,19.801853,17.352114,12.533337,9.785001,5.801137,3.514601,3.012682,3.068396,2.647372,1.130753,0,0,0,0,0,0,0,0,0,0,0,0,0,0,267
0,0,0,0,0,0,0,0.627797,0.779692,1.217219,0.550772,0.408382,1.507248,1.11803,0.342322,2.839596,3.911101,2.894479,4.26103,7.340505,7.634004,5.463818,6.699501,5.269669,7.283868,3.492631,3.53623,3.182118,1.895412,3.155373,2.464568,3.284391,4.820692,5.591607,6.547608,5.82891,5.365643,3.032779,0.078005,0,0,0,0,0,0,0,0,0,0,0,0,184
0,0,0,0,0,0,0,0,0,0,0,0,0,0,0,0,0.154461,3.819464,10.473928,11.765698,12.26694,15.542733,9.267952,4.903625,3.85811,4.603756,3.662903,3.37401,4.873819,6.825251,5.649065,9.424972,16.746473,10.606785,0.222145,0,0,0,0,0,0,0,0,0,0,0,0,0,0,0,0,186
0,0,0,0,0,0,0,0,0,0,0,0,0,0,0,0,0.208137,3.043325,4.925491,11.822736,18.785069,18.278015,18.108515,11.4275,12.44471,12.522224,4.440745,3.131915,4.043291,7.440929,4.995561,9.125209,13.871039,15.547389,3.73643,0,0,0,0,0,0,0,0,0,0,0,0,0,0,0,0,208
0,0,0,0,0,0,0,0,0,0,0,0,0,0,0,0,0,0.461794,3.435543,7.209056,14.049408,23.276587,22.230954,25.677403,20.632644,10.639377,11.1928,5.1726,3.627669,3.401683,2.734525,4.197608,3.012153,3.577677,5.122803,3.267498,6.416191,5.324938,1.79656,0.034901,0,0,0,0,0,0,0,0,0,0,0,156.6
0,0,0,0,0,0,0,0,0,0,0,0,0,0,0,0,0,0.421044,3.609625,7.914342,19.150881,31.691344,29.792668,32.249033,24.16647,14.78641,13.892572,6.894375,4.790774,4.668179,3.073963,4.4435,3.8609,6.078191,7.036407,5.080029,8.427673,5.226872,2.175988,0,0,0,0,0,0,0,0,0,0,0,0,218
0,0,0,0,0,0,0,0,0,0,0,0,0,0,0,0.031595,1.107338,4.847467,8.385102,12.728006,12.905812,15.321356,15.499483,14.013737,10.957361,6.69217,2.055036,2.842083,3.276468,2.988241,4.148306,4.128132,5.20533,5.231161,4.475844,6.987325,7.772042,3.158862,0.701785,0,0,0,0,0,0,0,0,0,0,0,0,168
0,0,0,0,0,0,0,0,0,0,0,0,0,0,0,0,1.954859,6.517147,9.534231,8.852905,16.814248,18.496787,15.854913,15.854302,11.483198,12.283288,6.712802,2.684148,2.37387,2.268577,2.533703,3.738929,4.959127,5.778819,6.793235,6.949651,8.347515,4.441322,1.342646,0,0,0,0,0,0,0,0,0,0,0,0,180
0,0,0,0,0,0,0,0,0,0,0,0,0.007589,3.208959,5.187837,3.802005,2.525884,4.283168,9.471793,8.758837,7.269516,8.271372,11.513798,5.042116,3.001132,3.387123,5.373076,3.406184,3.53172,4.181753,3.507845,4.83818,6.032857,6.784665,9.289984,9.882722,4.353749,1.202057,0,0,0,0,0,0,0,0,0,0,0,0,0,203
0,0,0,0,0,0,0,0,0,0,0,0,0,2.70865,5.044248,4.103205,2.418177,3.429314,5.015061,8.323972,11.205052,12.371604,14.105562,8.907912,6.680938,9.499092,7.073628,3.157324,3.622744,4.468903,3.846129,4.205101,6.080221,6.985767,8.630503,10.072025,5.227334,1.278475,0,0,0,0,0,0,0,0,0,0,0,0,0,216
0,0,0,0,0,0,0,0,0,0,0,0,0,0,0,0.45682,4.331782,4.658288,4.449159,9.815583,15.43051,12.465828,11.564708,11.56508,7.04439,2.869026,4.910996,4.125071,2.213383,2.039927,2.237703,3.109889,3.87995,5.792668,5.305089,6.256384,6.763719,3.676008,0.14562,0,0,0,0,0,0,0,0,0,0,0,0,165.4
0,0,0,0,0,0,0,0,0,0,0,0,0,0.060118,1.820363,4.621659,5.49011,5.000212,4.029464,4.572091,3.668764,3.749429,4.234983,3.611528,4.352869,3.920371,5.660162,5.495348,7.483883,5.252739,2.439713,4.048777,6.246932,3.092137,1.989224,2.265768,0.975362,2.56409,1.161364,0.443698,0,0,0,0,0,0,0,0,0,0,0,95.4
0,0,0,0,0,0,0,0,0,0,0,0,0,0.154543,1.868831,3.397082,3.361141,3.585767,4.075952,7.488293,9.344451,7.396214,7.797316,6.430441,9.821939,6.543216,4.534551,9.011238,7.058603,8.127895,5.990596,10.25562,13.485738,5.807042,0.34738,0,0,0,0,0,0,0,0,0,0,0,0,0,0,0,0,176.5
0,0,0,0,0,0,0,0,0,0,0,0.5111,0.929635,0.460124,1.550265,1.155637,0.605733,0.411547,2.68632,4.604344,12.873836,18.374916,17.684742,12.403641,10.767067,13.963787,17.175621,5.119757,2.293985,2.235037,0.522431,0.415672,1.169638,1.868762,1.135623,0.829122,1.262267,2.123107,4.79472,5.410597,3.509408,0.759609,0,0,0,0,0,0,0,0,0,202
0,0,0,0,0,0,0,0,0,0,0.421234,1.954254,0.498897,1.052983,1.454204,0.998826,0.630701,1.022149,2.227205,5.306806,9.961444,13.742394,8.511491,9.506434,13.399343,9.352551,4.283443,3.676374,4.361563,2.709101,0.851772,0.887655,0.939559,0.460223,0.302466,2.136646,1.9822,2.146537,1.827729,6.646205,2.586172,1.072717,0.045752,0,0,0,0,0,0,0,0,208
0,0,0,0,0,0,0,0,0.091952,1.057561,2.545098,1.822045,1.62241,0.911239,2.59142,1.916108,2.274446,1.924462,3.371074,8.458492,17.32007,14.345559,11.865745,11.758762,8.386753,5.246726,4.320489,4.022069,6.212436,4.757984,8.028151,3.76843,2.811726,4.135224,5.089188,5.275386,3.885566,4.265045,4.370351,4.067997,0.713315,0,0,0,0,0,0,0,0,0,0,282
0,0,0,0,0,0,0,0,0,0,0,0,0,0,0,0.885638,3.681984,2.511927,5.952835,8.633993,18.47212,21.082206,14.086562,11.961789,11.703947,8.131733,9.231146,6.833292,8.756103,7.604194,5.936682,6.152929,5.499185,7.786672,6.198915,6.168569,2.651279,1.557622,0,0,0,0,0,0,0,0,0,0,0,0,0,217
0,0,0,0,0,0,0,0,0.082637,0.575815,1.215566,1.07911,0.635453,0.432157,1.144703,1.326476,2.622334,2.8131,5.201437,6.371,9.417433,8.868785,6.179586,5.034548,6.676814,5.127304,4.573667,4.347125,4.342881,4.966665,3.559876,4.23074,3.501133,3.594223,3.345862,3.795563,2.128706,1.947081,2.134159,2.066919,0.47978,0,0,0,0,0,0,0,0,0,0,150
0,0,0,0,0,0,0,0,0.0025,0.581084,1.101084,1.17154,0.660795,0.506309,0.87238,1.245927,0.887254,1.559094,1.112733,4.06029,11.663939,17.842364,15.346099,13.458092,16.558588,8.674755,8.931563,3.842221,3.495791,5.038033,4.709199,5.259684,2.63346,3.036156,3.117776,4.337639,3.098693,2.815783,2.121386,2.073873,0.566978,0,0,0,0,0,0,0,0,0,0,175
0,0,0,0,0,0,0,0,0,0,0,0,0,0,0,0.459164,2.985648,4.209141,7.789262,11.540102,8.785871,8.844051,6.588914,5.14865,7.298373,5.141131,8.338794,6.447436,5.704,7.580619,5.131242,6.518625,5.729048,4.200381,4.489574,5.120344,0.832339,0,0,0,0,0,0,0,0,0,0,0,0,0,0,144
0,0,0,0,0,0,0,0,0,0.339165,0.733275,1.624261,0.324032,0.783426,0.652189,1.295733,0.858147,0.649765,1.43492,1.385809,5.29362,11.860686,17.775996,24.123072,22.750599,21.361284,18.560782,12.522589,5.10328,2.878802,2.455989,1.567291,1.057217,1.46875,0.992419,2.721684,1.514483,1.941084,3.853891,2.200244,1.880443,0.103593,0,0,0,0,0,0,0,0,0,162.13
0,0,0,0,0,0,0,0,0,0.368907,0.740819,1.709877,0.226519,0.805168,1.017671,3.13205,1.659221,1.796219,2.725934,3.202935,5.728514,10.499798,11.809503,13.783504,11.645398,11.311204,8.644522,2.725417,3.60633,2.687988,2.243818,1.985641,0.66082,1.172938,1.474985,2.492827,1.860797,2.321271,3.474472,2.869017,1.565068,0.382471,1.002936,0.05595,0.561559,0.164545,0,0,0,0,0,159.24
0,0,0,0,0,0,0,0,0,0.243173,0.676475,1.763009,0.157254,0.71269,0.778041,1.42918,0.692092,0.888235,0.580824,1.399575,9.151475,12.418189,14.824116,15.143032,17.636444,17.063557,13.322379,3.672504,1.952068,1.850208,2.231363,2.522209,1.432945,1.149743,1.473126,1.909364,1.377727,3.502054,3.029192,2.168255,1.948329,0.621625,0.266977,0,0,0,0,0,0,0,0,130.7
0,0,0,0,0,0,0,0,0,0.348801,0.777785,1.397177,0.518527,0.570108,0.863858,1.356511,1.100461,1.833095,1.626548,3.221878,7.140706,20.582455,26.731762,24.350333,16.304417,15.798563,16.262094,9.747794,4.204577,3.162735,2.987172,2.055775,2.810099,3.359035,2.813649,2.235219,2.09396,2.361816,2.831527,3.230641,2.959061,1.551287,0.076793,0,0,0,0,0,0,0,0,250
0,0,0,0,0,0,0,0,0,0.372166,1.195333,1.430754,0.304076,0.639973,1.283629,2.792691,2.098128,2.172003,1.565409,2.242058,9.489963,15.905975,15.472742,19.759675,27.233591,17.962247,9.775972,4.203718,3.865503,3.608139,3.312152,2.003706,0.977555,2.088107,1.339735,3.053222,2.574554,2.40314,3.958773,3.672627,1.897135,0.547146,1.173666,0.321397,0.485921,0.318312,0.070628,0,0,0,0,259
0,0,0,0,0,0,0,0,0,0,0,0,0,0,0.117799,0.722487,1.647955,1.458472,2.124825,3.537641,5.405183,15.688315,18.878278,20.466312,17.606392,12.018907,8.660331,6.322337,2.755958,2.726835,1.884256,2.470964,2.895093,1.982994,1.23029,2.860075,0.720136,0.980189,1.70221,1.748864,0.823871,0.020707,0.368233,0.63705,0.511511,0.881554,0.381325,0,0,0,0,97
0,0,0,0,0,0,0,0,0,0,0,0,0,0,0,0,0,0.460858,3.407909,7.244146,12.324561,19.888913,28.398354,34.916953,31.093904,17.161594,13.32081,13.868768,5.324383,3.589489,2.735123,4.1692,2.977345,3.626411,5.050677,3.419587,6.586745,5.300528,1.573746,0.026787,0,0,0,0,0,0,0,0,0,0,0,191.1
0,0,0,0,0,0,0,0,0,0,0.037518,0.862795,0.655496,0.565563,0.366375,0.688257,0.975454,2.527511,5.437847,13.504316,15.272434,16.099279,15.13255,13.211578,13.401446,17.32572,17.519799,14.455305,14.740336,8.125297,3.1181,2.582827,2.305154,4.385048,5.084644,2.79851,5.179885,3.671204,1.84413,0.60764,0,0,0,0,0,0,0,0,0,0,0,285
0,0,0,0,0,0,0,0,0.178689,0.628187,1.576905,0.688345,0.671432,1.10026,1.05867,0.697912,1.63847,3.299647,7.903186,11.363233,12.352413,9.818209,9.518664,10.908563,12.077628,8.927904,6.357031,6.783464,7.952637,7.277952,3.930423,2.76824,3.263599,3.70879,4.563829,2.813323,6.524895,4.940064,2.306573,1.47089,0.083161,0,0,0,0,0,0,0,0,0,0,191
0,0,0,0,0,0,0,0,0,0,0,0,0,0,0,0,0,0.005127,2.352541,5.532375,13.399393,26.335559,29.247506,24.542452,21.368329,17.576299,14.656272,7.127367,3.602034,3.956565,2.56201,3.515415,3.677219,3.527585,5.575232,4.287132,6.365628,4.274446,1.603931,0.054812,0,0,0,0,0,0,0,0,0,0,0,168
0,0,0,0,0,0,0,0,0,0,0,0,0,0,0,0,0,2.99197,14.440093,13.211351,14.145416,16.411396,13.51781,8.160511,4.470278,4.045715,4.140532,2.536667,3.426133,4.059853,3.482425,4.170615,4.500133,5.707739,9.49187,9.211491,3.907102,2.24569,0,0,0,0,0,0,0,0,0,0,0,0,0,163.4
0,0,0,0,0,0,0,0,0,0,0,0,0,0,0,0,0,0,0,0,0,0.719061,13.93622,26.198825,35.668878,26.33408,19.966673,23.032414,18.362004,1.600975,0,0,0,0,0,0,0,0,0,0,0,0,0,0,0,0,0,0,0,0,0,113.7
0,0,0,0,0,0,0,0,0,0,0,0,0,0,0,0,0,0,0,0,0,0.570491,12.440155,27.228823,38.868064,27.052588,20.409413,25.158296,17.33183,1.27861,0,0,0,0,0,0,0,0,0,0,0,0,0,0,0,0,0,0,0,0,0,104.9
0,0,0,0,0,0,0,0,0,0,0,0,0,0,0,0,0,0,0,0,0,1.594028,19.684805,31.254146,38.44735,25.321115,27.038589,29.186374,21.50644,2.545143,0,0,0,0,0,0,0,0,0,0,0,0,0,0,0,0,0,0,0,0,0,134
0,0,0,0,0,0,0,0,0,0,0,0,0,0,0,0,0,0,0,0,0.102305,2.458037,18.223458,32.822997,39.683626,23.624802,22.947252,29.904418,23.409021,2.573394,0,0,0,0,0,0,0,0,0,0,0,0,0,0,0,0,0,0,0,0,0,127
0,0,0,0,0,0,0,0,0,0,0,0.125902,0.558762,1.221267,0.738807,0.768311,1.05543,1.145924,2.031295,3.847198,9.114304,18.374703,26.915468,26.432151,20.668508,16.368491,15.292328,15.231937,7.102479,7.999477,6.559128,10.73339,10.011009,6.857951,4.440377,0.265231,0,0,0,0,0,0,0,0,0,0,0,0,0,0,0,254
0,0,0,0,0,0,0,0,0,0,0,0,0,0,0,0,1.154079,4.722262,4.326962,4.150578,7.872605,13.061326,19.740429,35.267379,39.800476,28.743928,23.083719,20.488406,11.032533,1.139245,1.921956,0.980739,2.50192,2.65479,4.755875,5.417381,4.576931,3.502457,1.085273,0,0,0,0,0,0,0,0,0,0,0,0,241
0,0,0,0,0,0,0,0,0,0,0,0,0,0,0,0,0,0,0,0,0,0.300424,9.354025,33.679844,46.961444,38.328974,30.576706,26.887057,16.056783,1.040413,0,0,0,0,0,0,0,0,0,0,0,0,0,0,0,0,0,0,0,0,0,171.3
0,0,0,0,0,0,0,0,0,0,0,0,0,0,0,0,0,0,0,0,0,0.520358,14.3846,32.493767,41.238583,30.120373,29.613947,26.029297,18.360829,1.951156,0,0,0,0,0,0,0,0,0,0,0,0,0,0,0,0,0,0,0,0,0,171.6
0,0,0,0,0,0,0,0,0,0,0,0,0,0,0,0,0,0,0,0,0,1.05057,10.564219,29.29244,44.73223,39.038776,32.966639,27.182097,14.156455,0.678114,0,0,0,0,0,0,0,0,0,0,0,0,0,0,0,0,0,0,0,0,0,179.3
0,0,0,0,0,0,0,0,0,0,0,0,0,0,0,0,0,0,0,0,0,0.2727,10.839291,38.133651,54.578209,46.411522,37.14848,26.832407,21.554845,0.488525,0,0,0,0,0,0,0,0,0,0,0,0,0,0,0,0,0,0,0,0,0,206
0,0,0,0,0,0,0,0,0,0,0,0,0,0,0,0,0,0,0,0,0,0.259335,11.400316,41.524576,59.386222,50.643296,40.361282,28.308919,23.6482,0.528223,0,0,0,0,0,0,0,0,0,0,0,0,0,0,0,0,0,0,0,0,0,224
0,0,0,0,0,0,0,0,0,0,0,0,0,0,0,0,0,0,0,0,0,0.2745,11.840114,44.730362,64.515144,54.929446,43.829988,29.915938,25.424882,0.635716,0,0,0,0,0,0,0,0,0,0,0,0,0,0,0,0,0,0,0,0,0,242
0,0,0,0,0,0,0,0,0,0,0,0,0,0,0,0,0,0,0,0,0,0.265021,12.225243,47.790399,69.87099,58.952276,47.45289,31.627293,27.134387,0.567372,0,0,0,0,0,0,0,0,0,0,0,0,0,0,0,0,0,0,0,0,0,262
0,0,0,0,0,0,0,0,0,0,0,0,0,0,0,0,0,0,0,0,0,0.291984,12.338172,52.471961,73.931679,62.657319,51.160134,34.216988,28.537736,0.622657,0,0,0,0,0,0,0,0,0,0,0,0,0,0,0,0,0,0,0,0,0,279
